name,latitude,longitude,ndbi
ASHTA 2,42.01168611,19.55194167,0.30874038
Banja / Banjë,40.96,20.068,0.33673292
Bele 1/2,42.06903611,20.46006667,0.00078614504
Bishnica 1/2,39.9169,20.1374,-0.16523579
Bistrica 1,39.9116,20.1047,-0.06187804
Cernaleve 1/2,42.02941667,20.55555278,-0.13311225
Fangu,41.705833,19.770278,-0.056490082
Fierza,42.2514,20.0431,0.49251923
Ftere 1,40.11119167,19.87758889,-0.15780342
Holta,40.92728056,20.22091667,-0.09968966
Koman,42.1033,19.8224,0.1070969
Lanabregas,41.3428,19.8964,-0.08016463
Langarica 1/2/3,40.3098,20.47698056,0.030606173
Lenie,40.76601389,20.39604444,-0.21635474
Lura 1/3,41.81460833,20.21796944,-0.06457559
Moglicë,40.6939862,20.439501,0.13684605
Oresheke,42.02874167,20.53076389,-0.10507516
Peshqesh,41.705833,19.770278,-0.056490082
Pobreg,42.085925,19.79325278,-0.20320244
Prelle,41.69380833,20.0131694,-0.117811546
Qarrishta 1,41.21956111,20.30383333,-0.118042715
Shkalle,41.579025,20.12165833,-0.0120314285
Shkopet,41.6796,19.8305,-0.17949013
Sllabinje,40.96899722,20.51337222,-0.12322683
Stravaj 2,41.0057,20.425,-0.16714092
Topojan 1/2,41.98756111,20.52793889,-0.08823397
Ulez,41.6796,19.8936,0.21548745
Vau i Dijes,42.0137,19.6359,0.1680429
Vlushe,40.506225,20.310079,-0.04910237
Argel,40.3786,44.6069,-0.02824899
Arzni,40.2968,44.5875,-0.06932677
Harzdan,40.5078,44.7606,-0.051253058
Qanaqer HPP,40.2226,44.5134,-0.13044192
Sevan,40.5522,44.9513,-0.06362748
Shamb,39.4743,46.1306,0.021591702
Spandaryan,39.6494,45.85,0.053024255
Tatev,39.3956,46.2578,-0.02721218
Yerevan-1 HPP,40.191,44.484,-0.028869605
Yerevan-3 HPP,40.1642,44.5009,-0.14069235
Abwinden-Asten,48.248,14.4305,-0.07352395
Altenmarkt,47.71944444,14.67222222,-0.046405144
Altenwörth Altenwoerth-KW - Altenwoerth Hydroelectric Power Plant Austria,48.374728,15.855343,0.037362047
Annabrücke Annabruecke Hydroelectric Power Plant Austria - Annabruecke Hydroelectric Power Plant Austria,46.561407,14.479829,-0.007882228
Arnstein,47.0167,15.1667,-0.3038277
Aschach,48.3853,14.023,-0.06260431
Bischofshofen,47.407,13.2205,-0.117815636
Bodendorf mur,47.107688,14.065071,-0.15910465
Bodendorf paal,47.107717,14.065156,-0.16089743
Braunau-Simbach,48.244,13.006,-0.47363642
Brennerwerk-M1,47.126999,11.453,0.012943889
Bärenwerk,47.2166667,12.8166667,-0.2259808
Böckstein,47.79940564,13.04399014,0.11635412
Bösdornau Boesdornau-KW - Boesdornau Hydroelectric Power Plant Austria,47.15192,11.833298,-0.13484795
Debant_1-M1,48.257999,16.389999,-0.0016219376
Dießbach,47.5166667,12.8333333,-0.19075477
Dionysen,47.41,15.214,-0.17594613
Dorferbach-KW,47.02,12.362,-0.23609449
Edling Edling-KW - Edling Hydroelectric Power Plant Austria,46.628959,14.701371,-0.017465891
Ering-Frauenstein,48.29207045,13.1589383,-0.12411738
Feistritz-Ludmannsdorf,46.5347,14.1712,0.034136377
Feldkirchen,46.8638,13.3355,0.00012509308
Feldsee Kraftwerk Feldsee - Feldsee Pumped Storage Power Plant Austria,46.9985746,13.0418733,0.16768163
Ferlach Maria Rain,46.5462,14.2985,0.0070940237
Fisching,47.1743,14.723143,-0.27112865
Friesach,47.186513,15.336014,-0.0898349
Funsingau,47.2354,12.0583,-0.23624101
Gabersdorf,46.7772,15.5842,-0.11542874
Gaming,48.1766,16.4813,-0.09463297
Gamp,47.6833333,13.1,0.028642807
"Garsten st, ulrich",48.018488,14.411714,0.025418252
Gemeinschaftskraftwerk inn,47.062954,10.662868,-0.27389398
Gerlos,47.2342,11.8997,-0.079941526
Gmuend-Speicher,47.932999,13.797,-0.06448247
Gralla,46.828285,15.566222,-0.04983831
Gratkorn,47.1333,15.35,-0.20572488
Graz puntigam,47.039749,15.442537,0.050340228
Greifenstein,48.3553,16.2424,-0.035739638
Gries,47.287673,12.885052,-0.15621187
Großraming,47.892954,14.512341,0.013909589
Gunggl,47.09048,11.792702,-0.28770941
Gössendorf,46.997841,15.467519,0.011803281
Heinfels-M1,46.748001,12.434,-0.19769143
Hieflau,47.6,14.7333,-0.35071465
Hierzman-Speicher,47.016998,15.125,-0.30706295
Hintermuhr,47.79940564,13.04399014,0.11635412
Häusling Haeusling-KW - Haeusling Pumped Storage Power Plant Austria,47.146432,11.967219,-0.22442876
Imst,47.212246,10.721519,-0.10369074
Jochenstein,48.5184,13.7076,-0.040461224
KW Amlach,46.8142,12.7618,-0.11465567
KW Jenbach,47.3932,11.7886,0.06848938
KW Kaunertal,47.0678,10.6652,-0.051635362
KW Kühtai,47.2078,11.0057,-0.14036229
KW Silz,47.2696,10.9678,-0.06687346
Kalsdorf,46.944097,15.50363,-0.0666506
Kalserbach-M1,46.923,12.601,-0.15611313
Kaprun Limberg II,47.1985,12.7223,-0.30817086
Kaprun Oberstufe,47.1968,12.7192,0.047952406
Kaprun main stage,47.2591,12.7389,-0.2414127
Kellerberg,46.67,13.6886,-0.35590366
Kirchbichl-M1,47.515999,12.088,-0.08536567
Klaus,47.8314,14.1572,-0.12728298
Kopswerk I - Kops I Hydroelectric Power Plant Austria,46.976121,10.05145,-0.3675055
Kopswerk II,46.975,10.043,-0.18459293
Koralpe Koralpe Pumped Storage Power Plant Austria - Koralpe Pumped Storage Power Plant Austria,46.6407766,14.9488018,-0.10414976
Kraftwerk Alberschwende,47.470464,9.862094,-0.26692113
Kraftwerk Kamering,46.738998,13.594,-0.20630258
Kraftwerk Oschenik,46.987999,13.106,0.009436679
Kraftwerk Schuett,46.570999,13.722,-0.12667398
Kraftwerk Woella,46.875,13.138,0.07365106
Kraftwerk Wurten,46.987999,13.106,0.009436679
Kraftwerk Zirknitz,47.009998,13.01,-0.0702368
Kraftwerk außerfragant Kraftwerk Ausserfragant,46.9380556,13.1097222,-0.26187822
Kreuzbergmaut,47.4412,13.2108,-0.09275349
Kreuzeck days storage,46.8727,13.3117,-0.10875895
Krippau,47.703511,14.689298,-0.104545444
Landl,47.651131,14.750286,-0.18011057
Langkampfen-M1,47.560001,12.139,-0.13168555
Latschau Latschau Hydroelectric Power Plant Austria - Latschau Hydroelectric Power Plant Austria,47.0739,9.8749,0.06832674
Laufnitzdorf,47.3,15.3167,-0.37939394
Lavamünd Lavamuend-KW - Lavamuend Hydroelectric Power Plant Austria,46.643429,14.937028,-0.007572346
Lebring,46.8522,15.5383,-0.14602256
Leoben,47.3833,15.1,-0.077656485
Losenstein,47.9243,14.4367,-0.2124439
Lünerseewerk,47.074,9.874,0.038427822
Malta Secondary school,47.0659,13.3539,-0.116420776
Malta main stage,47.0659,13.3539,-0.116420776
Malta unterstufe Malta-Unterstufe-KW - Malta Unterstufe (Moellbruecke) Hydroelectric Power Plant Austria,46.8332,13.360071,-0.21589121
Mandling,47.4,13.5667,-0.3173574
Mayrhofen,47.1581,11.8501,0.0031371766
Melk,48.2232,15.3042,-0.059082396
Mellach run power plant,46.910999,15.486,-0.020869693
Mühlrading,48.131686,14.473996,0.043146785
Nassfeld,47.05,13.05,-0.21424916
Neuötting,48.2497963,12.69110217,-0.12753676
Niklai,46.8167,13.3167,-0.28879628
Nussdorf near Vienna,48.259257,16.369185,-0.030313745
Oberaudorf Ebbs,47.6413,12.1989,-0.05789856
Obervermuntwerk,46.9271,10.0539,-0.1250891
Obervermuntwerk II,46.936111,10.0625,-0.18549018
Obervogau,46.745776,15.571428,-0.13203906
Oschenik innerfragant Innerfragant Pumped Storage Power Plant Austria - Innerfragant Pumped Storage Power Plant Austria,47.1374819,12.3273397,-0.7996624
Ottensheim-Wilhering,48.3166,14.1512,-0.09578588
Passau-Ingling,48.5536,13.4371,-0.34576982
Paternion,46.7209,13.6453,-0.06732179
Peggau,47.2,15.35,-0.11917447
Pernegg,47.3598,15.3424,-0.14565057
Pichlern,48.022415,14.322989,-0.06825044
Pöls,47.217744,14.599075,-0.2256399
Rabenstein,47.251148,15.31034,-0.12149242
Reisseck Reisseck-Jahresspeicher-KW - Kolbnitz (Reisseck/Kreuzeck) Hydroelectric Power Plant Austria,46.89411184,13.34315198,-0.14576563
Reißeck-Tagesspeicher-KW,46.87297136,13.31180113,-0.13355947
Rellswerk,47.0531826,9.7529724,0.4437411
Remsach,47.1333333,13.1333333,-0.24085937
Rifawerk Rifa Pumped Storage Power Plant Austria - Rifa Pumped Storage Power Plant Austria,46.9782553,10.0383768,-0.24576382
Rodundwerk I,47.085,9.8813,0.015210916
Rodundwerk II,47.0847,9.8744,-0.069422975
Rosegg-St. James,46.5696,14.0268,-0.16464533
Rosenau,47.992886,14.376871,0.033446793
Rott,47.79940564,13.04399014,0.11635412
Roßhag Rosshag-KW - Rosshag Pumped Storage Power Plant Austria,47.086876,11.774061,-0.27818453
Salza,47.491345,13.956943,-0.30344984
Schonau,47.775426,14.650605,0.02991629
Schwabeck,46.658,14.8726,0.0006439453
Schwarzach,47.3152,13.1389,-0.08422411
Schwarzach-KW,46.929001,12.545,-0.24357876
Schärding neuhaus,48.4355526,13.44094485,-0.16178545
Sidan-KW,47.348999,11.885,-0.3410698
Soelk-KW,47.433998,13.949,-0.21174897
Spielfeld,46.716449,15.62127,-0.10290985
St. Georgen,47.104453,14.087593,-0.19953234
St. Johann,47.3386,13.1974,-0.12858227
St. Martin,46.987392,15.091178,-0.22380498
St. Pantaleon,48.224936,14.53116,-0.06292352
St. Veit,47.3214,13.1744,-0.13921289
Staning,48.098607,14.468763,0.044662755
Strubklamm,47.79940564,13.04399014,0.11635412
Ternberg,47.9333,14.35,-0.2989294
Triebenbach,47.5,14.4667,-0.2777978
Urreiting,47.3749,13.2101,-0.11264314
Vermuntwerk,46.9684,10.0599,-0.19787665
Vienna-Freudenau,48.1766,16.0,-0.24419068
Villach,46.6329,13.8294,-0.066266455
Wald,47.9044444,13.0263889,-0.18150353
Walgauwerk,47.192,9.6815,-0.1780354
Wallnerau Salzach stage,47.316,13.141,-0.13585864
Wallnerau underwater stage,47.31554,13.140946,-0.10459676
Wallsee-Mitterkirchen,48.1666,14.6953,-0.020939618
Weinzödl,47.108388,15.392094,-0.07109685
Werfen-Pfarrwerfen,47.4698,13.1945,-0.05252309
Weyer,47.84903023,14.63882788,0.009879158
Wiestal,47.79940564,13.04399014,0.11635412
Ybbs-Persenbeug,48.1892,15.0682,-0.06675982
Zederhaus,47.15,13.5,-0.37128112
Mingechevir,40.79,47.0287,0.062271345
Shamkir,40.9487,46.168,0.070634715
Varvara,40.6837,47.0926,0.16590916
Yenikend,40.9193,46.2829,0.08753634
Beverce robertville Beverce (Robertville) Hydroelectric Power Project Belgium - Beverce (Robertville) Hydroelectric Power Project Belgium,50.4387,6.0386,-0.21942763
COO,50.3849,5.8618,-0.1510643
HEID-DE-GOREUX 1,50.426,5.7328,-0.19979258
HU AMPSIN-NEUVILLE,50.5335,5.2962,0.016940527
HU ANDENNE,50.4928,5.07,-0.03491717
HU GRAND-MALADES,50.4665,4.8992,0.055978563
HU IVOZ-RAMET,50.5922,5.4613,0.027626917
HU LIXHE,50.7517,5.6863,0.035277165
HU MONSIN,50.6517,5.6308,-0.05791877
PLATE TAILLE T,50.1884,4.3861,0.078998685
Bocac Hydroelectric Power Plant Bosnia and Herzegovina,44.5075,17.1618,0.1887854
Capljina Pumped Storage Power Plant Bosnia and Herzegovina,43.0133,17.8041,-0.009876519
Grabovica Hydroelectric Power Plant Bosnia and Herzegovina,43.5872,17.7189,0.16778407
Jablanica Hydroelectric Power Plant Bosnia and Herzegovina,43.6924,17.7325,0.33146027
Jajce I Hidroelektrana Bosnia and Herzegovina,44.3774,17.2816,-0.19750977
Jajce II Hidroelektrana Bosnia and Herzegovin,44.4279,17.2404,-0.19776212
Krupa Hydroelectric Power Plant Bosnia and Herzegovina,44.5624,17.135,-0.10451343
Mostar Hydroelectric Power Plant Bosnia and Herzegovina,43.3776,17.8449,0.21850927
Mostarsko Blato Hydroelectric Power Plant Bosnia and Herzegovina,43.2989,17.794,-0.076084465
Pec Mlini Hydroelectric Power Plant Bosnia and Herzegovina,43.3375,17.3261,-0.115888126
Rama Hydroelectric Power Plant Bosnia and Herzegovina,43.747,17.6758,-0.13001172
Salakovac Hydroelectric Power Plant Bosnia and Herzegovina,43.4478,17.8369,0.20839158
Trebinje I Hydroelectric Power Plant Bosnia and Herzegovina,42.7338,18.4971,0.2411878
Trebinje II Hydroelectric Power Plant Bosnia and Herzegovina,42.7066,18.3805,0.14553344
Visegrad Hydroelectric Power Plant Bosnia and Herzegovina,43.7603,19.2891,0.31300402
Aleko Aleko Hydroelectric Power Plant Bulgaria - Aleko Hydroelectric Power Plant Bulgaria,42.1194,24.289,-0.0051517882
Alexander Stambolyski Hydro Power Site,43.1213,25.171,0.12962568
Barzia HPP,43.19,23.167,-0.30917472
Batak Batak Hydroelectric Power Plant Bulgaria - Batak Hydroelectric Power Plant Bulgaria,41.91922,24.19305,-0.19196019
Beli Iskar + Mala Tsarkva + Simeonovo HPP,42.1373,23.5691,-0.119335294
Devin Devin Hydroelectric Power Plant Bulgaria - Devin Hydroelectric Power Plant Bulgaria,41.72052,24.42502,-0.0019787475
HPP Tsankov kamak,41.83225,24.42183,0.04755804
IVAILOVGRAD,41.5839,26.1075,0.107990794
KARDZHALI,41.6334,25.3381,-0.03063454
Kalin + Kamenitsa + Pastra + Rila HPP,42.07,23.13,-0.2602321
Klisoura HPP,43.16859,23.15498,-0.078215376
Kokalyane HPP,42.58398,23.42819,-0.16574365
Koprinka HPP (Kaplan),42.6125,25.3198,0.08627495
Krichim + Vacha I + Vacha II Hydro Power Plant,42.02719,24.47085,-0.09549737
Lilyanovo,41.62674,23.33449,-0.2121552
MOMINA KLISU,42.232,23.9494,-0.08347269
Orphey Orfeus bulgeria HPP_ORFEUS_PUMP - Orfeus Pumped Storage Hydroelectric Power Plant Bulgeria,41.94027778,24.44666667,0.24601695
PESHTERA,42.0132,24.2574,-0.11635823
PSBELMEKEN,42.1996,23.8586,-0.026339997
PSCHAIRA GEN,42.1603,23.8612,-0.22849467
Pasarel Hydro Power Station,42.5441,23.4861,-0.1760491
Petrohan HPP,43.12,23.12,-0.22162382
Pirin HPP,41.5745,23.5626,-0.26280746
Popina Laka,41.65627,23.3754,-0.2512166
SESTRIMO,42.2083,23.9158,-0.05511732
Sandanski I,41.58536,23.2905,-0.1924411
Spanchevo HPP,41.56265,23.56559,-0.2023028
Stara Zagora HPP,42.4452,25.6364,-0.09464597
Studen kladenets Studen Kladenets Hydroelectric Power Plant Bulgaria - Studen Kladenets Hydroelectric Power Plant Bulgaria,41.61227,25.64052,0.11685129
Teshel Teshel Hydroelectric Power Plant Bulgaria - Teshel Hydroelectric Power Plant Bulgaria,41.6428,24.153,0.21901155
Cakovec Hydroelectric Power Plant Croatia Croatia,46.3113,16.4945,0.07185149
Djale Hydroelectric Power Plant Croatia,43.5745,16.7115,0.09697445
Dubrava Hydroelectric Power Plant Croatia Croatia,46.3205,16.7489,0.08871041
Dubrovnik Hydroelectric Power Plant Bosnia and Herzegovina,42.6037,18.2357,-0.06911361
Fužine,45.3049852,14.7148369,-0.049451403
Gojak Hydroelectric Power Plant Croatia Croatia,45.2989,15.2633,-0.18057741
Golubic Hydroelectric Power Plant Croatia Croatia,44.09,16.2204,-0.14415488
HE Rijeka,45.33499908,14.45199966,-0.04491947
Hidroelektrana Velebit / Velebit pump,44.2007328,15.6811168,0.11441702
Jaruga Hydroelectric Power Plant Croatia Croatia,43.805,15.9626,-0.083794296
Kraljevac Hydroelectric Power Plant Croatia,43.4307,16.8849,-0.14273095
Lesce Hydroelectric Power Plant Croatia Croatia,45.3485,15.3452,0.06849141
Maljacka Hydroelectric Power Plant Croatia Croatia,44.0019,16.0192,-0.15092981
Orlovac Hydroelectric Power Plant Croatia,43.6737,16.784,-0.036821064
Ozalj Hydroelectric Power Plant Croatia Croatia,45.6143,15.4778,-0.044481542
Peruca Hydroelectric Power Plant Croatia,43.7951,16.5968,-0.07504721
Senj - Senj Hydroelectric Power System Croatia Croatia,45.009998,14.893,-0.07164212
Senj Hydroelectric Power System Croatia Croatia,44.9429,14.9276,-0.09922722
Sklope Hydroelectric Power Plant Croatia Croatia,44.6895,15.2706,0.14376295
Varazdin Hydroelectric Power Plant Croatia Croatia,46.3479,16.2684,-0.013539075
Vinodol Hydroelectric Power System Croatia Croatia,45.2286,14.6736,-0.11598794
Zakucac Hydroelectric Power Plant Croatia,43.4581,16.7027,-0.1664099
?t?chovice I,49.8465,14.4219,0.07944684
?t?chovice II,49.8465,14.4219,0.07944684
Dale?ice,49.1245,16.1242,-0.06915035
Dlouhé Strán? I,50.0854,17.1794,-0.23866594
Hnevkovice,49.180417,14.447083,-0.13261831
Kamyk republic Kamyk Hydroelectric Power Plant Czech Republic - Kamyk Hydroelectric Power Plant Czech Republic,49.633,14.2468,0.1315437
Lipno I,48.6333,14.2375,-0.0034839797
Nechranice,50.36625,13.412917,-0.024089621
Orlík,49.6066,14.1816,0.14751424
Slapy,49.82354,14.434501,-0.007568854
Slezska Harta,49.89125,17.579583,0.05518402
Strekov republic Strekov Hydroelectric Power Plant Czech Republic - Strekov Hydroelectric Power Plant Czech Republic,50.6386,14.0478,0.04305689
Vir I,49.56625,16.30875,0.1768468
Vrane republic Vrane Hydroelectric Power Plant Czech Republic - Vrane Hydroelectric Power Plant Czech Republic,49.9381,14.3749,0.108362965
Vranov,48.907917,15.817083,0.17087215
Ahvenkoski,60.5,26.5,-0.20666392
Aittokoski,64.8364584,28.85048,-0.0108294375
Alakoski,62.55,29.25,-0.34037837
Anjalankoski,60.69833333,26.81611111,0.08312236
Atro,63.3725,27.98833333,-0.10151581
Finlayson ve,61.5025,23.75944444,0.077580154
Haapakoski,65.3333,25.2833,-0.18290928
Hamari,64.07555556,24.57944444,-0.054563936
Hietamankoski,62.59944444,25.575,-0.10501959
Hilmonkoski,63.06333333,25.33722222,-0.33877608
Hinkua,63.70194444,25.35222222,-0.35957965
Hirvikoski,62.80944444,23.03583333,-0.2702919
Imatra Imatra - Imatra Hydroelectric Power Plant Finland,61.166797,28.774695,0.031624444
Inkeroinen ve,60.71027778,26.81361111,0.011272696
Isohaara,65.797083,24.549583,-0.13116474
Juankoski,63.0675,28.33861111,0.07413304
Jumisko,66.3333,28.15,-0.363817
Juotas,63.5,22.5333,-0.05495256
Jylhama,64.57875,26.76625,-0.33997655
KAVO Koivukoski III,64.22333333,27.78444444,-0.069191694
Kaaranneskoski,66.647,24.4266,-0.18467078
Kaihua,66.35,26.85,-0.32836056
Kaitfors,63.694,23.4009,-0.24191077
Kaltimo,62.807917,30.179583,-0.10147596
Karjalankoski,63.04472222,28.30416667,-0.120706886
Katerman vesivoimalaitos,64.09611111,28.97388889,0.014237349
Kattilakoski,63.47,23.30638889,-0.24038213
Keltti hydropower plant,60.87361111,26.61444444,0.041726258
Kelukoski,67.45555556,26.59833333,0.0060004587
Kierikki,65.35944444,25.91,-0.14910336
Killinkoski,62.4,23.8667,-0.10693124
Kiltua,63.828,27.8391,-0.20654707
Kokkosniva,67.22305556,27.32111111,0.04261781
Kolsi,61.27333333,22.355,0.021443574
Korkeakoski,60.53138889,26.9075,0.03470159
Kuhankoski,62.37583333,25.9475,0.044662416
Kuokkastenkoski,63.54111111,28.95361111,-0.20078324
Kurittukoski,67.85861111,26.71472222,-0.05976094
Kurkiaska,67.285,26.72861111,-0.16050108
Kuurna,62.70527778,29.8725,-0.0032168159
Kuusankoski hydropower plant,60.9075,26.64944444,-0.01914672
LSV Harjavallan vesivoimalaitos,61.33777778,22.11555556,-0.122998245
Leppikoski,64.45555556,27.88722222,-0.044980183
Leuhunkoski,62.66777778,25.26916667,-0.0025633422
Lieksankoski,63.3362,30.03768,-0.11790154
Maalismaa,65.31083333,25.69361111,0.011300186
Mankala,60.92694444,26.26805556,0.041878354
Matarakoski,67.5847,26.7453,0.024559716
Melo,61.462083,23.437917,-0.11244524
Merikoski,65.02166667,25.4825,-0.048881434
Montta,64.82055556,26.01388889,0.04394084
Myllykosken vesivoimalaitos VVA2,60.76694444,26.77111111,0.13353088
Nuojua,64.57722222,26.71361111,0.050546892
Oksava,63.75,25.3333,-0.10622067
Ossauskoski,66.155998,25.125,0.048395466
Pahkakoski,65.35833333,26.03833333,-0.018296136
Palokki,62.56194444,28.625,-0.09365923
Pamilo Heinajoki,62.807917,30.529583,-0.17781313
Pankakoski,63.32638889,30.13805556,0.02229283
Peltokoski,62.42,30.43916667,-0.32879838
Permantokoski,66.4925,26.12722222,-0.07751317
Petajaskoski / Petäjäskoski,66.27222222,25.3375,0.16948824
Pirttikoski,66.33972222,27.15361111,0.08390479
Portimokoski,66.37861111,23.78416667,-0.05702783
Porttipahta,68.10875,26.722083,-0.023477886
Puntarikoski,62.825417,29.475417,-0.19341299
Pyhäkoski,64.84611111,26.04027778,0.078757286
Pälli,64.84333333,26.19388889,-0.118904196
Raasakka,65.33444444,25.41166667,-0.0035844615
Ruskeakoski,62.42694444,30.4425,-0.105791055
Seitakorva,66.40583333,27.33027778,-0.022119693
Seitenoikea,64.59222222,28.41611111,-0.027679974
Tainionkoski Tainionkoski Hydroelectric Power Plant Finland - Tainionkoski Hydroelectric Power Plant Finland,61.210576,28.782635,0.012347863
Taivalkoski,65.931,24.714001,0.040233605
Tammerkoski,61.4991,23.7871,-0.013669371
Tampella ve,61.5037,23.7659,-0.06944596
Tyrvään vesivoimalaitos,61.32861111,22.84694444,0.05507616
Uljua,64.3333,25.85,-0.2826892
Utanen,64.73638889,26.47777778,0.028897125
Vaaja,62.24472222,25.88722222,-0.0988874
Vajukoski,67.69611111,26.80444444,0.0434838
Valajaskoski,66.424004,25.540001,0.051200707
Vanttauskoski,66.36875,26.689583,0.12634332
Verla 1 ja 2,61.06277778,26.63972222,-0.06918667
Voikkaa hydropower plant,60.93833333,26.5975,0.088381946
Vuolenkoski ve,61.07972222,26.1825,0.02219152
 Centrale Hydroéléctrique d'Arrens,42.9474,-0.2179,-0.26606542
Aigle AIGLE 6 - L'Aigle Hydroelectric Generating Station France,45.24373,2.22483,0.21470252
Albaret-le-Comtal,44.8674,3.1442,-0.32334247
Allement Allement Hydroelectric Power Station France - Allement Hydroelectric Power Station France,46.112,5.422,0.108022995
Alrance Alrance Hydroelectric Power Station France - Alrance Hydroelectric Power Station France,44.1035517,2.6946591,0.10987881
Aragnouet,42.7845,0.1782,-0.31122643
Arbéost,42.9795,-0.2738,-0.20965679
Arcambal,44.4548,1.5482,-0.13501275
Argancy,49.1906164,6.1910177,-0.07786325
Argentat Hydroelectric Generating Station - Argentat Hydroelectric Generating Station,45.104,1.954,0.054377355
Argentiere bessee Argentiere-La Bessee Hydroelectric Power Station France - Argentiere-La Bessee Hydroelectric Power Station France,44.79472222,6.55972222,-0.002434666
Argentine,45.4894,6.3328,-0.26254186
Arlos,42.8865,0.7118,-0.11922715
Arreau,42.9143,0.3356,-0.19756138
Artemare,45.8699,5.6901,-0.092666574
Artouste Hydroelectric Power Station France - Artouste Hydroelectric Power Station France,42.887,-0.411,-0.2209044
Arvan,45.25416667,6.32333333,-0.18190835
Arvillard,45.4095,6.1709,-0.35736835
Aston ASTON - Aston Hydroelectric Power Station France,42.77668,1.67671,-0.012429035
Auribeau-sur-Siagne,43.6121,6.9118,-0.24941128
Auterive,43.3594,1.4775,-0.090970285
Auzat,42.76298,1.47771,0.01661513
Auzerette Auzerette Hydroelectric Power Station France - Auzerette Hydroelectric Power Station France,45.365,2.646,-0.060377855
Avignon AVIGNON VILLENEUVE - Avignon  Hydroelectric Power Station France,43.97606,4.81721,0.0797234
Avrieux,45.1776,6.7466,-0.22573557
Badecon-le-Pin/Roche-bat-l'Aigue,46.52972222,1.58138889,-0.16786402
Bagnères-de-Bigorre,42.9745,0.1329,-0.29531178
Baigts-de-Béarn,43.5094649,-0.8416505,-0.02123714
Baix logis neuf BAIX LOGIS NEUF - Logis Neuf Hydroelectric Power Station France,44.67605,4.78827,0.09565835
Banca,43.1001,-1.3716,-0.32786295
Bancairon Bancairon Hydroelectric Power Station France - Bancairon Hydroelectric Power Station France,44.00166667,7.13694444,-0.05864887
Bar,45.34416667,1.82388889,-0.2456192
Beaucens,42.9519,0.0232,0.12519805
Beauchastel BEAUCHASTEL - Beauchastel Hydroelectric Power Station France,44.82397,4.81049,0.07369649
Beaumont Beaumont Hydroelectric Power Station France - Beaumont Hydroelectric Power Station France,43.735,5.753,0.06825636
Beauvoir Beauvoir Hydroelectric Power Station France - Beauvoir Hydroelectric Power Station France,45.121,5.319,-0.113014236
Benagues,43.0775,1.6098,-0.05350564
Bessières,43.797,1.5859,-0.277017
Bessède-de-Sault,42.7854,2.1372,-0.31358728
Beyrède-Jumet,42.9554,0.338,-0.30336347
Bissorte Hydroelectric 1/2/3,45.202,6.585,-0.14180104
Bonnac,43.1723,1.5878,-0.33315772
Bonnevaux,46.2948,6.6664,-0.28701544
Bort BORT 1 - Bort Les Orgues Hydroelectric Power Station France,45.41269,2.49862,0.013850994
Bourg les valence BOURG les VALENCE - Bourg Les Valence Hydroelectric Power Station France,44.96128,4.87221,0.07585146
Bourg-de-Sirod,46.72527778,5.95805556,-0.27125093
Bourg-et-Comin,49.4027,3.6594,-0.33850405
Bouvante,44.93555556,5.257222222,-0.14476769
Bozel,45.4418754,6.6377553,-0.27142516
Brassac,43.612,2.5118,-0.32171193
Bregnier cordon Bregnier-Cordon Hydroelectric Power Station France - Bregnier-Cordon Hydroelectric Power Station France,45.654,5.605,-0.026506329
Brens-Virigin Hydroelectric Power Station France - Brens-Virigin Hydroelectric Power Station France,45.725,5.698,-0.07364564
Briançon/Pont Blady,44.8996,6.649,-0.21331844
Brillanne & Brillanne I & II Hydroelectric Power Station France - Brillanne I & II Hydroelectric Power Station France,43.921,5.925,0.0033282593
Brommat BROMMAT 6/7,44.76793,2.68415,-0.23354346
Brousse-le-Château,44.0062,2.6383,-0.18868847
Bujaleuf,45.8025,1.614444444,-0.17016743
Buzy,43.1411,-0.4466,-0.3412399
Caderousse CADEROUSSE - Caderousse Hydroelectric Power Station France,44.09606,4.72329,0.043906715
Cajarc,44.4939,1.8384,-0.20955454
Calypso,45.235311,6.4399136,-0.22694883
Cambeyrac Cambeyrac Hydroelectric Power Station France - Cambeyrac Hydroelectric Power Station France,44.655,2.574,0.010475553
Campan,42.9617,0.2164,-0.22747293
Capdenac,44.5849,2.066,-0.29471898
Cargiaca,41.7322,9.0412,-0.38843292
Castelnau lassouts Castelnau-Lassouts Hydroelectric Power Station France - Castelnau-Lassouts Hydroelectric Power Station France,44.505,2.874,-0.09653616
Castillon Castillon Hydroelectric Power Station France - Castillon Hydroelectric Power Station France,43.878,6.538,0.14156316
Castillon-en-Couserans,42.9142,1.02833,-0.24119104
Castirla Hydroelectric Power Station France - Castirla Hydroelectric Power Station France,42.38,9.134,-0.17952232
Caussade,44.157,1.5439,-0.15003239
Causse-de-la-Selle,43.7932,3.6295,-0.27933884
Centrale Hydro-Électrique Luz I & 2,42.87024,-0.01209,-0.1487963
Centrale Hydroélectrique de Lau-Balagnas,42.9929,-0.0998,-0.30652064
Centrale Hydroélectrique de Nouaux,42.9842,-0.1428,-0.32492834
Centrale Hydroélectrique de Tucoy,42.90973,-0.25888,-0.2975457
Centrale hydraulique EDF de Golfech - Sud-Ouest,44.1091231,0.8503732,-0.20824502
Champcella Champcella Hydroelectric Power Station France - Champcella Hydroelectric Power Station France,44.737,6.575,-0.14686276
Champsanglard,46.2801,1.8891,-0.29195952
Charritte-de-Bas,43.2951,-0.897,-0.12809724
Chartrettes,48.4943,2.7131,-0.35902348
Chastang CHASTANG (LE) 1 - Chastang Hydroelectric Generating Station France,45.15185,2.00985,0.19766627
Chaudanne Chaudanne Hydroelectric Power Station France - Chaudanne Hydroelectric Power Station France,43.848,6.544,0.17126392
Chautagne Chautagne Hydroelectric Power Station France - Chautagne Hydroelectric Power Station France,45.879,5.811,0.01803479
Cheylas CHEYLAS 1 - Cheylas (Le) Hydroelectric Power Station France,45.3846,6.00207,-0.13521707
Château-Chinon (Campagne),47.0563,3.9403,-0.2884538
Châtel-Montagne,46.1002,3.7168,-0.278608
Châtellerault,46.8153,0.5526,-0.03259898
Châtelus-le-Marcheix,46.0068,1.6256,-0.3712634
Cierp-Gaud,42.9129,0.6341,-0.30471897
Cize bolozon Cize Bolozon Hydroelectric Power Station France - Cize Bolozon Hydroelectric Power Station France,46.211,5.465,-0.022407321
Claux Claux Hydroelectric Power Station France - Claux Hydroelectric Power Station France,44.876,6.48,-0.123486586
Coiselet Coiselet Hydroelectric Power Station France - Coiselet Hydroelectric Power Station France,46.294,5.592,0.095523216
Combe d'avrieux COMBE DAVRIEUX 1 - Aussois + Combe d'Avrieux Hydroelectric Power Station France,45.21348,6.72053,-0.12686048
Cornimont,47.9686,6.8651,-0.25393993
Couesque COUESQUE - Couesque Hydroelectric Power Station France,44.69609,2.58555,0.12006692
Curbans CURBANS - Curbans Hydroelectric Power Station France,44.42078,6.02016,0.24234697
Cusset jonage Cusset-Jonage Hydroelectric Power Station France - Cusset-Jonage Hydroelectric Power Station France,45.79,5.025,0.012526806
DONZERE MONDRAGON - Bollene Hydroelectric Power Station France,44.304001,4.742,0.07291284
Domène,45.2044,5.8371,-0.07924179
Egets Egets Hydroelectric Power Station France - Egets Hydroelectric Power Station France,42.955,0.565,-0.29813892
Eguzon Eguzon Hydroelectric Power Station France - Eguzon Hydroelectric Power Station France,46.455,1.613,0.030233135
Enchanet Enchanet Hydroelectric Power Station France - Enchanet Hydroelectric Power Station France,45.082,2.194,-0.10156288
Entraygues-sur-Truyère,44.6548,2.5787,-0.3592191
Eygliers Eygliers Hydroelectric Power Station France - Eygliers Hydroelectric Power Station France,44.672,6.65,-0.04437201
Eymoutiers,45.7111,1.7405,-0.22090918
Faux-la-Montagne,45.7431,1.9351,-0.2677902
Felletin,45.8905,2.1825,-0.08499257
Fessenheim FESSENHEIM - Fessenheim Hydroelectric Power Station France,47.91466,7.57067,0.061323285
Foix,42.9654,1.6102,-0.018068107
Fontan,44.0215,7.5448,-0.2447558
Fontpédrouse,42.463,2.1949,-0.10300467
Fos,42.8607,0.7473,-0.16307117
Fumel,44.5079,0.9804,-0.2989683
Gaillac,43.9165,1.8862,-0.14785871
Gambsheim,48.682,7.919,-0.0026619446
Gargilesse-Dampierre,46.5061,1.6202,-0.2859022
Genissiat GENISSIAT - Genissiat Hydroelectric Power Station France,46.05271,5.81285,0.051366407
Germ,42.7767,0.4407,-0.18302216
Gerstheim GERSTHEIM - Gerstheim Hydroelectric Power Station France,48.40385,7.72775,0.107097276
Gervans Gervans Hydroelectric Power Station France - Gervans Hydroelectric Power Station France,45.136,4.806,-0.025879791
Gignac,43.66361111,3.55722222,-0.03176531
Giuncaggio,42.1921,9.3824,-0.16614547
Golinhac Golinhac Hydroelectric Power Station France - Golinhac Hydroelectric Power Station France,44.606,2.605,-0.18589093
Gour Noir (Le) Hydroelectric Power Station France - Gour Noir (Le) Hydroelectric Power Station France,45.071,2.067,-0.20552146
Grand maison GRAND MAISON 1 - Grand Maison Pumped Storage Hydroelectric Power Station France,45.20597,6.11719,0.302381
Grandrif,45.5205,3.8348,-0.25577882
Grandval Grandval Hydroelectric Power Plant France - Grandval Hydroelectric Power Plant France,44.9219,3.0745,0.028308252
Grangent Grangent Hydroelectric Power Station France - Grangent Hydroelectric Power Station France,45.467,4.248,0.025769614
Guchen,42.8567,0.3213,-0.37748545
Hautefage Hautefage Hydroelectric Power Station France - Hautefage Hydroelectric Power Station France,45.06,1.994,-0.34324157
Hauteluce,45.7642,6.6156,-0.3096499
Hermillon HERMILLON,45.28424,6.35799,0.05786606
Hillion,48.5028,-2.6463,-0.22867566
Hospitalet l' Hospitalet (L') Hydroelectric Power Station France - Hospitalet (L') Hydroelectric Power Station France,42.588,1.797,0.0016546387
Hourat Hourat Hydroelectric Power Station France - Hourat Hydroelectric Power Station France,43.075,-0.42,-0.12639415
Izernore,46.2184,5.5632,-0.25583965
Jouques Jouques Hydroelectric Power Station France - Jouques Hydroelectric Power Station France,43.681,5.656,0.124443814
Jouy-aux-Arches,49.0644,6.0867,-0.351449
Kembs KEMBS - Kembs Hydroelectric Power Station France,47.655,7.52,0.100658275
L'Isle-Jourdain,46.2384,0.6985,-0.20437564
La Bastide-Puylaurent,44.5658,3.888,-0.2451001
La Bathie - Roseland,45.68545,6.62249,0.041769885
La Bresse,48.0184,6.9255,-0.27086058
La Bridoire,45.5299,5.7378,-0.2657126
La Grave,45.0601,6.2836,-0.22695449
La Llagonne,42.5377,2.094,-0.2931015
La Roche-de-Rame,44.7659,6.617,-0.1398893
La Soula,42.7225,0.41944444,-0.14747795
Lacourt,42.9332,1.1708,-0.33786732
Laguiole,44.6943,2.8677,-0.33911964
Lanau Lanau Hydroelectric Power Station France - Lanau Hydroelectric Power Station France,44.891,3.003,-0.11841626
Landry,45.5637,6.7617,-0.33900443
Langogne,44.7238,3.8338,-0.14652212
Lantosque,43.9706,7.3049,-0.19130065
Laparan,42.6717259,1.7009906,-0.12328513
Lardy Lardy Hydroelectric Power Station France - Lardy Hydroelectric Power Station France,44.662,2.583,0.092801504
Largue Largue Hydroelectric Power Station France - Largue Hydroelectric Power Station France,43.854,5.859,0.07072902
Laroquebrou,44.9744,2.1934,-0.2629258
Larrau,43.01,-0.973,-0.25027707
Laval,45.2362,5.9815,-0.26385984
Laval cere & Laval de Cere  1 & 2 Hydroelectric Power Station France - Laval de Cere  1 & 2 Hydroelectric Power Station France,44.953,1.95,-0.11514603
Laval-de-Cère/Barrage de Brugale,44.9443,1.9359,-0.30257207
Lavours,45.8115,5.7724,-0.21810782
Lazer le Lazer (Le) Hydroelectric Power Station France - Lazer (Le) Hydroelectric Power Station France,44.346,5.868,-0.06022959
Le Bourg-d'Hem,46.3006,1.8404,-0.26992378
Le Cannet-des-Maures,43.3739,6.3755,-0.079546735
Le Palais-sur-Vienne,45.8737,1.3248,-0.24837573
Le Tech,42.4418,2.513,-0.21587382
Licq atherey Licq-Atherey Hydroelectric Power Station France - Licq-Atherey Hydroelectric Power Station France,43.048,-0.886,-0.13171133
Livet-et-Gavet,45.0905,5.9188,-0.29912043
Livinhac-le-Haut,44.5968,2.2161,-0.2959987
Lot Lot Hydroelectric Power Station France - Lot Hydroelectric Power Station France,44.663,2.664,-0.10162767
Loudenvielle,42.7302,0.4323,4.0834046e-05
Lugo di nazza Lugo Di Nazza Hydroelectric Power Station France - Lugo Di Nazza Hydroelectric Power Station France,42.091,9.316,0.013644153
Lusigny-sur-Barse,48.263,4.2773,-0.29078323
Luz-Saint-Sauveur,42.8322,0.0177,-0.27239603
Luzenac,42.7199,1.7426,-0.27296463
MONTELIMAR - Chateauneuf Du Rhone Hydroelectric Power Station France,44.499001,4.708,0.09962315
Malgovert,45.61787,6.79074,-0.07489443
Mallemort Mallemort Hydroelectric Power Station France - Mallemort Hydroelectric Power Station France,43.715,5.205,0.023604888
Manosque voix Manosque-Voix Hydroelectric Power Station France - Manosque-Voix Hydroelectric Power Station France,43.85081,5.83276,0.057457
Marcillac - barrage la Valette,45.215,2.038,-0.24935153
Marckolsheim MARCKOLSHEIM - Marckolsheim Hydroelectric Power Station France,48.15371,7.5898,0.11460701
Mareges MAREGES - Mareges Hydroelectric Power Station France,45.39171,2.36446,0.16518968
Mazamet,43.458,2.3893,-0.37036723
Mazet Hydroelectric Power Station France - Mazet Hydroelectric Power Station France,45.801,1.803,-0.14349441
Metz/Central hydraulique de Metz-Wadrinau,49.1198,6.154,-0.08526872
Meyras,44.6766,4.2604,-0.25319216
Millac/La Roche,46.1954,0.7055,-0.07407652
Miramont-de-Comminges,43.0912,0.7558,-0.37869
Mirandol-Bourgnounac,44.1468,2.1715,-0.21349655
Mizoën,45.0431,6.1821,-0.1110941
Monceaux La Virolle Hydroelectric Power Station France - Monceaux La Virolle Hydroelectric Power Station France,45.576,1.84,-0.12986927
Montahut Montahut Hydroelectric Power Station France - Montahut Hydroelectric Power Station France,43.571,2.94,-0.14782469
Montauban,44.0226,1.3638,0.03713969
Montbrun,44.5114,1.9032,-0.14281859
Monteynard MONTEYNARD - Monteyard-Avigonnet Hydroelectric Power Station France,44.96118,5.68874,0.1386207
Montezic MONTEZIC 1 - Montezic Pump Storage Hydroelectric Power Station France,44.73766,2.64342,-0.19404794
Montpezat MONTPEZAT,44.69026,4.27215,-0.017434971
Montsapey,45.5313,6.3673,-0.37174073
Motz,45.9191,5.8448,-0.17970242
Moux charmines Moux Charmines Hydroelectric Power Station France - Moux Charmines Hydroelectric Power Station France,46.277,5.554,-0.21848355
Moûtiers,45.4864,6.5373,-0.21318945
Méolans-Revel,44.371,6.498,-0.20040193
Méréville,48.5912,6.1369,-0.316587
Nantes-en-Ratier,44.9279,5.8283,-0.18309367
Nentilla Nentilla Hydroelectric Power Station France - Nentilla Hydroelectric Power Station France,42.772,2.213,-0.18159753
Neuville-sur-Ain,46.08166667,5.37944444,-0.24761485
Noirefontaine/Dampjoux,47.3471,6.7644,-0.22375752
Nyer,42.5014,2.2744,-0.103009194
Ocana Ocana Hydroelectric Power Station France - Ocana Hydroelectric Power Station France,41.946,8.935,-0.100611806
Olargues,43.5411,2.9176,-0.2743846
Olette,42.5962,2.2423,-0.079465
Oloron-Sainte-Marie,43.16305556,-0.59194444,-0.20887715
Oo Hydroelectric Power Station France - Oo Hydroelectric Power Station France,42.804,0.56,-0.33403444
Oraison ORAISON - Oraison Hydroelectric Power Station France,43.92101,5.92438,0.005093755
Orelle,45.20308,6.57913,-0.24290459
Orgeix,42.6757,1.8767,-0.3303586
Orlu Orlu Hydroelectric Power Station France - Orlu Hydroelectric Power Station France,42.689,1.912,-0.16005543
Ottmarsheim OTTMARSHEIM - Ottmarsheim Hydroelectric Power Station France,47.77399,7.52246,0.069824465
Pardies,43.3858,-0.5879,0.06046532
Passy,45.954,6.7398,-0.20263985
Passy PASSY,45.91642,6.72592,-0.019141885
Perles-et-Castelet,42.7179,1.774,-0.41203037
Pied borne PIED DE BORNE - Pied-de-Borne Hydroelectric Power Station France,44.47198,3.98867,0.08031903
Pierre benite Pierre Benite Hydroelectric Power Station France - Pierre Benite Hydroelectric Power Station France,45.702,4.842,0.10249374
Pinet Hydroelectric Power Station France - Pinet Hydroelectric Power Station France,44.07,2.805,-0.13889472
Plouasne,48.3118,-2.0078,-0.28454882
Pointis-Inard,43.0837,0.7971,-0.27801967
Pointis-de-Rivière,43.0911,0.6255,-0.11776787
Pont-de-Roide,47.3853,6.7628,-0.26800093
Pontcharra,45.43293,6.03032,-0.25025654
Port-Mort,49.1697841,1.3876834,-0.0637502
Portillon le Portillon (Le) Hydroelectric Power Station France - Portillon (Le) Hydroelectric Power Station France,42.733,0.553,-0.21293889
Poses,49.3096743,1.2362412,-0.042457588
Pouget POUGET 4 - Pouget (Le) Hydroelectric Power Station France,44.0597,2.77,-0.11711086
Pragneres Hydroelectric Power Station France,42.8211,0.01033,-0.08776018
Pralognan-la-Vanoise,45.3501,6.7208,-0.25001183
Prayssac,44.502783,1.1732197,-0.15120283
Queige,45.71916667,6.49861111,-0.25159252
Quinson Quinson Hydroelectric Power Station France - Quinson Hydroelectric Power Station France,43.699,6.051,0.044440657
Rabodanges,48.8003,-0.2895,-0.14638956
Rance tidal RANCE - Rance Tidal Hydroelectric Power Station France,48.6180022,-2.0238876,0.09249934
Randens RANDENS,45.52711,6.31996,-0.037704963
Revin REVIN 1 - Revin Pump Storage Hydroelectric Power Station France,49.92556,4.61331,-0.2323689
Rhinau RHINAU - Rhinau Hydroelectric Power Station France,48.28412,7.67728,0.12345913
Rhue Rhue (La) Hydroelectric Power Station France - Rhue (La) Hydroelectric Power Station France,45.415,2.499,-0.23628052
Roanne,46.0451,4.0801,0.03854266
Romanche-Gavet,45.1171846,5.9590868,-0.023402061
Roquebillière,44.02138889,7.30722222,-0.066771545
Sablons PEAGE DE ROUSSILLON - Sablons Hydroelectric Power Station France,45.307,4.797,0.10121156
Sail-sous-Couzan,45.7367,3.9618,-0.28575933
Saint cassien Saint Cassien Hydroelectric Power Station France - Saint Cassien Hydroelectric Power Station France,43.602,6.841,-0.15447414
Saint chamas SAINT CHAMAS - Saint Chamas Hydroelectric Power Station France,43.52741,5.07342,0.11420993
Saint dalmas Saint Dalmas Hydroelectric Power Station France - Saint Dalmas Hydroelectric Power Station France,44.047,7.586,-0.029336132
Saint esteve SAINT ESTEVE - Saint Esteve-Janson Hydroelectric Power Station France,43.69049,5.38489,0.06275242
Saint georges commiers Saint Georges de Commiers Hydroelectric Power Station France - Saint Georges de Commiers Hydroelectric Power Station France,45.006,5.687,0.023139816
Saint guillerme SAINT GUILLERME - St. Guillerme Hydroelectric Power Station France,45.03048,6.07914,-0.15719372
Saint pierre cognet,44.87249,5.77319,-0.13654454
Saint-Alban-des-Villards,45.3146,6.2362,-0.31161696
Saint-Barthélemy-de-Séchilienne,45.0397,5.8221,-0.30189958
Saint-Barthélemy-le-Plain,45.0453,4.7436,-0.14868397
Saint-Christophe-en-Oisans,44.9289,6.2441,0.100010626
Saint-Cézaire-sur-Siagne,43.6597,6.8033,-0.0631845
Saint-Dalmas-le-Selvage,44.2894,6.841,-0.33783224
Saint-Denis-des-Murs,45.7797,1.5295,-0.24317726
Saint-Firmin,44.7936,6.0261,-0.3015578
Saint-Flour/Centrale hydroelectrique EDF de Sauviat,45.7102,3.5096,-0.1988856
Saint-Gervais-d'Auvergne,46.0192,2.8311,-0.18146464
Saint-Gervais-les-Bains,45.857,6.741,-0.40215462
Saint-Girons,42.9756,1.1531,-0.15331626
Saint-Jean-de-Maurienne,45.2719,6.3455,-0.096511275
Saint-Jeoire,46.1387,6.4645,-0.29319948
Saint-Julien-Mont-Denis,45.2803,6.4175,-0.3621572
Saint-Julien-le-Petit,45.8223,1.7051,-0.12869033
Saint-Laurent-du-Var,43.6865,7.1823,-0.05080472
Saint-Laurent-en-Beaumon,44.89527778,5.85805556,-0.2388279
Saint-Laurent-en-Royans,45.0098,5.3463,-0.2515625
Saint-Lizier,43.0002,1.1292,-0.042791888
Saint-Léonard-de-Noblat,45.841,1.4954,-0.29139325
Saint-Mamet-la-Salvetat,44.8566,2.3054,-0.071896926
Saint-Martin-du-Var,43.8162,7.1996,-0.28234553
Saint-Maurice-Navacelles,43.8448,3.5064,-0.008443208
Saint-Maurice-de-Lignon,45.2330869,4.1547189,-0.18176016
Saint-Maurice-en-Valgodemard,44.7984,6.1126,-0.274594
Saint-Paul-sur-Ubaye,44.559,6.8207,-0.007112761
Saint-Pierre-Chérignat,45.9602,1.6139,-0.35523373
Saint-Pierre-en-Faucigny,46.0468,6.37475,-0.24168457
Saint-Priest-Taurion,45.9063392,1.4122593,-0.1113174
Saint-Étienne-de-Cuines,45.3454,6.2602,-0.30945754
Sainte Helene - La Coche,45.49667,6.51038,-0.12564641
Sainte croix,43.73687,6.13423,0.08397222
Sainte tulle i&ii Sainte Tulle I&II Hydroelectric Power Station France - Sainte Tulle I&II Hydroelectric Power Station France,43.787,5.774,0.0614883
Sainte-Agnès,45.2106,5.96,-0.32350755
Sainte-Foy-Tarentaise,45.5844,6.9414,-0.28318316
Sainte-Marie-de-Cuines,45.3191,6.2942,-0.4109811
Salignac Salignac Hydroelectric Power Station France - Salignac Hydroelectric Power Station France,44.138,5.979,0.1701903
Salon Salon Hydroelectric Power Station France - Salon Hydroelectric Power Station France,43.633,5.114,0.14876482
Sarrans SARRANS - Sarrans Hydroelectric Power Station France,44.82942,2.74042,0.1616131
Sassenage,45.20856,5.65681,-0.1046517
Sault brenaz Sault Brenaz Hydroelectric Power Station France - Sault Brenaz Hydroelectric Power Station France,45.846,5.418,0.0013856263
Saussaz SAUSSAZ,45.20992,6.47663,-0.094007455
Saut mortier Saut Mortier Hydroelectric Power Station France - Saut Mortier Hydroelectric Power Station France,46.372,5.642,-0.028570062
Sautet le Sautet (Le) Hydroelectric Power Station France - Sautet (Le) Hydroelectric Power Station France,44.817,5.908,0.032635666
Sauto,42.5155,2.1488,-0.120151535
Serdinya,42.5763,2.3226,0.02016971
Serre poncon SERRE PONCON - Serre Poncon Hydroelectric Power Station France,44.47095,6.26967,0.25033578
Servières-le-Château,45.1402,2.0225,-0.31102455
Seyssel Hydroelectric Power Station France - Seyssel Hydroelectric Power Station France,45.971,5.834,0.008220737
Sisteron SISTERON 1 - Sisteron Hydroelectric Power Station France,44.17517,5.95215,0.25942954
Soulom Soulom Hydroelectric Power Station France - Soulom Hydroelectric Power Station France,42.953,-0.069,-0.01648519
St etienne cantales ST ETIENNE CANTALES - Saint Etienne Cantales Hydroelectric Power Station France,44.94516,2.21906,0.05241243
Strasbourg STRASBOURG - Strasbourg Hydroelectric Power Station France,48.52561,7.79456,0.0849587
Teich Teich Hydroelectric Power Station France - Teich Hydroelectric Power Station France,42.71,1.864,-0.18272094
Teillet-Argenty,46.2627,2.517,-0.30938593
Tende,44.0996,7.5403,-0.20315509
Tet (La) Hydroelectric Power Station France - Tet (La) Hydroelectric Power Station France,42.553,2.267,-0.08031194
Thuès-Entre-Valls,42.5036,2.23,-0.18370296
Tolla,41.9637369,8.9663116,0.5460607
Toulouse/Bazacle Complex,43.60277778,1.4325,-0.14292058
Tramezaygues,42.7442,0.41,-0.1490466
Triouzoune Hydroelectric Power Station France - Triouzoune Hydroelectric Power Station France,45.347,2.349,-0.23456836
Truel Truel Hydroelectric Power Station France - Truel Hydroelectric Power Station France,44.06,2.769,0.08830732
Tuilieres Tuilieres Hydroelectric Power Station France - Tuilieres Hydroelectric Power Station France,44.845,0.633,0.22152114
Usson,45.5271,3.3419,-0.18481438
Uzerche,45.4242,1.5653,-0.15457532
Val beynette Val Beynette Hydroelectric Power Station France - Val Beynette Hydroelectric Power Station France,45.416,2.372,-0.03176692
Valentine,43.09666667,0.70083333,-0.0172284
Vallabregues VALLABREGUES - Beaucaire Hydroelectric Power Station France,43.82415,4.64349,0.04111167
Varilhes,43.0551,1.6343,-0.29125684
Vaufrey,47.3405,6.9306,-0.28313306
Vaugris Vaugris Hydroelectric Power Station France - Vaugris Hydroelectric Power Station France,45.495,4.826,-0.019870386
Venthon,45.69389,6.40457,-0.17382465
Villar-d'Arêne,45.0001,6.3639,-0.16032766
Villard-sur-Doron,45.7274,6.5193,-0.28562725
Villarodin VILLARODIN 1 - Villarodin Hydroelectric Power Station France,45.21466,6.71208,0.07053178
Villaroger,45.5574,6.8693,-0.106685154
Villefranche-de-Panat,44.0976,2.7161,-0.23168845
Villelongue,42.9429,-0.0167,-0.2600025
Villerest Hydroelectric Power Station France - Villerest Hydroelectric Power Station France,45.9869,4.04938,-0.074662186
Vinon Vinon Hydroelectric Power Station France - Vinon Hydroelectric Power Station France,43.725,5.827,-0.019102454
Vogelgrun VOGELGRUN - Vogelgrun Hydroelectric Power Station France,48.0203,7.57393,0.11360059
Vouglans VOUGLANS - Vouglans Hydroelectric Power Station France,46.39734,5.66556,0.17872083
Voutezac,45.2928,1.4406,-0.3504595
Zicavo,41.8845,9.167,-0.05756969
Épierre,45.4523,6.3254,-0.32154304
Atshesi (Atsi) Hydroelectric Power Plant Georgia,41.5841,41.8903,-0.10124491
Chitakhevi Hydroelectric Power Plant Georgia,41.7914,43.302,-0.087353885
Dzevrula (Tkibuki-II) Hydroelectric Power Plants Georgia,42.2629,42.9582,-0.24311748
Gumati I and II Hydroelectric Power Plants Georgia,42.3202,42.704,-0.24286401
Inguri (Enguri) Dam Hydroelectric Power Station Georgia,42.7584,42.0309,0.16525522
Khrami I Hydroelectric Power Plant Georgia,41.5489,44.1235,-0.011763085
Khrami II Hydroelectric Power Plant Georgia,41.5461,44.1277,-0.13509133
Lajanuri Hydroelectric Power Plant Georgia,42.589,42.8519,-0.037007235
Ortachala Hydroelectric Power Plant Georgia,41.6831,44.8266,-0.079594485
Rioni Hydroelectric Power Plant Georgia,42.2006,42.7258,-0.12298291
Satskhenisi Hydroelectric Power Plant Georgia,41.7048,44.9328,-0.05709617
Shaori Hydroelectric Power Plants Georgia,42.3637,43.0034,-0.14704168
Vardnili I Hydroelectric Power Plant Georgia,42.6524,41.7619,-0.09671839
Vartsikhe Cascade Hydroelectric Power Plants Georgia,42.1545,42.7088,-0.07850504
Zahesi Hydroelectric Power Plant Georgia,41.8226,44.76,-0.1754008
Zhinvali Hydroelectric Power Plant Georgia,42.1349,44.7721,0.004245097
Albbruck dogern,47.5985,8.171,0.10038456
Altheim,48.5837,12.2186,-0.016912203
Altusried M2,47.817052,10.227499,-0.03168313
Alzwerke,48.18324,12.85345,-0.05849242
Aufkirchen,48.3066864,11.858847,-0.22937422
Bergheim,48.750807,11.273237,0.016972352
Bertoldsheim,48.735932,11.020923,0.0023660737
Bigge,51.093173,7.86272,-0.09186724
Bittenbrunn,48.734459,11.14382,0.06534805
Bleiloch,50.52438482,11.71438694,0.061343275
Bobingen M1,48.26,10.8,-0.28737584
Dessau,47.739292,10.825702,-0.031606313
Dettingen,48.11222222,10.13277778,-0.114818394
Detzem,49.810941,6.843882,-0.097414255
Dingolfing,48.63404,12.48369,0.038262624
Dornau,47.8001993,10.9026434,-0.14353032
Egglfing,48.3202287,13.31740725,-0.1451739
Eitting,48.3585905,11.8821921,-0.020096445
Ellgau,48.596746,10.8789,-0.05278177
Enkirch,49.97667,7.127777,0.00040572777
Erzhausen PSW Erzhausen Block 1 - Erzhausen Pumped Storage Power Plant Germany,51.89912,9.92452,-0.04354337
Ettling,48.6960722,12.7977619,-0.31716588
Faimingen,48.558394,10.411764,-0.07771255
Fankel,50.123918,7.225915,-0.027445843
Fluhmühle,47.839568,10.192668,-0.15081279
Gars,48.15395,12.31107,-0.09939109
Geesthacht,53.41888889,10.39388889,-0.08124791
Geisling,48.974806,12.344002,0.0066325166
Goldisthal PSW Goldisthal PSS A - Goldisthal Pumped Storage Power Plant Germany,50.50975864,11.02087498,0.0048815017
Großaitingen M1,48.23,10.76,-0.07337201
Gummering,48.622456,12.398037,0.009542338
Haeusern Schluchsee,47.755001,8.188,0.05856896
Haminan höyrykattilalaitos,51.520132,14.337383,-0.0031640788
Heimbach,50.628568,6.451776,-0.18436171
Hemfurth,51.167139,9.046832,-0.045376867
Hohenwarte,50.61433423,11.49212837,0.124970555
Höchstädt,48.603156,10.582724,-0.12784873
Ingolstadt,48.750317,11.412153,0.089809105
Inningen M1,48.29,10.83,-0.18087065
Jettenbach,48.177714,12.381857,-0.2028466
KW Gundelsheim,49.280578,9.156055,-0.085659556
KW Öpfingen,48.29463,9.830391,-0.100460306
Kachlet,48.5797112,13.4082738,0.14862548
Kaufering,48.084026,10.864936,-0.06622533
Koblenz,50.365855,7.58171,-0.01751783
Koepchenwerk Koepchenwerk - Koepchenwerk II (Herdecke) Pumped Storage Power Plant Germany,51.41048,7.45314,-0.053325824
Kraftwerk Rothenfels,49.90018,9.58676,-0.05964862
Landau,48.667862,12.660027,0.070800304
Laufwasserkraftwerk Hengstey,51.400404,7.45204,-0.112073146
Legau M1,47.869845,10.181145,-0.1364799
Lehmen,50.274724,7.458957,-0.05399593
Leitzach,47.873938,11.87099,-0.008948334
Markersbach PSW Markersbach PSS A - Markersbach Pumped Storage Power Plant Germany,50.51938,12.87976,-0.07960608
Meitingen,48.546994,10.86507,-0.019241761
Merching,48.2704497,10.9773463,-0.06864618
Mittelstetten M1,49.21,10.72,-0.2431774
Müden,50.18416667,7.33277778,0.0052621667
Mühltal,47.99629724,11.48542787,-0.1280284
Neef,50.087362,7.135809,-0.07134542
Niederaichbach,48.6039132,12.3023425,0.029154958
Niederwartha,51.09153428,13.60982895,0.058197565
Nußdorf,47.74444,12.1348886,-0.13421398
Obernach,47.554694,11.291366,-0.07917571
Oberpeiching,48.646423,10.879086,0.027112214
PSW Hohenwarte II PSS A,50.615002,11.492,0.08498688
Perach,48.0261021,12.789632,-0.12082347
Pfrombach,48.44132,11.99233,-0.11670603
Pielweichs,48.76166667,12.87027778,0.08983644
Prem,47.692726,10.797592,0.00018757783
Prittriching,48.21062,10.904933,0.015700758
Psw langenprozelten,50.05313,9.58137,-0.13520427
Psw vianden Vianden 1 - Vianden Pumped Storage Power Plant Luxembourg,49.95156713,6.180031287,-0.18108803
Pumpspeicherkraftwerk glems,48.50499,9.28692,-0.13571265
Pumpspeicherwerk rönkhausen Rönkhausen Pumped Storage Power Plant Germany - Rönkhausen Pumped Storage Power Plant Germany,51.22475,7.99281,-0.19351882
Radag,47.58629,8.13207,-0.05955291
Rain,48.692383,10.897786,-0.09315729
Reckingen,47.57122,8.338716,0.05705379
Reisach,49.53002,12.28481,-0.09291174
Rheinfelden,47.56990573,7.810113464,-0.035432532
Rheinkraftwerk iffezheim Rheinkraftwerk Iffezheim,48.83135,8.11216,-0.049086347
Rosenheim,47.83825,12.15333,-0.318409
Roßhaupten,47.651451,10.735525,-0.24090101
Rudolf fettweis werk,48.67128595,8.354376729,-0.08282932
Scheuring,48.180229,10.8833102,0.09946375
Schwabmünchen M1,48.191,10.729,0.03518028
Schwabstadl,48.148375,10.867023,0.05387019
Schwammenauel,50.628507,6.479111,-0.26549456
Schwarzenbach,48.6559308,8.3262275,0.13671108
Serrig,49.566954,6.592348,0.02402979
Sorpesee,51.3510404,7.9680569,-0.14277048
Stammham,48.24932,12.86469,-0.22472788
Straubing,48.89659,12.55752,-0.1070626
Säckingen,47.5619736,7.95484645,-0.09411009
Säckingen run-of-river,47.55828,7.9558,-0.045421343
Tannheim,48.00795,10.118537,-0.13214922
Tanzmühle,49.552216,12.281256,-0.16453433
Teufelsbruck,48.11444444,12.27194444,-0.22109629
Trier,49.728029,6.624451,-0.032607585
Töging,48.2518176,12.5873078,-0.096243165
Unterbergen,48.237449,10.92718,0.026670782
Unteropfingen,48.0612649,10.1284379,-0.1781761
Uppenborn,48.473474,11.95481,-0.15913375
Uppenborn 2,48.5152,12.101,-0.087731205
Urspring,47.71598,10.825785,0.13689595
Vohburg,48.778103,11.60119,-0.04221095
WKW Großarmschlag Hauptkraftwerk,48.883166,13.359728,-0.24242398
WKW II/ Alzarkraftwerke Heider,48.068,12.576,-0.09218204
WKW III,48.154,12.652,-0.19843693
Walchensee,47.631354,11.337054,-0.16666968
Waldeck I Pumped Storage Power Plant Germany - Waldeck I Pumped Storage Power Plant Germany,51.166,9.0461,-0.021693671
Waldeck bringhausen Waldeck II M5 - Waldeck II Pumped Storage Power Plant Germany,51.167139,9.046832,-0.045376867
Waldshut Schluchsee,47.61777,8.1926,0.115143605
Wasserburg,48.05699,12.22074,-0.13913193
Wasserkraftanlage Odertalsperre,51.646122,10.504712,-0.14749607
Wasserkraftanlage Okertalsperre,51.86256,10.471185,-0.21014243
Wehr Kraftwerk Wehr - Wehr Pumped Storage Hydroelectric Power Plant Germany,47.64529898,7.91819945,-0.20239587
Wendefurth Wendefurth Pumped Storage Power Plant Germany - Wendefurth Pumped Storage Power Plant Germany,51.74223,10.91879,0.050749067
Weserkraftwerk bremen,53.061134,8.864937,-0.07265194
Wintrich,49.879784,6.948762,-0.025702087
Witznau Schluchsee,47.68791,8.25159,-0.03238052
Zeltingen,49.951074,7.023166,-0.028607532
AGRAS,40.806,22.003,0.09261714
Asomata ASOMATA - Asomata Hydroelectric Power Plant Greece,40.4744,22.2439,0.2962416
Ilarionas ILARIONAS - Ilarionas Hydroelectric Power Plant Greece,40.0966,21.8039,0.19381651
Kastraki KASTRAKI - Kastraki Hydroelectric Power Plant Greece,38.7415,21.3642,0.2633274
Kremasta,38.890417,21.499583,0.36756366
LOUROS,39.251598,20.8648,-0.20138237
Ladonas LADONAS,37.75,21.8833333,-0.12254253
Mesochora Hydroelectric Power Plant Greece - Mesochora Hydroelectric Power Plant Greece,39.4644,21.3042,0.18788062
Piges Aoos Hydroelectric Power Plant Greece,39.6871,20.8421,0.47541934
Plastiras PLASTIRAS - Plastira Hydroelectric Power Plant Greece,39.2361,21.7462,0.43198252
Platanovrysi PLATANOVRYSI - Platanovrisi Hydroelectric Power Plant Greece,41.3355,24.4621,0.3603274
Polyfyto POLYFYTO - Polyfyto  Hydroelectric Power Plant Greece,40.3305,22.1253,-0.16691126
Pournari,39.1845,21.0255,0.3114362
Sfikia SFIKIA - Sfikia Hydroelectric Power Plant Greece,40.3856573,22.2113777,-0.03367089
Smokovo,39.1463,22.0629,0.43720555
Stratos,38.676,21.3233,-0.0966686
Thisavros φράγμα θησαυρού,41.267032,24.5008777,0.101131804
HE Tiszalok,48.025136,21.307715,0.012128589
Kesznyeten hernadviz hungary Kesznyeten (Hernadviz) Hydroelectric Power Plant Hungary - Kesznyeten (Hernadviz) Hydroelectric Power Plant Hungary,47.995972,21.033037,-0.08817444
Kiskore hungary Kiskore Hydroelectric Power Plant Hungary - Kiskore Hydroelectric Power Plant Hungary,47.493163,20.514556,0.031419788
Andakíl,64.5386,-21.695,-0.13455339
Blanda,65.4158,-19.8198,-0.18172999
Búrfell,64.1052,-19.8335,-0.059833277
Búðarháls,64.2355,-19.3707,-0.037224818
Fljótsdalsvirkjun (Kárahnjúkar ),64.9471,-15.7931,-0.29098734
Hrauneyjafoss,64.2009,-19.2406,0.01556908
Lagarfoss,65.5069,-14.3656,-0.17139585
Laxárvirkjun 3,65.8182,-17.314,-0.11789214
Ljósafossvirkjun,64.0944,-21.0107,0.0016586449
Sigalda,64.1733,-19.1272,-0.014807138
Steingrímsstöð,64.129,-21.0266,-0.07346825
Sultartangi,64.1672,-19.6212,0.011878164
Vatnsfell,64.1966,-19.0341,0.053361244
Írafoss,64.0875,-21.0077,0.11311688
Ardnacrucha production unit Ardnacrusha Unit 1 - Ardnacrusha Hydroelectric Power Plant Ireland,52.7056,-8.6128,-0.04806111
Erne Scheme,54.5,-8.19,-0.13683769
Lee Scheme,51.89,-8.61,-0.048918627
Liffey Scheme / Poulaphouca,53.1233,-6.5058,-0.3539461
Turlough hill Turlough Hill Unit 1 - Turlough Hill (Tomaneena) Pumped Storage Hydroelectric Power Plant Ireland,53.0280556,-6.3930556,-0.18826826
 Valsoera - Telessio,45.487814,7.395236,0.15466523
Acceglio,44.474627,6.990918,-0.010442977
Acquoria,41.960922,12.798884,0.091372944
Agordo,46.2855556,12.0375,-0.22414702
Agri,40.289012,16.139079,0.039669756
Ala,45.758995,11.000182,-0.023976443
Alanno,42.295438,13.971105,-0.016523821
Albano,46.131588,9.280837,-0.034748457
Albi Magisano,39.01339,16.6279,0.08539581
Anapo c.le UP_ANAPO_C.L_1 - Anapo Pumped Storage Power Plant Italy,37.115761,15.137157,0.0888099
"Andonno c,",44.314628,7.482432,0.029445272
Ardenno,46.164292,9.644944,-0.16644165
Arsie',45.983007,11.758295,0.12169395
Ascoli porta romana,42.85527778,13.56527778,-0.09308041
Aventino,42.004033,14.156813,-0.025345543
Avise UP_AVISE_1,45.700913,7.193059,-0.029321542
Balsorano,41.80388889,13.55888889,-0.20820805
Barca cle,40.2333333,15.2333333,-0.16623953
Barcis,46.1597222,12.6594444,-0.07166663
Bardonecchia,45.07972222,6.71055556,-0.1157634
Bardonetto - Pont,45.40861111,7.48722222,-0.14639169
Bargi UP_BARGI_CEN_1,44.117039,11.04338,0.021939324
Baschi,42.672832,12.21796,-0.054794274
Battiggio,45.98305556,8.12694444,-0.15407744
Bergkristall Stieber,46.827532,11.169127,-0.20051748
Boazzo,45.947196,10.62107,0.058342073
Boffetto,46.15833333,9.93805556,-0.1306863
Bolognano,42.24638889,13.95388889,-0.072792344
Bordogna,45.95083333,9.71277778,-0.13100424
Braulio,46.51472222,10.40361111,-0.2406335
Bressanone,46.71503251,11.65597916,0.002919397
Brossasco,44.56722222,7.3525,-0.13444294
Brunico,46.79343,11.983386,-0.13999104
Bussento,40.1304,15.511,-0.16128251
Bussolengo,45.47833333,10.8425,-0.07067699
Cadarese,46.262983,8.327813,-0.22427075
Caffaro,45.82078451,10.52706957,-0.019932617
Cairo Montenotte,44.3938,8.2787,0.02792192
Calice,46.09518,8.28085,-0.15891397
Calore,40.97333333,14.98361111,-0.14267473
Campliccioli,46.060376,8.114612,0.019502074
Campo,46.221592,9.449839,-0.05276748
Campo moro,46.2695803,9.8720987,0.010495091
Caneva,45.96861111,12.44138889,-0.15786988
Canterno,43.475754,12.628657,-0.0033623367
Caoria,46.2,11.6833333,-0.29297623
Capriati UP_CAPRIATI_1,41.476824,14.128279,-0.048481707
Cardano UP_CARDANO_1,46.494973,11.395485,-0.1049531
Carona,46.02139,9.78285,-0.023340365
Caroso Borzonasca,44.42463,9.395171,-0.2694264
Cassino,41.55333333,13.83944444,-0.042121623
Castel giubileo,41.98833333,12.4975,0.0639962
Castel madama,41.973522,12.868485,0.046417125
Castelbello,46.628316,10.906664,-0.031444695
Casteldelf,44.58963,7.069818,-0.08296396
Castelletto,45.96972222,12.35138889,-0.0777475
Castrocucco,39.9896,15.8081,-0.034813747
Casuzze,38.07333333,13.36,-0.06592832
Cavilla,45.919705,11.730896,0.04310363
Cencenighe,46.343118,11.973394,-0.111074
Centrale Rusca,45.529214,9.533849,-0.13141623
Centrale Santu Miali,39.5366292,8.9544651,0.08177896
Centrale Uvini Monte Su Rei,39.599699,9.257067,-0.08713733
Centrale di Airole,43.869813,7.549187,-0.17758763
Centrale di Ampezzo,46.4277312,12.7834987,-0.22735596
Centrale di Aymavilles,45.710407,7.253837,-0.16457461
Centrale di Bard,45.604446,7.746439,-0.15726198
Centrale di Bevera,43.822105,7.579253,-0.036601856
Centrale di Canistro,41.9407659,13.4028744,-0.3764626
Centrale di Casteldoria,40.889793,8.893944,-0.07185377
Centrale di Contrasto Adrano,37.65189,14.805299,0.06055454
Centrale di Covalou,45.7743331,7.5951308,-0.06414225
Centrale di Faubourg,45.716877,6.945111,-0.2537597
Centrale di Grosio,46.292,10.266,-0.019842345
Centrale di Isollaz,45.6892628,7.71111,-0.10850841
Centrale di Premadio - S. Giacomo,46.4862865,10.3492706,-0.1874588
Centrale di Prestone,46.392704,9.353384,-0.18094826
Centrale di Rezzalasco,46.348831,10.355053,-0.17362216
Centrale di San Bernardo,46.3420087,9.3687663,-0.26737416
Ceprano,41.54571751,13.51472855,0.03913779
Ceresole - Rosone (Locana),45.435348,7.418466,0.024947075
Champagne,45.701758,7.2079,-0.080395944
Chatillon,45.74472222,7.59305556,-0.100878686
Chavonne,45.6999,7.2193,-0.18289869
Chiavenna,46.307194,9.395236,-0.12958418
Chievo,45.45,10.9333333,-0.060552746
Chievolis,46.3111111,12.7891667,-0.025692904
Chiotas entracque,44.1775758,7.4165053,0.018908286
Cimego UP_CIMEGO_1,45.923109,10.628414,0.12926905
Cividate,45.942493,10.277462,0.109007254
Cogolo,46.362907,10.672964,-0.011187217
Comunacqua,41.863023,13.250095,-0.061324928
Comunanza,42.957348,13.412282,0.013103932
Corenno,46.075987,9.304638,-0.056842357
Corfino,44.13195,10.410998,0.13293344
Coscile,39.809603,16.163285,0.07534608
Crego,46.24638889,8.33166667,-0.12660193
Creva,46.15,8.3,-0.13721219
Curon,46.808317,10.542652,-0.08455147
Darfo,45.893791,10.185661,-0.1939751
Dezzo di Scalve (derivazione Dezzo),45.983092,10.10006,-0.13509016
Dossi,46.0299,9.984,0.011912741
Edison ARMISA (UP_ALTOADDA_1),46.176359,9.982129,-0.03493499
Edison Angelo Bertini Paderno,45.6647544,9.4833148,-0.19344363
Edison Belviso,46.160817,10.086202,-0.16674216
Edison Carlo Esterle Cornate D'Adda,45.6540043,9.4847369,-0.14457025
Edison Ganda,46.14055556,10.12361111,-0.1829957
Edison Publino (UP_ALTOADDA_1),46.150244,9.818459,-0.101057656
Edison Sonico,46.161206,10.352905,-0.1302258
Edison VEDELLO (UP_ALTOADDA_1),46.15944,9.929995,-0.20971599
Edison VENINA (UP_ALTOADDA_1),46.1608,9.9238,-0.057386767
Edison ZAPPELLO (UP_ALTOADDA_1),46.159346,9.930337,-0.22092764
Edolo UP_EDOLO_1 - Edolo Pumped Storage Hydroelectric Power Plant Italy,46.172153,10.344367,-0.09337163
Entracque rovina UP_ETQ_ROVINA_1 - Entracque Chiotas-Piastra Pumped Storage Power Plant Italy,44.22573,7.39012,0.35869238
Fadalto UP_FADALTO_1,46.028439,12.300677,-0.08044562
Farfa,42.2181,12.6929,-0.15001918
Farigliano,44.509523,7.912195,-0.14292897
Farneta,44.3616,10.5816,-0.06590631
Fedio,44.315526,7.298728,0.039503783
Fenestrelle,45.03594,7.049409,-0.0738343
Fondovalle,46.376886,8.425713,-0.096469454
Forno zoldo,46.34083333,12.20111111,-0.09710148
Fucine,45.239148,7.375412,-0.109116696
Furlo,43.683959,12.644054,0.06918414
GALLETO,42.5427,12.7208,-0.093656175
Gardona,46.597121,11.530879,-0.06772872
Gargnano UP_GARGNANO_1,45.703881,10.686097,-0.08605885
Gaudalami - Piana degli Albanesi,37.9937488,13.2882915,0.06713204
Gerosa,42.957348,13.412282,0.013103932
Goglio devero,46.260882,8.320213,-0.094520755
Gordona,46.292293,9.365335,-0.02364199
Gravedona,46.146389,9.300937,-0.06692719
Gressoney,45.829667,7.82321,-0.18976785
Grigno,46.016007,11.636892,-0.0004777008
Grosotto Boscaccia,46.283001,10.259756,0.021295479
Hone,45.613561,7.738513,-0.07247734
Isola palanzano,44.437255,10.194488,-0.08887148
Isola serafini,45.089969,9.93657,-0.024890501
Isolato Madesimo,46.443199,9.335009,-0.05323712
Isolato spluga ISOLATO SPLUGA,46.443064,9.334613,-0.09186903
Istrago,46.110463,12.880402,-0.1082539
Lana UP_LANA_1,46.6073775,11.1613274,0.12698095
Lanzada UP_LANZADA_1,46.268585,9.877013,0.041281555
Lappago,46.890931,11.860181,-0.08210401
Lasa,46.616614,10.700159,0.043896332
Lazzaro,43.69076,12.812658,-0.005503076
Le piane,44.142257,11.163814,-0.041397747
Levane,43.552147,11.588433,0.13725686
Ligonchio ozola,44.316254,10.341393,-0.18392465
Lovero,46.23777778,10.21527778,-0.3309295
Malga ciapela,46.43392,11.976792,-0.113341555
Mallero,46.168995,9.869149,0.0706101
Mandela,42.025524,12.996287,0.054576915
Mantelera,45.929593,10.308663,-0.19537759
Marlengo,46.65261772,11.14545822,-0.077615604
Masino,46.164292,9.644944,-0.16644165
Mazzunno ,45.91083333,10.12388889,-0.20585918
Maën Cignana,45.868104,7.6147242,-0.0526135
Maën Perreres,45.8717692,7.6067958,-0.18078253
Meduno,46.2180556,12.7980556,-0.059960615
Mese UP_MESE_1,46.304613,9.376503,0.01936383
Molare,44.613917,8.606257,-0.28470078
Moline,46.058609,11.786595,-0.021633497
Monastero,46.171791,9.430139,-0.17735463
Montelungo,41.405919,13.985517,-0.1663443
Montjovet,45.707963,7.67411,-0.067069136
Montorio UP_MONTORIO_1,42.58555556,13.70888889,-0.13000208
Morasco,46.376886,8.425713,-0.096469454
Morino,41.87305556,13.45583333,-0.14036998
Mucone,39.4716,16.4056,-0.24994092
Muschioso,44.295555,10.570198,-0.17683917
Muzzone Coghinas ,40.719766,9.101024,0.15183112
Naturno UP_CNTRLNTRNO_11,46.651148,10.993403,-0.083171524
Nazzano,42.20055556,12.61138889,-0.014103791
Nembia,46.076602,10.908474,0.010925511
Nove,45.9766667,12.3033333,0.05714422
Nus,45.7395178,7.4459142,-0.11118706
Orichella Timpagrande Calusia UP_ORTICA_1,39.17553,16.780345,0.03248976
Orte,42.517131,12.523069,0.002950464
Ozieri Monte Lerno,40.585962,9.001224,0.12584092
Paisco,46.030996,10.345862,0.051475286
Palazzo,39.799101,15.90748,-0.046993665
Palazzolo sull'Oglio,45.61888889,9.90111111,-0.18042226
Pallanzeno,46.04202073,8.259487152,-0.02985122
Pantano d'avio,46.178199,10.329159,0.068083845
"Paterno' c,le",40.2333333,15.2333333,-0.16623953
Pedesina,46.08189,9.549444,-0.15199864
Pelos,46.5041667,12.4736111,-0.3521806
Penna,43.417645,11.723338,0.02062734
Perreres,45.876066,7.624305,0.00017709426
Pescara,42.213736,13.913504,0.11000342
Pian della rocca,43.978948,10.545703,0.03418171
Piedimulera,46.02408493,8.258972168,0.054339807
Pietraporzio,44.343724,7.035322,-0.047687523
Pieve vergonte,46.012976,8.260816,-0.08568602
Pizzone,41.672525,14.036415,-0.23883174
Pont st. martin,45.595361,7.794514,-0.19323869
Pont ventoux,45.141299,6.962786,-0.121786036
Ponte Vizzà,44.250215,9.679784,-0.20813884
Ponte annibale,41.099714,14.220126,-0.030280316
Ponte gardena,46.597121,11.530879,-0.06772872
Ponte malon,46.5555556,12.4380556,-0.2809946
Ponte marm,46.376886,8.425713,-0.096469454
Pontecorvo,41.382916,13.686911,-0.01906237
"Poschiavino c,le",46.203898,10.133854,-0.12005791
Pracomune,46.5478079,11.0070771,-0.28029257
Prati vizze,46.85,11.3833333,-0.34190944
Predazzo,46.308814,11.599686,-0.041467596
Premesa,46.56662,11.56098,0.021103539
Presenzano UP_PRESENZAN_1 - Presenzano (Domenico Cimarosa) Pumped Storage Power Plant Italy,41.380906,14.09146,0.13892183
Provvidenza UP_PROVVIDEN_1,42.511133,13.410606,-0.17517
Quart,45.740261,7.466604,0.0018422595
Quero,45.921807,11.9315,0.047181077
Quincinetto,45.56296,7.807315,0.10513142
Radicone Troina,37.829642,14.576644,0.04249408
Regoledo,46.135091,9.551643,-0.073364325
Resio,45.925692,10.250862,-0.000819426
Rio pusteria,46.8333333,11.6166667,-0.32734728
Rio riva,46.920333,11.954483,-0.09947088
Riva garda nuovo,45.883103,10.837735,-0.078731894
Roncovalgrande UP_RONCOVALG_1PS - Roncovalgrande Pumped Storage Power Plant Italy,46.067588,8.731877,0.0060635046
Rovesca,46.060376,8.114612,0.019502074
"S,silvestro",46.149311,11.789193,-0.1301232
S. floriano UP_SFLORIANO_2,46.290466,11.245401,-0.06133274
S.fiorano,46.049856,10.351457,0.14802186
S.massenza - Vezzano molveno UP_S MASS CL_1,46.067653,10.983605,0.02466035
Sagittario nuovo,41.99383,13.803905,0.09817809
Saint-Clair,45.7425728,7.6221486,-0.24673878
Salbertrand - Chiomonte,45.12167,6.979784,-0.13418853
Salisano,42.259328,12.745778,-0.14831674
Salsominore,44.643854,9.496569,-0.09135321
Sampeyre,44.579631,7.184521,0.03630606
San Michele Caroso Borzonasca,44.42463,9.395171,-0.2694264
Sanfront,44.647034,7.321022,0.06776302
Sarentino,46.64352,11.355774,-0.03424378
Satriano,38.666883,16.481205,0.12703115
Saviner,46.43392,11.976792,-0.113341555
Seled glorenza SELED GLORENZA,46.6879187,10.5465492,-0.03862571
Sendren,45.775066,7.826612,-0.08625126
Signayes,45.73736,7.316601,0.07721048
Sistema Alto Flumendosa Bau Muggeris Sa Teula,39.9622222,9.5055556,0.022901287
Somplago UP_TAGLIAMENTO_1,46.343237,13.067161,0.008179667
Sondrio UP_SONDRIO_1,46.173,9.8876,0.04263396
Sorio nuova,45.44213,12.34014,0.20403306
Sospirolo,46.1394444,12.0677778,-0.23993592
Soverzene UP_SOVERZENE_1,46.201029,12.302334,-0.00680876
Sperando,44.027651,10.765107,-0.015726563
Spigno Monferrato,44.539551,8.338876,-0.022333622
Stanga,46.1111111,12.1002778,-0.19855192
Stazzona,46.203898,10.133854,-0.12005791
Storo,45.84924956,10.58022022,0.16841827
Suio,41.240815,13.932818,0.011574965
Suviana,44.170457,11.088812,-0.20871843
Taio S.Giustina Mezzocorona UP_NOCE_1,46.326132,11.063244,-0.024315223
Taloro (Gusana - Cucchinadorza - Benzone) UP_TALORO1_1 - Tumuele Baddu Ozzana,40.127148,9.140644,0.06566753
Tanagro,40.543612,15.44886,-0.0016214139
Teglia,44.375151,9.878882,0.117061324
Telessio - Eugio - Rosone,45.433313,7.417422,-0.22851714
Tirso,40.032651,8.896729,0.13406524Rajan 1/2
Gallicano,44.057349,10.4452,-0.02797483
Torbole UP_TORBOLE_1,45.882608,10.882742,0.012368659
Tornavento,45.59677,8.754735,0.09245623
Torrent,45.682972,8.708733,0.03882251
Torrite,44.12125,10.404598,-0.14837317
Triano,42.360941,14.138007,0.04951987
Tusciano,40.657211,15.02305,0.09751212
UP_SGIACOMO_3,42.553001,13.556,-0.16865352
Val noana,46.149311,11.789193,-0.1301232
Valpelline UP_VALPELLIN_1,45.825196,7.333163,-0.10513711
Vaprio D'Adda,45.576941,9.535214,0.059159998
Varzo,46.20668,8.252412,-0.08530507
Venamartello,42.769944,13.410185,0.08044621
Venaus UP_VENAUS_1 (Venasco),45.161887,7.008396,0.0392631
Verampio,46.210781,8.320614,0.0033393982
Verres,45.666562,7.689111,-0.016296197
Villa,41.961334,14.342717,-0.099620715
Villa rinaldi,46.0347222,12.6791667,0.032782312
Vinadio,44.309025,7.176025,-0.06446525
"Vizzola t,",45.6317,8.6865,-0.21865849
Vobarno,45.640087,10.503473,-0.007883063
Volturno,41.625824,14.089016,-0.11930642
Zevio,45.372086,11.129292,0.064658895
Zuino,45.712165,7.882814,-0.02473032
HC LUMBARDHI 1 2 Belaja DECANI,42.58880928,20.17900745,-0.19438069
Ujmani,42.940311,20.652053,0.310995
Kegums hpp Kegums HPP - Kegums Hydroelectric Power Plant Latvia,56.7405,24.7113,-0.071593605
Plavinas hpp Plavinas HPP - Plavinas Hydroelectric Power Plant Latvia,56.583,25.2394,-0.067091696
Riga HPP,56.94600412,24.10589218,0.024403255
Kaunohe Kauno KHE------HA1 - Kaunas Hydroelectric Power Plant Lithuania,54.87414,24.0,0.011740495
Kruonis & extension Kruonio KHAE-----HA1 - Kruonis Pumped Storage Hydroelectric Power Plant Lithuania,54.797866,24.248169,0.19265448
Hydropower Plant CHE-Costesti,47.8381,27.2246,0.03531207
Hydropower Plant Dubasari,47.2778,29.123,0.058790106
HE Glava Zete,42.6,18.98,-0.10511824
Perucica Hydroelectric Power Plant Montenegro - Perucica Hydroelectric Power Plant Montenegro,42.6718,18.9951,0.041049205
Piva_G1 - Piva (Mratinje) Hydroelectric Power Plant Montenegro,43.272999,18.841999,0.4065177
Globocica (Crn Drim) Hydroelectric Power Plant Macedonia,41.3371,20.6347,0.14707687
Kalimantsi Hydroelectric Power Plant Macedonia - Kalimantsi Hydroelectric Power Plant Macedonia,41.97115,22.57809,-0.16229841
Kozjak Hydroelectric Power Plant Macedonia - Kozjak Hydroelectric Power Plant Macedonia,41.8792,21.1921,0.06342196
Matka Hydroelectric Power Plant Macedonia - Matka Hydroelectric Power Plant Macedonia,41.9528,21.2982,-0.031595282
Raven Hydroelectric Power Plant Macedonia - Raven Hydroelectric Power Plant Macedonia,41.7791,20.8563,-0.059144393
Spilje Hydroelectric Power Plant Macedonia,41.4936,20.5054,0.09059076
Sveta Peka Hydroelectric Power Plant Macedonia - Sveta Peka Hydroelectric Power Plant Macedonia,41.9249,21.2647,0.09287039
TIKVES G1 - Tikves Hydroelectric Power Plant Macedonia,41.404999,21.936001,-0.15194966
VRUTOK G1 -  Mavrovo Vrutok Hydroelectric Power Plant Macedonia,41.771,20.84,-0.18360645
Vrben Hydroelectric Power Plant Macedonia - Vrben Hydroelectric Power Plant Macedonia,41.7166,20.7219,-0.15280865
Aall-Ulefoss,59.281502,9.253044,-0.02656959
Adamselv,70.409578,26.701878,-0.27214178
Alta krv,69.717916,23.795677,-0.25240278
Andåsfossen,65.822425,13.259879,-0.25650802
Askerudfoss,60.20311,10.342111,-0.103597805
Aunfoss,64.610022,12.578041,-0.106296316
Aura,62.664258,8.514969,-0.21147916
Aurland I,60.8525,7.300704,-0.22480981
Aurland II H,60.805201,7.377305,-0.0023654883
Aurland II L,60.804331,7.378572,0.045473717
Aurland III,60.798131,7.571407,-0.24665849
Aurland IV (Vangen),60.901828,7.178971,-0.1792002
Aurland V (Reppa),60.804002,7.35285,-0.183949
Bagn,60.827132,9.548789,-0.15306635
Bardufoss,69.043788,18.589681,-0.15704475
Befring,61.609102,6.635326,-0.19529334
Begna,60.202559,10.249582,-0.13116527
Bele,63.017618,8.527644,-0.26318973
Bergerfoss,60.227748,10.376135,-0.084237985
Bergsbotn,69.433207,17.483038,-0.023777215
Bergselva,69.299368,19.985893,-0.29157338
Bergstø,59.906073,6.497474,-0.09673315
Berild,62.447595,7.487445,-0.18799497
Berlifoss,58.945844,8.482479,-0.01340203
Bingsfoss,59.989971,11.264708,-0.06333028
Bjelland,58.405782,7.523531,-0.34574082
Bjerka,66.062707,13.997822,-0.18806598
Bjordalen,59.674243,8.558921,-0.19729266
Bjølvo,60.440065,6.406111,-0.10660735
Bjørdal,62.134077,6.298791,-0.24726836
Bjørgelva,69.144622,17.945353,-0.23906414
Bjørkåsen,68.327861,16.786002,-0.26152402
Bjørndalen,61.821713,5.799066,0.064920045
Bjørndalselva,61.5096,6.287082,-0.1619013
Blådalselva,60.764629,5.385733,-0.16928346
Blåfalli III H,59.874602,6.073856,-0.13928571
Blåfalli III L,59.874725,6.074131,-0.13242751
Blåfalli IV,59.930933,6.197613,-0.051605873
Blåfalli V,59.919097,6.187562,0.03685205
Blåfalli Vik,59.844023,5.994117,-0.23260503
Boen Foss,58.245048,8.1401,0.049276803
Bogna,64.228736,12.025878,-0.2970567
Borgund,61.061044,7.822617,-0.24816768
Borregaard,59.276365,11.129869,-0.051463887
Braskereidfoss,60.706254,11.791752,0.029389456
Bratsberg,63.357887,10.447937,-0.3312935
Brattingfoss,64.046234,11.082015,-0.24513787
Brattset,62.802952,10.017076,-0.42874902
Breiava,59.159053,6.612866,0.054366346
Breivikelva,67.054756,14.478863,-0.22814946
Brokke,59.12481,7.5063,-0.3119617
Brulandsfoss,61.435682,5.915368,0.0600824
Brunstad,62.284418,6.67713,-0.30750358
Bruvollelva,64.266277,12.294282,-0.2279916
Brødbølfoss,60.033452,12.371142,-0.23349336
Byafossen,64.038142,11.552689,-0.060736388
Byrkjelo,61.733639,6.508575,-0.0785694
Byrte,59.496878,7.829058,-0.3064556
Båtsvatn,68.090128,17.716649,0.14401773
Bøhnsdalen,60.286995,11.194128,-0.126755
Bøylefoss,58.596229,8.716276,0.027035229
Daja,67.082708,16.055171,-0.2601058
Dale (Volda),62.063379,5.926892,-0.24285142
Dale II,60.581955,5.823857,-0.21491687
Dalelva,60.12831,6.233554,-0.061238337
Dalsfos,58.96678,9.313175,-0.09622047
Dalvatn,59.690494,6.570213,0.015880335
Dauremål,61.829094,5.78213,0.052304406
Deveggåe,60.251962,8.83648,-0.16916662
Dittielva,68.656321,18.784474,-0.17141294
Dividalen,68.875556,19.560557,-0.32700762
Djupdal,59.939501,9.339152,-0.0022171142
Dokka,60.810641,10.135008,0.024111878
Dokkelva,62.679671,8.137279,-0.29375106
Dragefossen,67.023919,15.321611,-0.20450151
Driva,62.627288,8.893746,-0.27599296
Duge,59.128899,6.892177,0.19869126
Duvedalen,60.960885,5.48906,-0.20701076
Dversetelva,67.161093,15.405711,-0.13623205
Dynjanfoss,58.951934,8.394045,0.08267799
Dyrdalselva,61.116097,6.01307,-0.22209787
Dyrnesli,61.204094,5.811217,-0.060821656
Døla,63.951327,11.65664,-0.31853002
Døvikfoss,59.885624,9.909036,0.044703737
Egge,61.683966,6.521126,-0.27067363
Eid,60.720717,9.713376,-0.056971606
Eidefossen,61.8037,9.303697,-0.1201843
Eidsdal,62.225603,7.143688,-0.2964974
Eidsfoss,59.297123,9.219933,0.017415844
Eidsfossen,61.756715,6.245702,-0.062433604
Eikelandsosen,60.255341,5.74083,-0.2891675
Einunna,62.231331,10.342027,-0.05125163
Eiriksdal,61.238651,6.159359,-0.2009884
Ekkjestølen,59.791456,6.767096,-0.16006118
Eldao,61.46122,7.03845,-0.15482205
Eldrevatn,61.01993,8.127023,-0.06606354
Ellenelva,69.380694,19.644744,-0.13977762
Embretsfoss,59.902164,9.925332,-0.09320739
Engeset,62.264103,6.860074,-0.26384377
Evanger,60.662252,6.118739,-0.36449972
Evenstad,58.543204,8.673748,0.06615084
Fagerli,67.116045,16.067266,-0.2661949
Fagervollan,66.375658,13.657311,0.07069105
Fall,60.678333,10.352728,-0.183218
Faslefoss,60.958423,9.300065,-0.2823774
Fausa II,62.357548,6.894803,-0.003428369Rajan 1/2
Fellesanlegget Kykkelsrud-Fossumfoss,59.579898,11.100725,0.036283866
Finndøla,59.187073,8.039687,-0.08947742
Finså,58.65991,6.698752,-0.14123854
Fiskløysa,64.465473,14.03276,-0.26927692
Fivelandselva,59.674717,6.418735,-0.21724014
Fjellet,59.400865,9.550383,-0.069140136
Fjelna,63.199304,9.006507,-0.23942842
Fjone,59.21679,8.451892,-0.03543892
Fjæremsfoss,63.321965,10.436126,-0.10427065
Flatenfoss 2,58.629922,8.688104,0.16953187
Flatenfoss 3,58.629862,8.687982,0.18167666
Flittig,59.323002,9.53647,-0.2135376
Flørli,59.010982,6.445127,0.17490584
Follafoss,63.986371,11.094741,-0.40789977
Follsjå,59.659779,9.213667,-0.23511633
Forneselva,69.596644,19.903016,-0.021310588
Forsanvatn,67.950665,15.654038,-0.19673334
Forsland,66.074163,13.047689,0.05652822
Forså,66.951346,14.2253,0.073620066
Fossan,63.027127,11.70028,-0.1406797
Fossbråten,60.976724,9.295138,-0.30343217
Fossheim,61.579621,6.502653,-0.3813463
Fossmark,58.976905,6.24297,-0.16207193
Framruste,61.937434,7.886853,-0.27843994
Fritzøe,59.052673,10.018279,-0.08303451
Frøland,60.384643,5.806852,-0.13212042
Frøystul,59.824603,8.345011,-0.1479797
Funna,63.440244,11.742539,-0.33968034
Funnefoss,60.167127,11.529376,-0.043071434
Furegardane,60.636372,6.17251,-0.18539202
Furset,62.282863,6.884733,-0.19468994
Fykanvannet,66.796795,14.000749,-0.0056919493
Gamlebrofoss,59.657714,9.651615,0.116294265
Gandvik,70.014732,29.115253,-0.09211739
Gaudøla,62.685993,8.416823,-0.2594628
Gaula,62.802846,11.370119,-0.18901011
Gausbu,59.367561,7.892581,-0.2812943
Gausvik I,68.608998,16.493108,-0.20992227
Geithusfoss,59.928859,9.963443,-0.027144587
Geitåni,60.649557,6.007385,-0.11598451
Gire,60.501992,9.136954,-0.25261322
Gisnafallet,62.694766,9.941145,-0.20626968
Gjerdsvika,62.256071,5.583926,-0.207156
Gjesdal,61.487222,6.120527,-0.19699529
Gjetingsdalen,60.138493,6.240125,-0.26437908
Gjuva,60.929668,8.422985,-0.17877775
Gjønaelva,60.260097,5.865826,-0.20476963
Glomfjord,66.796875,14.000939,-0.001604016
Gosland,60.608276,6.344046,-0.23633072
Govddesåga,66.923648,14.393596,-0.23273377
Grana,62.915995,9.680167,-0.18124373
Gravfoss I,59.931023,9.945466,0.024778781
Gresslifoss,63.053018,11.489542,-0.2927164
Grytendal,65.184825,12.798047,-0.15302199
Grytneselva,62.723486,8.114792,-0.19354896
Gryto,60.414314,6.25049,-0.22682749
Grytten,62.500671,7.776139,-0.23978609
Grytåga,65.803544,12.72901,-0.09652601
Gråsjø,62.933703,9.125257,-0.067970276
Grøa,62.639218,8.730667,-0.3544219
Grønsdal,60.44001,5.860706,-0.30131018
Grønvollfoss,59.658549,9.207749,0.05555512
Grøslandselva,60.417901,9.375481,-0.2834684
Grøvla,61.499777,5.975762,-0.14492366
Gudåa,63.438872,11.616029,-0.24197046
Hafslund,59.274985,11.129381,-0.13492657
Hakavik,59.624806,9.953291,-0.10261521
Hammeren,59.996669,10.749974,-0.23385583
Hanefoss,58.530183,8.334636,-0.085879944
Hardeland H,59.657666,6.096468,-0.1911314
Hardeland K,59.657561,6.096339,-0.18607874
Harpefossen,61.581624,9.842172,-0.16999283
Hatlestad,61.384128,6.737623,-0.03047905
Haugafossen,60.28032,6.264236,-0.19863398
Haugfoss,59.913781,9.885792,-0.12843536
Haukeli,59.732555,7.544277,-0.20248793
Haukland,58.465032,6.544322,-0.15737203
Haukrei,59.204847,7.835123,-0.11458697
Heggmoen,67.355703,14.8518,-0.22783525
Hegsetfoss,63.164753,11.231371,-0.22798462
Hekni,58.996124,7.54686,-0.30118653
Helganes,59.499145,6.57497,-0.32790053
Helgheim,61.561844,6.403492,-0.16810143
Helgåa,62.061383,5.752021,-0.2158433Rajan 1/2
Gravfoss II,59.929421,9.946417,-0.17673375
Grunnåi,59.517958,8.671041,-0.342894
Hellandsfoss,60.83077,5.881864,-0.12080233
Hellandsfossen,60.832358,5.883056,-0.058388904
Hellefoss,59.787085,9.900813,-0.08160364
Hellifossen,65.066945,12.3519,-0.1449759
Hemsil I,60.802417,8.638246,-0.21284348
Hemsil II,60.705018,8.969284,-0.3060248
Hensfoss,60.208303,10.239006,-0.035813786
Herand,60.346716,6.404039,-0.21991123
Herje,62.668789,7.532345,-0.27989393
Herva,61.565819,7.86585,-0.04618516
Hesjeberg,68.730314,17.470616,-0.1524268
Hinøgla,61.495152,9.278089,-0.10499441
Hisvatn,58.609254,6.895574,-0.20973034
Hjartdøla,59.608253,8.713219,-0.22149399
Hjelmeland,59.223845,6.219298,-0.21434006
Hodnaberg,60.55784,6.211286,-0.027320627
Hofsfoss,60.185024,10.241127,-0.019102225
Hogga,59.310502,9.045155,-0.037437685
Hogstad,59.321348,9.657249,-0.17590031
Hol I (Urunda),60.62675,8.181679,-0.09839753
Hol I (Votna),60.626677,8.182144,-0.09495223
Hol II,60.611234,8.26258,-0.2093388
Hol III,60.58293,8.404554,-0.31755275
Holen,61.355592,7.086449,-0.13907212
Holen I-II,59.353128,7.247817,-0.21032462
Holen III,59.353127,7.247782,-0.21045613
Holmen,60.849199,6.722972,-0.042509645
Holsen,61.419767,6.158174,-0.19329558
Hommelfoss,60.900223,5.617947,-0.22776985
Hopland,61.863325,6.321515,-0.07603396
Hopselva,60.31221,5.669692,-0.2473255
Hovatn,58.983853,7.67232,-0.35277984
Hove,61.066514,6.589224,-0.36357763
Hovland,61.593455,5.443195,-0.21313052
Hunderfossen,61.219683,10.439034,-0.15059052
Hunsfoss,58.265174,7.966342,0.13369533
Hylen,59.557855,6.602344,-0.25788274
Hynna,63.057755,11.43934,-0.14914997
Håen,63.113494,10.478311,-0.28490654
Håkvik,68.403304,17.42153,-0.28499654
Hålandsfoss,61.330877,5.413983,-0.12223376
Håvardsvatn,60.10165,6.913308,0.036064472
Håverstad,58.505942,7.417104,-0.07328997
Høgefoss,58.951596,8.517097,0.07899337
Hønefoss,60.169989,10.25448,-0.1356571
Høyanger K5A,61.21888,6.063321,-0.118088625
Høyanger K5B,61.218822,6.063635,-0.1041502
Høylandsfoss,58.281282,6.815432,-0.087592095
Ildgrubfossen,66.300896,14.350961,-0.22863257
Imsland,59.478233,5.990793,-0.25865275
Innset,68.659576,18.824753,-0.23296335
Istad,62.805201,7.700295,-0.2011723
Iveland,58.390377,7.894692,-0.047975983
Jordal,62.754863,8.315464,-0.2596451
Jordalen 2,60.869995,6.724412,-0.11545144
Jostedal,61.520817,7.308742,-0.04961923
Jukla,60.191554,6.389272,-0.038330663
Julfoss,63.41285,10.944374,-0.27689955
Julskaret,63.140481,10.968042,-0.30987045
Juvfossen,62.246257,6.890173,-0.22268865
Jørundland,58.906297,8.22607,-0.25240466
Jøssang,59.002831,6.081567,-0.23401842
Jøssingfjord,58.326221,6.351906,-0.056970753
Kaggefoss,59.947544,9.934564,-0.20225158
Kaldestad,60.364247,6.150254,-0.11032881
Kaldsåni,59.540832,7.33328,-0.007836356
Kalvedalen,61.258271,8.757071,-0.1427692
Kandal,61.671548,6.379287,-0.21657224
Kangsliåga,66.148018,13.850365,-0.2974039
Kanndalen,62.675889,8.157595,-0.3289061
Kaupanger 3,61.198121,7.224067,-0.07404378
Kildalen,69.665984,21.10666,-0.19009978
Kinnforsen,66.127928,13.61361,-0.42708662
Kinso,60.351842,6.757931,-0.1872074
Kiste,59.242816,9.811942,-0.13986064
Kjela,59.736731,7.434555,-0.11231767
Kjeldalselva,69.290812,19.910354,-0.15055391
Kjensvatn,66.057335,14.243865,-0.2342667
Kjosfoss,60.747019,7.134844,-0.07039861
Kjøsnesfjorden,61.511812,6.60963,-0.031092688
Kleiva,59.739328,6.518956,-0.17740354
Klosterfoss,59.198381,9.609542,-0.06513236
Kløvtveit,60.976254,5.280915,-0.18762434
Knutfoss,64.522753,12.426384,-0.15988658
Kobbelv,67.621621,16.007076,-0.01253797
Kobbholm,69.762373,30.706416,-0.05287002
Kolsvik,65.209196,12.796868,-0.24480867
Kongsfjord I,70.598729,29.057905,-0.1766646
Kongsfoss,59.89513,9.911384,-0.13868988
Kongsvinger,60.202822,11.892736,0.024787199
Krogstadelva,68.884472,18.420259,-0.2447057
Krokevatn,60.983711,5.698632,-0.0018792206
Kuli,58.716285,6.632243,-0.15604424
Kulu,60.616102,8.534165,-0.1660844
Kupe,61.639534,5.098009,-0.043914367
Kuråsfoss,62.673965,11.454045,-0.089541666
Kvanndal,59.658147,6.985079,-0.07328267
Kvannvatn,66.417748,14.522988,-0.13151793
Kvassteinåga,66.127891,13.572895,-0.1547276
Kvemma,61.042128,7.767102,-0.18153335
Kvilldal,59.526995,6.658841,-0.28364092
Kvinen,58.935618,7.088094,0.054304637
Kvitno,60.174717,6.546339,-0.27942583
Kvittingen,60.464284,5.915178,-0.19895129
Kvænangsbotn,69.720002,22.057216,-0.18247703
Kåven,70.117984,22.796744,-0.30100378
Lakshola,67.451702,15.742424,0.052258544
Lang-Sima,60.507421,7.140704,-0.19647996
Langdalselva,70.026561,22.099499,-0.2788661
Langedal,61.563993,5.572292,-0.057131793
Langedalen,62.072866,6.799832,-0.24924639
Langfjord,65.375988,12.699796,-0.05095822
Langfoss,58.901719,9.337977,-0.057066254
Langvatn,66.336842,14.166999,-0.21357
Lassajavrri,69.658857,22.217542,0.069583096
Laudal,58.244885,7.515696,-0.306692
Lavkajohka,69.235588,20.523863,0.030123426
Leikanger,61.204764,6.708265,-0.15955018
Leinafoss,60.831726,7.118358,-0.20829177
Leirdøla,61.4371,7.23479,0.0446229
Leirelva,66.044449,14.063713,-0.16613358
Leirfossene,63.372365,10.404037,-0.22322085
Leiro,60.406628,7.376671,0.021214498
Leiråa,65.327052,12.918319,-0.18920165
Leknesvatn,61.434683,5.35534,0.03721115
Lindland,58.358826,6.300171,-0.29603565
Linvasselv,64.652493,13.786226,-0.28318694
Lio,59.465161,7.932223,-0.20112415
Lislevatn,58.57946,7.967914,-0.10518635
Litj-Hena,63.04971,11.487127,-0.28667012
Litjfossen,62.662417,10.139673,-0.2614691
Litledalen,59.663476,6.065529,-0.15663339
Logna,58.763639,7.51007,-0.15878792
Lomen,61.140411,8.881986,-0.27463695
Lomi,67.120911,16.120824,-0.05703878
Lutufallet,61.065634,12.581802,0.0026495345
Lya,60.664311,8.680959,-0.21926796
Lysebotn 2,59.065338,6.632272,0.109661035
Lysvatn,66.875106,13.84261,-0.05669097
Løpet,61.163873,11.456755,-0.010163858
Matre H,60.870058,5.596857,-0.1908745
Matre M,60.872581,5.594089,-0.28202936
Mattisfoss,69.916531,23.013535,-0.15176034
Maudal,58.764683,6.36841,-0.14878872
Mauranger,60.127577,6.337427,-0.16905743
Mel,61.350357,6.573761,-0.26010185
Mela,64.254483,12.545905,-0.31142858
Melkefoss,69.399382,29.7873,-0.13327678
Meråker,63.407563,11.776733,-0.40222496
Rajan 1/2,40.26653611,20.52168611,0.13638928532600403
Kopa,62.033469,6.39558,-0.034013621509075165
Mesna,61.115301,10.454126,-0.13248905539512634
Middøla,59.929771,8.748934,-0.20579516887664795
Midtlæger,59.833807,6.9935,-0.018626607954502106
Midtre Tessa,61.842305,8.960191,-0.18029910326004028
Moflåt,59.883233,8.684686,-0.20518164336681366
Mosbakka,59.639354,6.298696,-0.24230574071407318
Mosvik,63.726499,10.865013,-0.37731948494911194
Muoidejohka,66.811343,14.644825,-0.16867536306381226
Mydalen,59.715441,8.699349,-0.14018070697784424
Myklebost,61.524872,6.35634,-0.2192842960357666
Mykstufoss,60.050395,9.19932,-0.2867411673069
Myster,60.738619,5.806827,-0.16994421184062958
Mågeli,60.132949,6.628084,-0.018317310139536858
Målset,60.978203,6.516092,-0.1414659172296524
Mår,59.885318,8.674014,-0.27515503764152527
Mølleelva,69.950044,23.06281,-0.14311429858207703
Mørre,63.927744,10.233434,-0.1161668449640274
Naddvik,61.176752,7.626967,-0.11844394356012344
Nea,63.032064,11.703242,-0.13344255089759827
Nedalsfoss,62.957739,12.098549,-0.08409641683101654
Nedre Bersåvatn,60.168571,6.671918,0.07602502405643463
Nedre Fiskumfoss,64.543207,12.454644,0.016047801822423935
Nedre Leiråga,66.441674,13.86279,-0.09175273030996323
Nedre Markevatn,61.462957,5.322115,0.029891015961766243
Nedre Nea,63.155303,11.235879,-0.28871050477027893
Nedre Otta,61.792927,9.383549,-0.1135859340429306
Nedre Porsa,70.401409,23.627292,-0.16511745750904083
Nedre Røssåga,66.052027,13.774634,-0.2999909222126007
Nedre Svultingen,61.154509,5.350066,-0.23257051408290863
Nedre Tessa 1,61.846025,8.96078,-0.17000211775302887
Nedre Tessa 2,61.846032,8.961143,-0.1582379937171936
Nedre Vinstra,61.564563,9.792926,-0.3114691376686096
Nes,60.603391,9.064691,-0.2685176730155945
Neselva,61.694729,6.373533,-0.13350775837898254
Nessane,61.13531,6.272163,-0.11072731763124466
Neverdalsåga,66.822241,13.980626,-0.05190478637814522
Niingen,68.53702,17.028627,-0.14151126146316528
Nomeland,58.356703,7.904827,0.010372106917202473
Norddalen,68.174304,17.919127,-0.02208041585981846
Nordvik,62.869929,8.622095,-0.2574935555458069
Nore I,60.267223,8.959338,0.08619577437639236
Nore II,60.238241,9.00084,-0.08819741010665894
Novle,59.831861,6.881373,-0.24624687433242798
Nybrufoss,59.667538,9.652135,0.0012855209643021226
Nybuelvi,60.553377,9.183276,-0.27324286103248596
Nye Suvdøla,59.1495,8.815056,-0.1797606199979782
Nye Verma,62.345564,8.046513,-0.33267077803611755
Nygard,60.892783,6.065015,-0.17076948285102844
Nygård,68.475637,17.626088,0.0060859862715005875
Nyset,61.163283,7.750692,-0.0075263394974172115
Nørlandselva,60.822291,5.381364,-0.021524351090192795
Offervann,70.360458,26.891966,0.06927819550037384
Oftedal I,58.542325,6.734958,-0.13981975615024567
Oftedal II,58.542997,6.709784,-0.17100173234939575
Oksebotn,60.738549,6.261966,-0.034622013568878174
Oksla,60.125942,6.568911,-0.2372332066297531
Oldereid,67.129685,14.955136,-0.11189199239015579
Oltedal,58.828059,6.055008,-0.2126283496618271
Oltesvik,58.851993,6.123135,0.004176202230155468
Ormsetfoss,63.84787,10.682239,-0.44306978583335876
Osa,61.237602,11.517878,-0.04237498715519905
Osbu,62.508165,8.473322,-0.005532562267035246
Osdalen,61.992549,6.358703,-0.10567750036716461
Osen,58.662373,6.617867,-0.20958875119686127
Osfallet,61.201663,11.506418,-0.20320063829421997
Osteren,69.311689,17.166028,-0.19661679863929749
Pikerfoss,59.721147,9.594435,0.07652733474969864
Ramfoss,60.084174,9.816174,-0.16725243628025055
Rana,66.294966,14.270422,-0.12634584307670593
Rasdalen,60.636289,5.963677,-0.21906772255897522
Raukforsen,67.671732,16.060866,-0.28540554642677307
Refsdal,61.021375,6.567661,-0.15034283697605133
Reinfossen,66.349608,14.342784,0.03007540851831436
Reingardsåga,66.441763,14.259013,-0.22380268573760986
Reinset,62.804585,8.502891,-0.2858507037162781
Reinskar,66.944213,14.122051,-0.01995050348341465
Reinåga,66.037574,13.854985,-0.22231268882751465
Rekvatn,67.824218,15.993795,-0.05016374960541725
Rendalen,61.811303,11.114915,-0.17286084592342377
Reppa,66.645942,13.560479,-0.05972976237535477
Repvåg,70.773547,25.616486,-0.1625206172466278
Riksheimdal,62.340278,6.531834,-0.18645352125167847
Ringdal,62.08921,6.853629,-0.22849169373512268
Ringedalen,60.115822,6.625288,-0.20221559703350067
Rognsfossen,60.632487,6.431703,-0.05428597331047058
Romøyri,61.285947,6.684627,-0.17656424641609192
Rongkleiv,61.664138,5.912952,-0.24475136399269104
Roppa,61.240405,10.058534,-0.18985451757907867
Roskrepp,59.026674,7.089143,-0.18475663661956787
Rosten,61.860793,9.408787,-0.30342432856559753
Rottenvik,69.600545,20.27112,-0.24056918919086456
Rusdalsåni,58.588596,6.506877,-0.15981478989124298
Rygene,58.406049,8.636195,-0.08818396925926208
Rånåsfoss,60.027536,11.323332,0.10376252233982086
Råssåfoss,62.827032,8.701812,-0.3068453073501587
Rødberg,60.263113,8.976154,-0.13001547753810883
Rødne,59.562936,5.871519,-0.17498499155044556
Røldal,59.818538,6.818576,-0.2352478951215744
Røneid,61.417,7.257286,-0.09326808899641037
Røstefoss,62.507535,11.263389,-0.02877102605998516
Røyrvikfoss,64.886275,13.562079,-0.05196307227015495
Sage,61.482112,7.440386,-0.24216383695602417
Sagefossen,61.614778,5.678216,-0.11119267344474792
Sagelva,63.462784,11.512801,-0.13695302605628967
Sagevikelv,61.361474,5.561724,-0.18687260150909424
Sagfossen,67.904601,15.860028,-0.25120288133621216
Sagnfossen,61.161438,12.44547,-0.0807124599814415
Saksenvik,67.110578,15.462681,-0.15895287692546844
Salhuselva,67.805099,15.773792,-0.15439926087856293
Saltdalelva,69.515225,19.25669,-0.2416260689496994
Salvasskardelva,68.652366,18.897696,-0.001050247228704393
Sama,63.111583,10.601726,-0.19057945907115936
Sarp,59.27644,11.133689,-0.07187944650650024
Saurdal,59.479142,6.692334,0.08616989105939865
Savalen,62.185692,10.611858,-0.32551589608192444
Selselva,61.387342,5.61457,-0.23397541046142578
Sesselva,62.556419,7.161748,-0.2411351054906845
Seterkraft,62.674848,8.430747,-0.26158466935157776
Sevre,60.470494,9.22888,-0.19645458459854126
Sigdestad,61.834199,5.664874,-0.2558823227882385
Sildvik,68.397625,17.799681,-0.2542300820350647
Siso,67.323103,15.722386,-0.3789966404438019
Sjona,66.310342,13.563553,-0.2210095226764679
Sjøfossen,66.970862,14.146661,0.04764010012149811
Sjønstå,67.19867,15.724273,-0.40276503562927246
Skagen,61.504615,7.706137,-0.1276552379131317
Skarelva,68.183906,17.306387,-0.1825910359621048
Skarg,59.350378,7.295355,0.0013961719814687967
Skibotn,69.312883,20.34206,-0.21030879020690918
Skjefstadfoss I,60.826503,11.610549,-0.05531658977270126
Skjefstadfoss II,60.830494,11.611755,-0.06184966489672661
Skjenaldfossen,63.293668,9.728589,-0.24855278432369232
Skjerdal,61.834041,5.974903,-0.20647001266479492
Skjerka,58.557967,7.367182,-0.058191947638988495
Skjomen,68.201085,17.36584,-0.16547878086566925
Skjåk I,61.899278,8.227095,-0.1347399353981018
Skoddeberg,68.625246,17.260847,-0.2716715335845947
Skogfoss,69.372953,29.694029,-0.12837067246437073
Skogheim,61.675014,5.783221,-0.1836523860692978
Skollenborg,59.621986,9.667983,-0.09802573174238205
Skotfoss,59.207785,9.528109,0.11441142857074738
Skravlåga,66.112053,13.53764,-0.23755976557731628
Slind,63.192406,10.956678,-0.48061031103134155
Slunkajavrre,67.807909,16.115713,-0.21052280068397522
Smeland,58.669051,7.450992,-0.10085533559322357
Smådøla,61.736211,8.936282,-0.0930163711309433
Småvatna,69.684261,22.154025,-0.05088970810174942
Sokna,63.150398,10.317983,-0.33629852533340454
Solbergfoss,59.636706,11.154443,-0.01732655055820942
Solbjørn,68.004201,13.161108,-0.29302525520324707
Solhom,58.775692,7.012965,0.0334603451192379
Songa,59.779587,7.728818,-0.1479547619819641
Stakaldefoss,61.445797,6.009602,-0.11774428933858871
Standal,62.261338,6.416543,-0.287243127822876
Stardalen,61.612472,6.548202,-0.09037110954523087
Steinsfoss,58.300155,7.967539,-0.10750578343868256
Steinsland,60.923999,5.98594,-0.22643688321113586
Steinsvik,61.999557,5.854637,-0.2336655706167221
Stordal,60.960972,5.703188,-0.07848811894655228
Storelva,60.977974,5.48821,-0.23053999245166779
Storelvi,60.262074,6.624444,-0.19561006128787994
Storlia,60.390513,7.391766,-0.18750031292438507
Storlivatn,59.687516,6.521502,-0.25630852580070496
Storåselva,64.279771,12.617346,-0.2721084952354431
Storåvatn 1,66.474322,13.396543,-0.15584509074687958
Strandfossen,60.909193,11.525804,-0.04931453987956047
Straumsmo,68.73871,18.656695,-0.23602060973644257
Stølsdalselva,60.280322,6.289923,-0.1821000725030899
Suldal I,59.651863,6.824512,-0.1652498096227646
Suldal II,59.651863,6.824512,-0.1652498096227646
Sundsbarm,59.498545,8.633632,-0.16579470038414001
Sundsfjord,66.971196,14.157405,-0.253062903881073
Svandalsflona,59.850284,6.962739,-0.1724265068769455
Svardøla,61.490419,6.983725,-0.10988360643386841
Svartdalen,60.790566,5.418863,-0.2147141546010971
Svartelva,63.637554,10.132666,-0.4060605466365814
Svartisen,66.724509,13.931344,-0.3584258556365967
Svartkulp,59.729116,6.627519,0.2045634537935257
Svean,63.279212,10.472662,-0.136444553732872
Svelgen I,61.771111,5.297622,0.006813543848693371
Svelgen II,61.768853,5.304793,-0.2681214213371277
Svelgen III,61.716662,5.236697,-0.27587947249412537
Svelgen IV,61.768853,5.304793,-0.2681214213371277
Svelgfoss,59.582112,9.256108,-0.30040881037712097
Svorka,63.038848,8.655876,-0.17684929072856903
Svorkmo,63.178053,9.772572,-0.23472246527671814
Sværen,61.281879,6.497773,-0.19291596114635468
Sy-Sima,60.506968,7.140933,-0.22656449675559998
Sylsjø,62.930266,12.151988,0.030603481456637383
Syversætre Foss,60.62985,12.030383,-0.010597395710647106
Såheim,59.87665,8.593622,-0.1610591560602188
Sædalen,60.491297,5.771373,-0.23289819061756134
Søa,63.300242,9.136845,-0.33318227529525757
Søberg,65.235725,12.657184,-0.22221757471561432
Søkkunda,61.370997,11.098058,-0.07208430022001266
Sølna,62.116303,10.559259,-0.1355762630701065
Sønnå H,59.639933,6.379561,-0.3233988285064697
Sønnå L,59.639933,6.379561,-0.3233988285064697
Sørbrandal,62.166187,5.568515,-0.00200153817422688
Sørdalselva,62.04192,5.701138,-0.16184042394161224
Sørfjord I,68.060656,16.668725,-0.37838008999824524
Sørfjord II,68.037607,16.690698,-0.13543131947517395
Søråni,58.849841,7.819366,-0.23467926681041718
Tafjord 1,62.226405,7.421345,-0.238119974732399
Tafjord 2,62.205012,7.445873,-0.22771020233631134
Tafjord 3,62.149826,7.43549,-0.23052182793617249
Tafjord 4,62.232343,7.429693,-0.3186550736427307
Tafjord 5,62.195096,7.517685,-0.23512448370456696
Tenneelva,62.070161,5.830044,-0.19670987129211426
Tevla,63.39412,11.913236,-0.2919510304927826
Timbra,61.752008,6.585757,-0.15212079882621765
Tinfos I,59.568963,9.26405,0.2475922405719757
Tinfos II,59.565626,9.26308,0.06315123289823532
Tinnkraft,59.989813,8.700788,-0.2711993157863617
Tistedalsfoss,59.128023,11.43825,-0.21970346570014954
Tjodan,59.047854,6.647579,-0.18319633603096008
Tjønnefoss,58.982861,8.533434,-0.03343554213643074
Tjørhom,58.881373,6.817814,-0.008478623814880848
Tjøstheim,59.473793,6.473523,-0.25092613697052
Tjøtaelva,61.751706,5.951292,-0.1998121291399002
Todøla,60.527584,9.177261,-0.2599107325077057
Tokke,59.445572,8.040303,-0.19723469018936157
Toklev,59.362264,9.663048,-0.19419027864933014
Tolga,62.427683,11.086361,-0.12126898020505905
Tonstad,58.658155,6.728166,-0.2499670684337616
Torpa,61.006569,10.031814,-0.25246429443359375
Torsnes,60.239467,6.201726,-0.2702997922897339
Tosdalen,65.28981,13.041161,-0.3278251886367798
Tossevikelva,60.418858,10.049833,-0.2756725549697876
Toverud,60.42073,10.384411,-0.14429911971092224
Trandal,62.262534,6.5004,-0.24156086146831512
Trengereid,60.428801,5.623466,0.11064731329679489
Trollfjord I,68.362655,14.930794,-0.028904052451252937
Trollheim,63.001093,9.020321,-0.3031212091445923
Trollvikelva,69.525221,20.765212,-0.10076268017292023
Tryland,58.222591,7.335344,-0.20000474154949188
Trysilfossen,61.750061,6.276408,-0.16375531256198883
Trælandsfos,58.348279,6.964348,0.005731802433729172
Tunnsjø,64.695063,13.64173,-0.26424136757850647
Tunnsjødal,64.703361,12.836591,-0.08368247747421265
Tunnsjøfoss,64.690137,13.215878,-0.05650757998228073
Tussa,62.107524,6.57182,-0.23420317471027374
Tveitelva,60.164824,6.284669,-0.2973157465457916
Tveitereidfoss,58.924804,9.333019,-0.025085560977458954
Tverrdalselvi,61.448104,6.73452,-0.19857829809188843
Tverrelva,59.921765,5.904339,-0.27846643328666687
Tverrgjuvlo,60.717129,6.120648,-0.13704028725624084
Tverråa,65.329941,12.971645,-0.2088308036327362
Tverråga,66.044477,14.063695,-0.16442885994911194
Tverråna,59.126243,6.270145,-0.04536823555827141
Tverråni,60.588828,9.172901,-0.21080869436264038
Tya,63.032098,11.703237,-0.13103725016117096
Tyin,61.297126,7.849949,-0.2303372621536255
Tyria I,61.114006,10.671124,-0.20735982060432434
Tyria II,61.124574,10.695165,-0.2544689476490021
Tysseelva,59.394732,6.216533,-0.23947793245315552
Tyssefossen,60.375235,5.758082,0.05893871933221817
Tysseland,59.507622,6.218006,-0.15175579488277435
Tysso II,60.129931,6.641965,-0.016908343881368637
Tøsse,60.617731,5.586937,-0.14351408183574677
Uleberg,58.600174,7.673136,-0.17588593065738678
Ulefoss,64.830095,11.933663,-0.2025396227836609
Ullestad,59.1262,6.270215,-0.039643775671720505
Ulset,62.621834,10.257691,-0.19315293431282043
Ulvik II,60.575845,6.921271,-0.3128811717033386
Ulvund,62.834158,8.520459,-0.2325896918773651
Urdsdalselva,65.941912,13.064278,0.037917811423540115
Urke,62.212377,6.567568,-0.2942429780960083
Usma,62.633769,8.299117,-0.28283628821372986
Usta,60.567368,8.410259,-0.4714598059654236
Ustekveikja,60.529049,7.746783,0.10036993771791458
Uvdal I,60.243794,8.701658,-0.341389536857605
Uvdal II,60.257442,8.92642,-0.24034257233142853
Vafos,58.895751,9.337293,0.10847055912017822
Vaksvik,62.450298,6.895947,-0.31508880853652954
Valdra,59.727955,5.942801,-0.2347387671470642
Valen,59.82739,5.795447,-0.3132680058479309
Valken,67.119331,15.495843,-0.14830827713012695
Valsøyfjord,63.121025,8.568069,-0.06523241847753525
Vamma,59.54261,11.169893,0.08716917783021927
Vangjolo,60.603565,6.362556,-0.26233646273612976
Vangpollen,68.611578,15.58176,-0.15903112292289734
Vanndøla,61.599953,7.292476,-0.17536254227161407
Vassenden,66.123043,13.257638,0.11770869046449661
Vassfossen,58.661989,8.062375,-0.12784229218959808
Vasstøl,59.708008,6.857516,-0.09243647754192352
Vassvikelva,59.913941,6.528615,-0.13748705387115479
Vatne,62.140217,6.249948,-0.25490882992744446
Vedeld,62.182051,5.793378,-0.28631356358528137
Veiski,67.331657,15.976916,0.13770002126693726
Veiteberg,61.618866,6.642294,-0.14622436463832855
Veka,59.503556,6.535517,-0.2614847719669342
Vemork,59.86944,8.493679,-0.41031718254089355
Vemundsbotn,60.857432,5.696332,-0.04176578298211098
Vengåa,62.558565,7.842979,-0.19116681814193726
Venna,63.34793,9.281183,-0.3384137749671936
Vesle Kjela,59.787693,7.251534,-0.05341188237071037
Veslefallet,61.383113,11.142157,-0.19095812737941742
Vessingfoss,62.996363,11.826643,-0.15349827706813812
Vestfossen,59.733039,9.872011,-0.03208506479859352
Vestrebotn,60.995104,5.722891,-0.0064742667600512505
Viddal,62.138258,6.611988,-0.3004246950149536
Vigelandsfoss,58.253518,7.958415,0.042672645300626755
Vikaelva,59.793494,6.094221,-0.296240895986557
Vikeså,58.640929,6.08579,-0.20319059491157532
Vindedal,61.121005,7.330941,-0.0011782959336414933
Vinje,59.625305,7.853282,-0.24868054687976837
Vinkelfallet,61.532876,10.141178,-0.1420929878950119
Virakelva,68.377169,17.123301,-0.23514620959758759
Vittingfoss,59.474488,10.004542,0.00026299437740817666
Viulfoss,60.194522,10.322398,-0.17450495064258575
Voldsetelva,63.871533,10.796528,-0.1693323403596878
Vossedalselvi,60.646363,6.10383,-0.15542472898960114
Vrangfoss,59.30235,9.203938,-0.04158557578921318
Vrenga,59.862852,9.384991,-0.20962508022785187
Vågaåna,59.49324,6.126577,-0.19791653752326965
Vågen,62.114402,6.540055,-0.2664741575717926
Ylja,61.198141,8.382167,-0.22088195383548737
Ytre Alsåker,60.384801,6.499802,-0.16072680056095123
Ytre Matre,59.823114,5.987583,-0.11540061235427856
Åbjøra,60.911585,9.368901,-0.1994202435016632
Åkraelva,59.794126,6.093596,-0.33479738235473633
Åkvisla,61.340634,10.341534,-0.1614532768726349
Åmdal,59.363499,8.052367,-0.18409936130046844
Åmela,62.020561,5.839346,-0.23006704449653625
Åmli-Gjøv,58.767746,8.481447,0.059910114854574203
Åmli-Nidelv,58.767697,8.48176,0.15878888964653015
Åna-Sira,58.293734,6.453253,-0.040539033710956573
Årdal Øvre,61.671474,6.424681,-0.18290254473686218
Årlifoss,59.686023,9.142329,0.0074087828397750854
Årvik,60.17154,6.108996,-0.17847761511802673
Årøy,61.27795,7.150454,-0.1724766343832016
Årøy I,61.276639,7.157259,-0.12012240290641785
Åsebotn,60.97561,6.063749,0.010546927340328693
Åselva,61.52042,6.340126,-0.2546103894710541
Åskåra 1,61.801738,5.669953,-0.17993205785751343
Åskåra 2,61.801738,5.669953,-0.17993205785751343
Åsmulfoss,64.677473,12.677895,0.09854274988174438
Øgreyfoss,58.478973,6.030994,-0.053585052490234375
Øksenelvane,61.841527,5.802617,-0.2262774109840393
Øljusjøen,61.003581,8.068592,-0.16254954040050507
Ølmedal,59.499256,6.007593,-0.14972028136253357
Ørteren,60.502923,7.862656,-0.041159357875585556
Ørtvatn,66.40672,14.503245,0.05006320774555206
Østerbø,61.079957,5.925388,-0.235617533326149
Øvre Bersåvatn,60.181651,6.693228,0.09875014424324036
Øvre Fiskumfoss,64.556298,12.4777,0.011307129636406898
Øvre Forsland,66.050199,13.11736,-0.18634814023971558
Øvre Leirfoss,63.372869,10.407425,0.033104151487350464
Øvre Leiråga,66.442256,13.842201,-0.10383056849241257
Øvre Markevatn,61.446093,5.335162,0.11046367138624191
Øvre Russvik,68.135978,16.546919,-0.27273163199424744
Øvre Røssåga,65.887092,13.800661,-0.16385041177272797
Øvre Svultingen,61.160205,5.478088,-0.14109833538532257
Øvre Tessa,61.817179,8.951578,-0.21866469085216522
Øvre Vinstra,61.481479,9.314391,-0.2706467807292938
Øyberget,61.92177,8.090528,-0.30653899908065796
?aga? II/Zagan II,51.6154,15.3168,-0.07721593230962753
?apino?/Lapnio,54.2847,18.4482,-0.1080944836139679
Bielkowo Bielkowo Hydroelectric Power Plant Poland - Bielkowo Hydroelectric Power Plant Poland,54.2696,18.51,-0.23113657534122467
Brzeg dolny waly slaskie Brzeg Dolny (Waly Slaskie) Hydroelectric Power Plant Poland - Brzeg Dolny (Waly Slaskie) Hydroelectric Power Plant Poland,51.2605,16.7656,-0.058397792279720306
Brąswałd,53.84,20.4041,-0.25136280059814453
Czchow Czchow Hydroelectric Power Plant Poland - Czchow Hydroelectric Power Plant Poland,49.81,20.680556,0.006998872384428978
Debe Debe Hydroelectric Power Plant Poland - Debe Hydroelectric Power Plant Poland,52.4883,20.9236,0.032724689692258835
Dobrze?,50.7558,17.8332,-0.1121043935418129
Dychów Dychow - Dychow Pumped Storage Hydroelectric Power Plant Poland,51.9863325,15.0608199,-0.12045148015022278
Gorzupia II,51.736,15.2584,0.0169126708060503
Grajówka,51.6725,15.2919,-0.015337750315666199
Grodek Grodek Hydroelectric Power Plant Poland - Grodek Hydroelectric Power Plant Poland,53.4999,18.3736,-0.1469266712665558
Januszkowice,50.3905,18.1133,-0.031521301716566086
Koronowo Koronowo Hydroelectric Power Plant Poland - Koronowo Hydroelectric Power Plant Poland,53.2753,17.9527,-0.1327950358390808
Kr?pna,50.4483,17.9577,-0.19852645695209503
Krapkowice,50.4712,17.9809,-0.09597299247980118
Myczkowce Myczkowce Hydroelectric Power Plant Poland - Myczkowce Hydroelectric Power Plant Poland,49.4311,22.4084,-0.0934203565120697
Niedzica Niedzica Pumped Storage Power Plant Poland - Niedzica Pumped Storage Power Plant Poland,49.4099645,20.3267659,0.18048915266990662
O?awa,50.9374,17.3401,-0.05771247670054436
Pierzch?y,54.3007,19.849,-0.20397734642028809
Pilchowice Pilchowice Hydroelectric Power Plant Poland - Pilchowice Hydroelectric Power Plant Poland,50.964,15.645,-0.10224350541830063
Porabka Porabka Hydroelectric Power Plant Poland - Porabka Hydroelectric Power Plant Poland,49.8073,19.202,-0.0026042815297842026
Porąbka żar Porabka Zar H1 - Porabka-Zar Pumped Storage Power Plant Poland,49.7704966,19.2116631,-0.08305733650922775
Raduszec Stary,52.0293,15.0719,0.051351673901081085
Rakowice,51.1294,15.5766,-0.05195073410868645
Roznow Roznow Hydroelectric Power Plant Poland - Roznow Hydroelectric Power Plant Poland,49.7614,20.6631,0.11920689791440964
Smardzewice,51.4739,20.0061,-0.015784354880452156
Solina Solina - Solina Pumped Storage Hydroelectric Power Plant Poland,49.3958323,22.4606916,-0.2606561779975891
Sromowice Wy?ne,49.4068,20.3336,0.1529979556798935
Straszyn,54.2742,18.5633,-0.1783876270055771
Strzegomino,54.3202,17.2311,-0.27408236265182495
Tresna Tresna Hydroelectric Power Plant Poland - Tresna Hydroelectric Power Plant Poland,49.7473,19.2075,0.10493339598178864
Włocławek Wloclawek - Wloclawek Hydroelectric Power Plant Poland,52.6564,19.1339,-0.003089984878897667
Zielisko,51.62166667,14.76111111,-0.1330363154411316
Zur Zur Hydroelectric Power Plant Poland - Zur Hydroelectric Power Plant Poland,53.5613,18.354,-0.1739477962255478
Żarnowiec Zarnowiec H1 - Zarnowiec Pumped Storage Hydroelectric Power Plant Poland,54.722272,18.082356,-0.02399122156202793
Żydowo ZydowoPS - Zydowo Pumped Storage Hydroelectric Power Plant Poland,54.0216713,16.7385445,-0.11864802241325378
 Aguieira - G1 - Aguieira Hydroelectric Power Plant Portugal,40.340285,-8.196778,0.3238832354545593
Alqueva,38.197508,-7.496394,0.22887805104255676
Alto lindoso Alto Lindoso - G1 - Alto Lindoso Hydroelectric Power Plant Portugal,41.872,-8.2025,0.3839680254459381
Alto rabagão Rabagao - Alto Rabagao Hydroelectric Power Plant Portugal,41.737703,-7.853632,0.19844765961170197
Alvadia,41.4564,-7.8103,-0.311322957277298
Alvito,38.2788,-7.9093,0.05325227603316307
Aregos,41.0939,-8.0278,-0.13953128457069397
Baixo Sabor Montante - G1,41.209099,-7.049,0.07729119062423706
Barroca,40.1115,-7.7297,-0.03790954500436783
Belver,39.4795,-7.9979,0.20783251523971558
Bemposta,41.3009,-6.4699,0.28446781635284424
Boavista,41.358,-8.4491,-0.1508692353963852
Bouca Bouca - Bouca Hydroelectric Power Plant Portugal,39.854,-8.2197,0.06420811265707016
Bouçoais-Sonim,41.7277,-7.1954,0.12154082953929901
Bragadas,41.5413,-7.7891,0.019765673205256462
Cabril Cabril - G1 - Cabril Hydroelectric Power Plant Portugal,39.91727,-8.13244,0.13159501552581787
Caldeirao Caldeirao - Caldeirao Hydroelectric Power Plant Portugal,40.5316,-7.3297,0.2876865863800049
Calheta,32.74611111,-17.14916667,-0.33057644963264465
Canedo,41.6204,-7.7394,-0.2841787040233612
Canicada Canicada - Canicada Hydroelectric Power Plant Portugal,41.653,-8.231,0.17125272750854492
Carrapatelo Carrapatelo - G1 - Carrapatelo Hydroelectric Power Plant Portugal,41.0849,-8.1306,0.3636685609817505
Carregal,40.8072,-8.2438,-0.24355751276016235
Castelo bode Castelo Bode - G1 - Castelo do Bode Hydroelectric Power Plant Portugal,39.5429,-8.3188,0.2554316222667694
Catapereiro,41.0912,-7.2715,0.12100795656442642
Cercosa,40.6703,-8.2469,-0.2124081552028656
Corvete,41.3965,-8.1793,-0.3144702613353729
Covas do Barroso,41.6305,-7.7949,-0.1398606151342392
Crestuma Crestuma - G1 - Crestuma-Lever Hydroelectric Power Plant Portugal,41.0716,-8.486,0.20631243288516998
Desterro,40.3984,-7.6869,-0.23693503439426422
Ermal,41.5781,-8.1528,-0.14276787638664246
Ermida (Ribeiradio),40.7422,-8.3194,0.13251233100891113
Fagilde,40.6292,-7.8255,-0.24423722922801971
Fajã da Nogueira,32.7432,-16.9069,-0.2810683846473694
Feiticeiro (Baixo Sabor - Jusante),41.202,-7.0936,0.31120145320892334
Foz Tua,41.21583333,-7.42638889,0.09654346853494644
Frades I,41.693192,-8.027951,-0.031400542706251144
Fratel Fratel - G1 - Fratel Hydroelectric Power Plant Portugal,39.5428,-7.8029,0.16919495165348053
Freigil,41.075,-8.0233,-0.23500554263591766
Guilhofrei,41.5811,-8.1428,-0.20314370095729828
Idanha-a-Nova,39.9447,-7.2011,0.1409243494272232
Inverno da Calheta,32.7215,-17.1789,-0.06936584413051605
Janeiro de Cima,40.0655,-7.8055,-0.0683816522359848
Lindoso,41.8595,-8.2704,-0.04031891003251076
Maranhão,39.0152,-7.9756,0.1519823670387268
Meimoa,40.2597,-7.1389,0.14687933027744293
Miranda,41.4886,-6.2656,0.08820611238479614
Montargil,39.0542,-8.1766,0.1945452094078064
Nunes,41.825,-6.9544,-0.06418044120073318
Odivelas,38.1852,-8.1153,0.11508794873952866
Ovadas,41.0558,-8.2487,-0.16736707091331482
Paradela Paradela - Paradela Hydroelectric Power Plant Portugal,41.7686,-7.9504,0.3663955330848694
Pedrógão,38.1101,-7.6296,0.2744329571723938
Pego do Altar,38.418,-8.3919,0.22226043045520782
Penacova,40.2975,-8.2487,-0.1679282784461975
Penide,41.5489,-8.5372,0.07943044602870941
Pereira,40.9199,-7.9648,-0.2264252007007599
Picote I / Picote II,41.379,-6.3525,0.13823705911636353
Pinhel,40.8243,-7.0832,-0.012686975300312042
Pocinho Pocinho - G1 - Pocinho Hydroelectric Power Plant Portugal,41.1343,-7.1141,0.2996620237827301
Ponte de Jugais,40.3848,-7.705,-0.2733656167984009
Ponte do Bico,41.6062,-8.4271,0.1229601576924324
Pracana Pracana - Pracana Hydroelectric Power Plant Portugal,39.5649,-7.8123,0.1772954761981964
Raiva Raiva - Raiva Hydroelectric Power Plant Portugal,40.3095,-8.2488,0.22275878489017487
Rebordelo,41.7556,-7.1764,0.08471623063087463
Regua REgua - G1 - Regua Hydroelectric Power Plant Portugal,41.1461,-7.74,0.3635265827178955
Ribadouro,41.0991,-8.0826,-0.15917067229747772
Ribeiradio Ermida,40.74277778,-8.31944444,0.2211802750825882
Sabugueiro I,40.3967,-7.6625,-0.10434975475072861
Sabugueiro II,40.3964,-7.6622,-0.11821408569812775
Salamonde,41.6917,-8.0912,0.3129677176475525
Salamonde Salamonde II - G3 - Salamonde Hydroelectric Power Plant Portugal,41.689967,-8.092345,-0.13942235708236694
Santa Luzia,40.0897,-7.8579,0.38406455516815186
Senhora de Monforte,40.79805556,-7.015,0.22144962847232819
Senhora de Porto,41.56888889,-8.19611111,0.021750805899500847
Senhora do Salto,41.1274,-8.4324,-0.14248408377170563
Sordo,41.26972222,-7.78861111,-0.020285608246922493
São Pedro do Sul,40.7604,-8.0438,-0.23296396434307098
Talhadas,40.647,-8.3177,-0.1368173062801361
Terragido,41.2872,-7.7495,-0.009516238234937191
Torga,41.7061,-7.1175,-0.09091628342866898
Torrão Torrao - G1 - Torrao Hydroelectric Power Plant Portugal,41.097355,-8.261137,0.13256117701530457
Touvedo Touvedo - Touvedo Hydroelectric Power Plant Portugal,41.8124,-8.354,0.1056351289153099
Ucanha,41.054,-7.7462,-0.16421537101268768
Valeira Valeira - G1 - Valeira Hydroelectric Power Plant Portugal,41.1605,-7.3742,0.3426772356033325
Vales,41.4419,-7.4985,-0.2088070511817932
Varosa,41.1208,-7.7761,0.11886341869831085
Venda Nova,41.6794,-7.9823,0.293326735496521
Venda Nova III / Frades II,41.692695,-8.027817,-0.12017250061035156
Vila Cova,40.3797,-7.7283,-0.16561689972877502
Vilar tabuaco Vilar-Tabuaco Hydroelectric Power Plant Portugal - Vilar-Tabuaco Hydroelectric Power Plant Portugal,40.9871,-7.5353,0.1798405647277832
Vilarinho furnas Vilarinho Furnas - G1 - Vilarinho das Furnas Hydroelectric Power Plant Portugal,41.763285,-8.209765,-0.029385030269622803
ALBESTI,45.216514,24.657876,0.01550867035984993
Arcesti,44.449583,24.312917,-0.06291893869638443
Arpasu,45.79375,24.595417,0.41948026418685913
Avrig,45.745417,24.39125,0.0715978667140007
BACAU,46.541997,26.948323,0.06520561128854752
BAICULESTI,45.058839,24.688304,0.09692252427339554
BASCOV,44.89636,24.847892,0.0981295257806778
BRETEA,45.667992,23.001966,0.06958897411823273
BUHUSI,46.722069,26.671456,0.00019976501062046736
Babeni,44.920417,24.250417,-0.01475058775395155
Beresti,46.187083,27.18375,-0.10719804465770721
Budeasa,44.91625,24.82125,0.018167095258831978
CALIMANESTI (Olt),45.240308,24.346887,0.2542300820350647
CARNESTI  I,45.535967,22.87017,0.052952155470848083
CARNESTI  II,45.546616,22.879027,0.03694082796573639
CERBURENI,45.192216,24.661323,0.06386879086494446
CHE MALAIA,45.35365,24.02453,0.045947328209877014
CHE MOTRU,45.134775,22.806895,-0.12010207772254944
CHE RAUL ALB,45.156224,22.410357,0.33555516600608826
CINDESTI,45.272651,26.70468,0.07052958011627197
CLABUCET,45.5661,25.0937,0.24769893288612366
CLOPOTIVA,45.498403,22.842011,-0.1015644446015358
COSTISA,46.770213,26.61912,-0.017765263095498085
CURTEA DE ARGES,45.144537,24.670473,0.06291211396455765
Calimanesti,45.074583,24.364583,-0.08123955875635147
Cerna Principal,45.162083,22.732917,0.4771585464477539
CheLotru_LOTR1_CA - Lotru-Ciunget Hydroelectric Power Plant Romania,45.446999,23.768,0.26226967573165894
Colibita,47.165417,24.877917,0.15745429694652557
Costeshti Stinka / Stanca,47.84125,27.225417,-0.062446415424346924
Cumpanita,45.43642,24.57988,-0.1770288646221161
DOBRESTI,45.309726,25.418143,-0.2192327082157135
DRAGOSLAVELE,45.33026,25.163888,-0.03752554580569267
Daesti,45.17875,24.369583,0.25157430768013
Dragan remeti Dragan (Remeti) Hydroelectric Power Station Romania - Dragan (Remeti) Hydroelectric Power Station Romania,46.7889,22.7156,0.11326541751623154
Draganesti,44.177917,24.48375,-0.01180772390216589
Dragasani,44.682917,24.292083,-0.04542204737663269
FLORESTI (I and II),46.749503,23.476444,0.08738396316766739
FUGHIU,47.069443,22.070452,0.08339167386293411
Frunzaru,44.045417,24.57125,-0.029077008366584778
GARLENI,46.667197,26.813902,-0.004677410237491131
GILAU (I and II),46.74472,23.37164,0.0022895447909832
GOLESTI (Calinesti),44.807323,24.99551,0.0603439137339592
GURA LOTRULUI,45.344738,24.275161,0.2442263662815094
Galbeni,46.457917,26.952083,-0.09374036639928818
Gogosu,44.622793,22.641357,0.009664800018072128
Govora,45.012083,24.29625,0.05668605864048004
HPP Portile de Fier I,44.673,22.532,0.028511567041277885
HPP Portile de Fier II,44.306999,22.568001,0.01977340131998062
Hateg,45.59125,22.95875,0.41482558846473694
Hpp bradisoru BRAD - Bradisor Hydroelectric Power Station Romania,45.3549,24.1053,0.37048453092575073
Hpp galceag GALC1,45.5879,23.6279,0.14690947532653809
Hpp mariselu / Mărișelu ,46.6679,23.059,0.22584258019924164
Hpp ruieni RUIE1 - Ruieni Hydroelectric Power Station Romania,45.426,22.4757,0.39741891622543335
Hpp stejaru STEJ1 - Bicaz-Stejaru Hydroelectric Power Station Romania,46.9386,26.1029,0.19718727469444275
Hpp tismana TISM - Tismana (Motru) Hydroelectric Power Station Romania,45.0444,22.9472,0.03917314112186432
Hpp vidraru CORB12 - Vidraru Hydroelectric Power Station Romania,45.3667,24.6307,0.27107712626457214
IZVOARELE,45.267768,26.024851,-0.06272199749946594
Ionesti,44.857917,24.24625,-0.09401196241378784
Ipotesti,44.26625,24.400417,-0.0378025658428669
Izbiceni,43.81625,24.69625,0.1321469247341156
LERESTI,45.3942,25.0625,0.4452578127384186
LILIECI,46.615654,26.897527,-0.01169758103787899
Lugasu,47.059583,22.30375,0.040836118161678314
MANICESTI,45.027604,24.704904,0.029506003484129906
MERISANI,44.956083,24.763985,0.03972305729985237
MIHAILESTI,44.327175,25.946302,0.022451678290963173
MOROIENI,45.254715,25.41247,-0.20296871662139893
MOVILENI,45.78295,27.341556,0.1285543590784073
Maneciu,45.332917,25.987917,0.10621566325426102
NOAPTES,45.125023,24.665071,0.05308615043759346
ORLEA,45.592718,22.973351,-0.03928107023239136
OSTROVU MARE,45.524151,22.859883,0.030130481347441673
OSTROVU MIC,45.517246,22.854632,0.15064497292041779
Oiesti,45.23495,24.655669,-0.014498474076390266
PACLISA,45.562186,22.8975,0.14130796492099762
PANGARATI,46.925769,26.215466,-0.05914255231618881
PETRESTI,45.906206,23.558358,0.11951068043708801
PITESTI,44.845314,24.904656,0.004225555341690779
PLOPI,45.63866,23.011972,0.04898829385638237
Paltinu,45.249583,25.735417,0.38330182433128357
Piatra Neamt,46.932917,26.337917,0.07360509037971497
RAURENI,45.071415,24.361505,0.021885070949792862
ROZNOV,46.848185,26.508258,0.051592033356428146
RUCAR,45.40486,25.15259,-0.10059764981269836
Racaciuni,46.337083,27.04625,-0.05278541147708893
Racova,46.695417,26.712917,-0.08728748559951782
Ramnicu Valcea,45.120417,24.375417,0.16478540003299713
Raul Mare (Retezat) Hydroelectric Power Station Romania - Raul Mare (Retezat) Hydroelectric Power Station Romania,45.3391,22.7213,0.2298429161310196
Rusanesti,43.920417,24.625417,0.04235081747174263
SACADAT,47.066488,22.148016,0.0899699404835701
SASCIORI,45.821684,23.610768,-0.05511654168367386
SCROPOASA,45.341494,25.430563,0.28031009435653687
SIMILEASCA,45.187152,26.764864,0.1258462816476822
SOMES CALD,46.73178,23.35068,-0.07619912177324295
SUBCETATE,45.615251,23.012205,0.22073279321193695
SUGAG1 - Sugag (Tau) Hydroelectric Power Station Romania,45.776001,23.653999,-0.31122979521751404
Scoreiu,45.77875,24.512917,0.3188701272010803
Siriu,45.495417,26.250417,0.15174609422683716
Slatina,44.407917,24.354583,-0.05755738541483879
Strejesti,44.537083,24.325417,-0.11277458816766739
TG.JIU,45.032495,23.263675,0.021123874932527542
TOTESTI  I,45.571376,22.907179,0.07722441852092743
TOTESTI  II,45.582495,22.924621,0.035553380846977234
TURNU,45.277016,24.309554,0.23752404749393463
Tarnita,46.727083,23.29625,0.3235011100769043
Tileagd,47.07875,22.207917,0.08515794575214386
VACARESTI,44.821493,25.488923,0.08269129693508148
VADURI,46.932513,26.27016,-0.10901712626218796
VALEA IASULUI,45.163978,24.659183,0.08194493502378464
VALENII DE MUNTE,45.209482,26.050985,-0.0676441565155983
VANATORI,46.871156,26.486143,0.012934115715324879
VERNESTI,45.224081,26.733625,0.08892607688903809
Vadeni,45.057917,23.267917,-0.025706201791763306
Valcele,44.982917,24.742083,-0.009102676063776016
Valsan,45.413408,24.708014,-0.09983853995800018
Vistea,45.80875,24.749583,-0.15555191040039062
Voila,45.835417,24.860417,-0.22842025756835938
ZANESTI,46.815396,26.569482,-0.000772280094679445
Zavideni,44.774583,24.27125,-0.1024523675441742
Zigoneni,45.082917,24.662917,-0.013924842700362206
????????? ???,68.9717,28.7803,0.028662608936429024
Aushegerskaya HPP of the Cascade of Nizhne-Cherekskiye HPPs,43.3525,43.7175,-0.1583273857831955
Baksanskaya HPP,43.6551,43.3969,0.0013194672064855695
Belomorskaya HPP,64.5126,34.6901,-0.08175379782915115
Belorechenskaya HPP,44.8922,39.6479,-0.21751387417316437
Boguchanskaya HPP,58.6944,99.1489,0.023495875298976898
Borisoglebskaya HPP,69.6433,30.1375,0.06616300344467163
Bratsk HPP,56.2861,101.7842,-0.058615077286958694
Byreyskaya HPP,50.27,130.3136,0.13595125079154968
Cheboksarskaya HPP,56.1373,47.4661,0.05257133021950722
Chirkey HPP,42.9772,46.8708,0.21363969147205353
Chiryurt HPP-1,43.1831,46.8342,-0.09982699900865555
Chiryurt HPP-2,43.1897,46.8348,0.10277239978313446
Egorylykskaya HPP of the Cascade of Kuban HPPs,45.0683,41.5967,-0.09623830020427704
Egorylykskaya HPP-2 of the Cascade of Kuban HPPs,45.1108,41.5506,0.1662403643131256
Ezminskaya HPP,42.8388,44.6445,-0.00287985079921782
Gelbakh HEPP,43.1541,46.8521,0.055135540664196014
Gergebilskaya HPP,42.4542,47.0317,0.075604647397995
Gizeldonskaya HPP,42.9025,44.4601,-0.08361288160085678
Gotsatlinskaya HPP,42.5298,46.9177,0.06839250773191452
Gunibskaya HPP,42.4318,46.9879,0.06691765040159225
HPP-2 Cascade HPP on the Tolmachyov River,52.6019,157.5031,-0.27737879753112793
HPP-2 of the Cascade of the Kuban HPPs,44.3397,42.5067,0.04896394908428192
HPP-4 of the Cascade of Kuban HPPs,44.6647,42.0286,0.05438460782170296
Hestefoss Kraftwerk,69.1175,29.2419,0.028217477723956108
Ikustsk,52.2367,104.3217,0.03383247181773186
Iovskaya HPP,66.6692,31.3894,-0.23895646631717682
Irganayskaya HPP,42.7452,46.8316,0.1245364248752594
Kaitakoski HPP,68.9386,28.6006,0.13628548383712769
Kamskaya HPP,58.1146,56.3289,0.01635253056883812
Kashhatau HPP of the Cascade of Nizhne-Cherekskiye HPPs,43.3304,43.6463,-0.11869226396083832
Knyazhegub Hydroelectric Power Plant,66.8638,32.376,-0.01103252824395895
Kolymskaya HPP,62.0583,150.4167,0.02456619217991829
Kondopoga Hydroelectric Power Station,62.1948,34.2617,-0.11499080806970596
Krasnopolyanskaya HPP,43.6629,40.1744,-0.10708507150411606
Krasnoyarsk,55.9367,92.2956,0.16081134974956512
Krivoporozhskaya HPP,65.0334,33.6675,0.1142054945230484
Kuban (Kurshavskuyu) Pumped Storage Power Plant Russia,44.2269,42.3436,-0.021886322647333145
Kuban-1 (Kurshavskuyu) Hydroelectric Power Plant Russia,44.2764,42.4722,0.049649085849523544
Kuban-3 (Barsuchkovsky) Hydroelectric Power Plant Russia,44.6006,42.2319,0.05228561908006668
Kumskaya HPP,66.3608,31.0914,-0.1048661395907402
Kureyskaya HPP,66.9441,88.3384,-0.11624443531036377
Lesogorsky HPP,61.0585,28.8734,-0.0041508241556584835
MHPP Lyaskel,61.7617,31.0025,0.029354153200984
Maikop Hydropower Plant,44.592,40.1052,-0.07330013066530228
Mainskaya HPP,52.9704,91.4955,0.15168631076812744
Mamakanskaya HPP,57.8092,114.0322,-0.24164104461669922
Matkozhnenskaya HPP,64.4153,34.469,0.046541374176740646
Miatlinskaya HPP,43.0672,46.83,0.14424170553684235
Narva HPP,59.3678,28.2106,0.014323282055556774
Niva GES-1,67.3812,32.5273,0.03272067382931709
Niva GES-2,67.2816,32.4598,-0.076139897108078
Niva GES-3,67.2203,32.4383,-0.12950864434242249
Nizhegorodskaya HPP,56.6506,43.3756,-0.041012685745954514
Nizhne-Svirskaya HPP,60.8064,33.7044,-0.004034335259348154
Nizhnekamsk hydroelectric power station,55.6997,52.2786,0.06477653980255127
Nizhneteriberskaya HPP,69.1253,35.1469,0.13593804836273193
Nizhnetulomskaya HPP,68.8217,32.8192,0.037796176970005035
Novosibirskaya HPP,54.8503,82.9864,-0.09603812545537949
Novotroitskaya HPP of the Cascade of the Kuban HPPs,45.3156,41.5311,-0.02065443806350231
Ondsk Hydroelectric Power Station,63.9174,34.1782,-0.02880249358713627
Paleozerskaya HPP,62.4841,33.6737,-0.04723821580410004
Pavlodolskaya HPP,43.7085,44.5176,-0.15115784108638763
Pavlovskaya HPP,55.406,56.5556,-0.03566018491983414
Poduzhemskaya HPP,64.9117,34.2617,-0.17038078606128693
Putkinskaya HPP,64.9407,34.5407,-0.009459252469241619
Rajakoski HPP,69.0228,29.0056,-0.00441135885193944
Rybinskaya HPP,58.0821,38.8249,0.05778466910123825
Saratovskaya HPP,52.0481,47.7622,0.021746812388300896
Sengileevskaya HPP of the Cascade of the Kuban HPPs,45.0175,41.6727,0.040191784501075745
Serebryanskaya HPP-1,68.8426,35.5683,0.002410188317298889
Serebryanskaya HPP-2,68.9869,35.6978,0.0549171008169651
Shirokovskaya HPP,58.8345,57.7925,-0.03979705646634102
Svetogorskaya HPP,61.1044,28.8394,0.04944317787885666
Svistukhinskaya HPP of the Cascade of Kuban HPPs,44.7417,41.9011,0.034076984971761703
Syzran HPP,53.1484,48.4297,-0.0859697163105011
The Palocorg hydropower plant,64.2218,34.3363,-0.005907650571316481
The head HPP of the Ardon cascade of Zaramagh hydroelectric power stations,42.7053,43.9744,0.027496691793203354
Tolmachevskaya HPP-1,52.6137,157.5746,-0.10968029499053955
Tolmachevskaya HPP-2,52.6054,157.4958,-0.18875952064990997
Tolmachevskaya HPP-3,52.6286,157.4468,-0.155974343419075
Tsimlyanskaya HPP,47.6061,42.1122,0.07963511347770691
Uglich HPP,57.5275,38.2978,0.00538477161899209
Ust Illminsk (HPP),57.9683,102.6958,-0.04929768294095993
Verkhne-Svirskaya HPP,60.9204,34.1905,-0.0626010000705719
Verkhnetulomskaya HPP,68.6067,31.7478,0.050266604870557785
Verkhoturskaya HPP,58.8532,60.7552,-0.0848061740398407
Verkterteriberskaya HPP,69.0912,35.0418,-0.04779107868671417
Vilyuiskaya HPP (HPP-1  HPP-2),63.0315,112.474,-0.06075513735413551
Volkhov HEPP,59.9117,32.3433,-0.1890338808298111
Volzhskaya HPP,48.8244,44.6767,0.00345094152726233
Votkinskaya HPP,56.7919,54.0839,0.08270355314016342
Vygostrovskaya HPP,64.4892,34.662,-0.053243085741996765
Yumaguzinskaya HPP,53.05,56.442,-0.004223277326673269
Yushkozerskaya HPP,64.83,32.0083,-0.30625054240226746
Zagorskaya PSPP,56.4822,38.1856,-0.020283952355384827
Zaragizhskaya HPP of the Cascade of Nizhne-Cherekskiye HPPs,43.3226,43.6907,0.1503351777791977
Zelenchukskaya HPP-PSPP,43.8983,41.8825,0.06513477861881256
Zeyskaya HPP,53.7698,127.3054,0.0950470119714737
Zhigulevskaya HPP,53.4265,49.4794,0.060049913823604584
Bistrica Hydroelectric Power Plant Serbia - Bistrica Hydroelectric Power Plant Serbia,43.5223,19.742,0.2512180209159851
HE Bajina Basta G1 - Bajina Basta Hydroelectric Power Plant Serbia,43.964001,19.41,0.19265593588352203
HE DJERDAP II,44.328999,22.528,-0.32664284110069275
HE Derdap 1 G1 - Djerdap-1 (Iron Gate I) Hydroelectric Power Station Serbia,44.668999,22.527,0.03866572305560112
HE Vrla 1-4,42.707709,22.318567,-0.17724020779132843
Kokin Brod Hydroelectric Power Plant Serbia - Kokin Brod Hydroelectric Power Plant Serbia,43.5189,19.8115,0.055028174072504044
Medjuvrsje Hydroelectric Power Plant Serbia - Medjuvrsje Hydroelectric Power Plant Serbia,43.909,20.2327,-0.021743878722190857
Ovcar Banja Hydroelectric Power Plant Serbia - Ovcar Banja Hydroelectric Power Plant Serbia,43.8995,20.1803,-0.0645383819937706
Pirot Hydroelectric Power Plant Serbia - Pirot Hydroelectric Power Plant Serbia,43.1579,22.6154,0.0037843582686036825
Potpec Hydroelectric Power Plant Serbia - Potpec Hydroelectric Power Plant Serbia,43.5228,19.5768,0.23340103030204773
RHE Bajina Basta G1 - Bajina Basta Pumped Storage Hydroelectric Power Plant Serbia,43.865002,19.406,0.07413577288389206
Uvac Hydroelectric Power Plant Serbia - Uvac Hydroelectric Power Plant Serbia,43.4224,19.9295,-0.07629753649234772
Zvornik Hydroelectric Power Plant Serbia - Zvornik Hydroelectric Power Plant Serbia,44.3679,19.1067,0.0573510006070137
Besenova - Bešeňová,49.095383,19.455563,0.1971997618675232
Cunovo Hydroelectric Power Plant Slovakia - Cunovo Hydroelectric Power Plant Slovakia,48.02987,17.2254,-0.12081705033779144
Dobšiná I-II,48.80591,20.38578,0.008788134902715683
Domasa - DOMAŠA,48.9994658,21.6971662,-0.12784871459007263
Dubnica Dubnica nad Vahom Hydroelectric Power Plant Slovakia - Dubnica nad Vahom Hydroelectric Power Plant Slovakia,48.96319,18.1451,-0.01610916294157505
Farmhispania - Kozmálovce,48.26891,18.52822,0.06251596659421921
Gabčíkovo Gabcikovo - Gabcikovo Hydroelectric Power Plant Slovakia,47.88004,17.53841,-0.056121375411748886
Horná streda Horna Streda Hydroelectric Power Plant Slovakia - Horna Streda Hydroelectric Power Plant Slovakia,48.66046,17.85503,0.04912906512618065
Hričov Hricov Hydroelectric Power Plant Slovakia - Hricov Hydroelectric Power Plant Slovakia,49.25737,18.68102,0.05201287940144539
Ilava Ilava Hydroelectric Power Plant Slovakia - Ilava Hydroelectric Power Plant Slovakia,49.00567,18.23494,0.030150359496474266
Kostolná Kostolna Hydroelectric Power Plant Slovakia - Kostolna Hydroelectric Power Plant Slovakia,48.86096,17.96874,0.01367725059390068
Krpeľany Kreplany Hydroelectric Power Plant Slovakia - Kreplany Hydroelectric Power Plant Slovakia,49.12796,19.0955,0.08997339755296707
Kráľová Kralova Hydroelectric Power Plant Slovakia - Kralova Hydroelectric Power Plant Slovakia,48.19048,17.8285,0.05627668276429176
Ladce,49.04976,18.29794,-0.013771087862551212
Lipovec Lipovec Hydroelectric Power Plant Slovakia - Lipovec Hydroelectric Power Plant Slovakia,49.13197,18.9114,-0.050514526665210724
Liptovská mara Liptovska MaraPS - Liptovska Mara Pumped Storage Hydroelectric Power Plant Slovakia,49.09823,19.48484,0.05763627961277962
Madunice Madunice Hydroelectric Power Plant Slovakia - Madunice Hydroelectric Power Plant Slovakia,48.48843,17.79408,-0.0018037910340353847
Mikšová Miskova Hydroelectric Power Plant Slovakia - Miskova Hydroelectric Power Plant Slovakia,49.19271,18.50829,-0.03327474743127823
Nosice Nosice Hydroelectric Power Plant Slovakia - Nosice Hydroelectric Power Plant Slovakia,49.12745,18.36424,0.010742126032710075
"Nové mesto Nove Mesto n,V, Hydroelectric Power Plant Slovakia - Nove Mesto n,V, Hydroelectric Power Plant Slovakia",48.77245,17.85146,-0.0004094047471880913
Orava Orava Hydroelectric Power Plant Slovakia - Orava Hydroelectric Power Plant Slovakia,49.37534,19.55849,-0.14696148037910461
Považská bystrica Povazska Bystrica Hydroelectric Power Plant Slovakia - Povazska Bystrica Hydroelectric Power Plant Slovakia,49.13312,18.45366,0.021269753575325012
Ružín Ruzin Pumped Storage Hydroelectric Power plant Slovakia - Ruzin Pumped Storage Hydroelectric Power plant Slovakia,48.86048,21.09436,-0.28571635484695435
Sučany Sucany Hydroelectric Power Plant Slovakia - Sucany Hydroelectric Power Plant Slovakia,49.10656,18.99204,-0.037283703684806824
Trenčín Trencin Hydroelectric Power Plant Slovakia - Trencin Hydroelectric Power Plant Slovakia,48.90208,18.05579,-0.0364336259663105
Tvrdošín,49.33669,19.54867,-0.014400307089090347
"V, kozmálovce",48.26891,18.52822,0.06251596659421921
Čierny váh Cierny Vah TG1 - Cierny Vah Pumped Storage Hydroelectric Power Plant Slovakia,49.0091,19.91203,0.008697385899722576
Žilina,49.21553,18.77683,0.03824828937649727
Arto blanca HE Blanca 1 - Arto-Blanca Hydroelectric Power Plant Slovenia,45.99027,15.38183,0.03494888171553612
Avče CHE Avce - Avce Pumped Storage Hydroelectric Power Plant Slovenia,46.08412,13.66757,0.40892940759658813
Boštanj HE Bostanj 1 - Bostanj Hydroelectric Power Plant Slovenia,46.01704,15.28121,0.04100584611296654
Brežice,45.89888,15.5882,-0.012546176090836525
Doblar HE Doblar 4 - Doblar II Hydroelectric Poqwer Plant Slovenia,46.11382,13.68811,0.023056067526340485
Dravograd HE Dravograd 1 - Dravograd Hydroelectric Poqwer Plant Slovenia,46.58558,15.01881,0.0006383941508829594
Fala HE Fala 1 - Fala Hydroelectric Poqwer Plant Slovenia,46.55874,15.44511,-0.2833267152309418
Formin HE Formin 1 - Formin Hydroelectric Poqwer Plant Slovenia,46.40251,16.03374,-0.028151733800768852
HE Moste 1 - Moste Hydroelectric Power Plant Slovenia,46.417,14.133,-0.2654109001159668
He Plave 1 - Plave I Hydroelectric Poqwer Plant Slovenia,46.05083333,13.59555556,-0.044593945145606995
Krško HE Krsko 1 - Krsko Hydroelectric Power Plant Slovenia,45.97461,15.48091,-0.08499302715063095
Mariborski otok HE Mariborski otok 1 - Mariborski Otok Hydroelectric Poqwer Plant Slovenia,46.56804,15.60415,-0.03600512817502022
Mavcice HE Mavcice 1 - Mavcice Hydroelectric Power Plant Slovenia,46.18387,14.40805,0.1367499828338623
Medvode HE Medvode 1 - Medvode Hydroelectric Poqwer Plant Slovenia,46.14578,14.41438,-0.0071390592493116856
Melje Melje Hydroelectric Poqwer Plant Slovenia - Melje Hydroelectric Poqwer Plant Slovenia,46.56087,15.67309,-0.09330669790506363
Mokrice,45.87102,15.67196,-0.26518407464027405
Ožbalt HE Ozbalt 1 - Ozbalt Hydroelectric Poqwer Plant Slovenia,46.57729,15.40599,0.0014321105554699898
Plave HE Plave - Plave II Hydroelectric Poqwer Plant Slovenia,46.05256,13.60608,0.004274542443454266
Solkan HE Solkan 1 - Solkan Hydroelectric Poqwer Plant Slovenia,45.98441,13.65506,0.03478303924202919
Vrhovo HE Vrhovo 1 - Vrhovo Hydroelectric Power Plant Slovenia,46.04415,15.22365,-0.015456787310540676
Vuhred HE Vuhred 1 - Vuhred Hydroelectric Poqwer Plant Slovenia,46.58659,15.27548,-0.027456270530819893
Vuzenica HE Vuzenica 1 - Vuzenica Hydroelectric Poqwer Plant Slovenia,46.59257,15.15301,-0.0843786969780922
Zlatoličje Zlatolicje Hydroelectric Poqwer Plant Slovenia - Zlatolicje Hydroelectric Poqwer Plant Slovenia,46.44793,15.78693,-0.021529437974095345
ALBARELLOS GRUPO 1,42.4333,-8.1443,-0.000456552515970543
ARTIES 1,41.798,1.9543,0.12469922006130219
AZUTAN,39.778999,-5.088,0.08634431660175323
Aguayo,43.095804,-4.000656,-0.1788521111011505
Alange,38.78625,-6.270417,0.20821347832679749
Alarcon Alarcon Hydroelectric Power Plant Spain - Alarcon Hydroelectric Power Plant Spain,39.565,-2.113056,0.05583025515079498
Aldeadavila,41.209335,-6.686566,0.11345779895782471
Arbon ARBON 1 - ArbonHydroelectric Power Plant Spain,43.477229,-6.730199,-0.049525462090969086
BARAZAR 1,43.009998,-2.685,-0.3048366606235504
BARCENA GR 1,42.57777778,-6.56083333,0.09033764153718948
BARRIOS DE LUNA 1 (MORA LUNA),42.85138889,-5.86416667,0.6426580548286438
BELESAR 1,42.628502,-7.7122,0.13397040963172913
BELESII,42.629002,-7.712,0.18038414418697357
BEMBEZAR,37.903,-5.207,-0.002757946727797389
BIESCAS 21,42.624001,-0.24,-0.18746976554393768
BUENDIA 1,40.398998,-2.784,0.151397705078125
BURGUILLO 1,40.424999,-4.534,0.32424989342689514
Bolarque 1/2/3,40.362584,-2.819307,0.07195108383893967
C.H. ARNOYA,42.233093,-8.126675,-0.30966904759407043
C.H. MILLARES II GRUPO 1,39.25,-0.7667,0.08374034613370895
C.H. RIALB 2.,41.93929,1.19562,0.0794423371553421
C.H. SAHECHORES,42.6325,-5.2025,-0.0030399353709071875
CALDES 2,42.5046,0.8006,-0.09926225244998932
CAMARASA II 1,41.8749,0.8781,0.14048147201538086
CANELLES,41.958,0.634,-0.2067040503025055
CASTREJON 1,39.852001,-4.474,0.1397731751203537
CASTRELO GRUPO 1,42.2917,-8.1136,-0.009576166048645973
CASTRO II - Castro Hydroelectric Power Plant Spain,41.575401,-6.1872,0.16434238851070404
CEDILLO 1,39.663898,-7.54,0.18348908424377441
CENTRAL HIDRAULICA DOMENO,42.6758,-1.2395,0.017680712044239044
CERNADILLA,42.0208,-6.417,0.05957934632897377
CIJARA 1,39.373001,-5.016,0.21656127274036407
COFRENTES HYDRO,39.247002,-1.094,0.06314477324485779
CORNATEL 1,42.471001,-6.813,0.18517404794692993
CORTES 1,39.242199,-0.8782,0.048805397003889084
Central Hidroelectrica de Conso,42.166873,-7.175245,0.20095720887184143
Central de l'embassament de Darnius Boadella,42.34038429,2.83505879,-0.034093987196683884
Central de l'embassament de La Baells,42.11826235,1.879835414,-0.1304626762866974
Central de l'embassament de Pasteral I,41.98449599,2.600532576,0.07189836353063583
Central de l'embassament de Sant Ponç,41.96268329,1.605051744,0.266040176153183
Central de l'embassament de Sau,41.96761928,2.414154641,0.03322142735123634
Central de l'embassament de Susqueda,41.98538029,2.571035327,-0.13257764279842377
Chanza,37.5586685,-7.520417,0.35829102993011475
Contreras,39.545417,-1.502917,0.353682279586792
DOIRAS 1 - Doiras Hydroelectric Power Plant Spain,43.386002,-6.825,0.03824624791741371
DUQUE,36.919998,-3.344,-0.04459461569786072
EL PUEYO,42.729062,-0.305922,-0.13438165187835693
ENTREPENAS 1,40.493,-2.75,0.20940543711185455
ERISTE 1,42.5899,0.4927,-0.1345061957836151
ESCALES 1,42.3161,0.7463,0.05286252498626709
EUME 1,43.403999,-8.043,-0.3952472507953644
Ebro,42.974583,-4.04875,0.09155245125293732
El Cairat,41.57079803,1.864241398,-0.01949230022728443
Estany gento sallente,42.500623,0.989212,0.07026708871126175
FLIX 1,41.2331,0.5472,0.44005098938941956
FRIEIRA,42.155998,-8.193,0.1662198305130005
GRADO I 1,42.164001,0.241,-0.016940008848905563
GUADALMENA 1,38.356998,-2.921,-0.13073895871639252
Gabriel galan,40.221274,-6.133104,0.38129550218582153
García de Sola/PUERTO PENA,39.145417,-5.18625,0.1328103393316269
Gobantes,36.95558,-4.798108,-0.03814367204904556
Guijo granadilla,40.180133,-6.142519,0.3458995521068573
Guillena GUILLENA GR 1 GENERAC,37.567315,-6.049541,0.2528274357318878
IZNAJAR 1,37.276001,-4.387,0.2093929946422577
Ibon de Ip,42.708,-0.496,0.0545685850083828
Itoiz,42.80375,-1.362083,0.49008065462112427
JM ORIOL 1 - Jose Maria de Oriol (Alcantara) Hydroelectric Power Plant Spain,39.730301,-6.8849,0.17286884784698486
LA BARCA 1,43.352001,-6.201,-0.2552568018436432
LA SERENA,38.912998,-5.413,0.2165168970823288
LAFORTUNADA CINQUETA 1,42.5741,0.1824,-0.22207887470722198
"LAFORTUNADA-CINCA GR,1",42.570999,0.202,-0.31259360909461975
LANUZA 1,42.709,-0.304,-0.04925207048654556
LAS CONCHAS 1,41.944,-8.035,0.05830506607890129
LAS ONDINAS 1,42.8427,-6.4701,0.013172290287911892
LAS PICADAS 1,40.333,-4.249,0.10643169283866882
Los Peares,42.465,-7.724,0.28330838680267334
MEDIANO 1,42.317001,0.2,0.6177299618721008
MENUZA,41.3217,-0.3508,0.09920753538608551
MEQUINENZA,41.368999,0.274,0.26434004306793213
MIRANDA 1 (HC),43.33083333,-6.20333333,-0.23925048112869263
MONTEFURADO 3,42.39111111,-7.2175,0.22375747561454773
MORALETS GR 1 GENERAC,42.569,0.757,-0.07918395102024078
Montamara,42.673534,1.235138,-0.03138544410467148
Muela,39.243581,-0.931709,0.047050803899765015
NUEVO CHORRO,36.914799,-4.771129,0.11027736961841583
Nansa Falls (Peña de Bejo hdam - Rozadio ror - Celis ror - Herrerías ror),43.133094,-4.3884443,0.031238526105880737
OLIANA 3,42.12055556,1.30694444,0.6712737083435059
ORELLANA,38.986,-5.538,0.3135260343551636
PAMPANEIRA 1,36.939999,-3.343,-0.1782023161649704
PEAREII,42.465,-7.724,0.28330838680267334
PENADRADA 1,42.854,-6.459,-0.3500593900680542
PONT DE REI 1,42.8384,0.739,-0.08502145856618881
PONTENOVO 1,42.3746,-7.2351,0.07035539299249649
PORTO,42.161999,-6.921,0.05075157806277275
PORTODEMOUROS,42.855,-8.189,0.09097140282392502
PORTODEMOUROS 1,42.855,-8.189,0.09097140282392502
PRADA 1,42.311001,-7.041,0.01072991918772459
PROAZA 1,43.259998,-6.007,-0.18138554692268372
PUENTE BIBEY 4,42.3342,-7.2152,-0.09898148477077484
Pintado,37.98416667,-5.95472222,0.06841569393873215
Portas Las,42.11625,-7.212083,0.46839669346809387
"QUERENO GR, 1",42.417,-6.832,0.027033932507038116
REGUEIRO (MAO) 1,42.342999,-7.475,-0.13447237014770508
REMOLINA 1,42.917,-5.05,-0.0767798200249672
RIBADELAGO 2,41.9781,-6.1404,0.13552626967430115
Ribarroja Riba-Roja,41.2512192,0.4870597,0.16736099123954773
Ricobayo RICOBA II1 - Ricobayo Hydroelectric Power Plant Spain,41.5260254,-5.9845018,0.1541958451271057
"S,EST IIG1",42.414001,-7.6496,0.42973169684410095
SALAS,41.924,-7.943,0.12026216834783554
SALIME 1 - Salime Hydroelectric Power Plant Spain,43.237,-6.847,0.06749443709850311
SALIME 3 - Salime Hydroelectric Power Plant Spain,43.237,-6.847,0.06749443709850311
SAN AGUSTIN 1,42.15333333,-7.07,-0.22825638949871063
SAN JUAN 1,40.373001,-4.312,0.37232276797294617
SAN PEDRO 2,42.45222222,-7.71361111,0.04900998994708061
SANTA MARINA 1,42.668999,-6.512,-0.07270282506942749
SEIRA HYDROELECTRIC PLANT ,42.478026,0.4360963,-0.07699821889400482
SEROS II 1,41.46861111,0.46194444,-0.04367799684405327
SOBRADELO 2,42.4139,-6.9191,0.014815118163824081
SOBRON 1,42.76722222,-3.10027778,0.1299276053905487
Salt de Freser,42.3642447,2.174705208,-0.24008435010910034
Santiago Jares,42.39305556,-7.08888889,-0.0033785728737711906
Saucelle SAUCE II 1 - Saucelle Hydroelectric Power Plant Spain,41.041734,-6.805412,-0.11867502331733704
Silvon SILVON 1 - Silvon Hydroelectric Power Plant Spain,43.387117,-6.825233,-0.12532348930835724
Soutelo,42.1543,-7.1887,-0.2059451937675476
TAMBRE II GRUPO 1,42.8368,-8.8498,-0.18960034847259521
"TANES GR,1 GENERAC,",43.221001,-5.428,0.12989898025989532
TAVASCAN INFERIOR,42.646,1.26,-0.13303303718566895
TERMENS,41.700183,0.735934,-0.06534644216299057
TERRADETS 1,42.0748,0.9162,0.017513198778033257
TORAN,42.2312,-7.8303,-0.11615601927042007
TRANCO DE BEAS 1,38.174999,-2.796,0.15014734864234924
Tajo encantada TJE1,36.908265,-4.763865,0.10697188973426819
Talarn Talarn Hydroelectric Power Plant Spain - Talarn Hydroelectric Power Plant Spain,42.17969,0.91314,0.20541992783546448
Torrejon,39.835871,-5.989523,0.060753144323825836
Tregurà,42.34174258,2.296907389,-0.21275390684604645
Urdiceto,42.67719,0.270431,-0.11177223920822144
VELLE GRUPO 2,42.3589,-7.851,0.4252617061138153
VIELHA 1,42.70888889,0.79722222,-0.02454211376607418
VILLANUA,42.706001,-0.52,-0.1691281795501709
Valdecanas,39.77787,-5.612464,0.1372794359922409
Valparaiso,41.993,-6.271,0.20836472511291504
Villalcampo VILLALC 21 - Villalcampo Hydroelectric Power Plant Spain,41.491101,-6.084608,0.23247908055782318
Villarino VLLRINO 1G - Almendra (Villarino) Hydroelectric Power Plant Spain,41.271328,-6.320278,0.005703717935830355
ZUJAR,38.917,-5.479,0.3542127013206482
Abelvattnet,65.545168,14.981899,0.08723501116037369
Ajaure,65.509167,15.625556,0.12450680136680603
Akkats Akkats Hydroelectric Power Station Sweden - Akkats Hydroelectric Power Station Sweden,66.6313945,19.819811,-0.007028958294540644
Alfta,61.341075,16.006847,-0.17172326147556305
Anjan,63.6833,12.6333,-0.21877260506153107
Asele,64.102,17.2891,-0.03776530921459198
Avesta Storfors,60.15,16.1667,-0.040659576654434204
Avestaforsen,60.15,16.1667,-0.040659576654434204
Balforsens krv,64.655189,18.48563,0.1637190729379654
Bassalt,56.51083333,13.40027778,-0.22277499735355377
Bastusel Bastusel G1 - Bastusel Hydroelectric Power Plant Sweden,65.403606,18.673154,0.06476104259490967
Batfors,64.832573,20.223732,0.025073247030377388
Bergeforsen Bergeforsen Hydroelectric Power Station Sweden - Bergeforsen Hydroelectric Power Station Sweden,62.5193565,17.3850875,0.17395387589931488
Bergvattnet,64.55,15.2333,-0.1636701375246048
Bergvik,61.2667,16.85,-0.17242339253425598
Bjorna,63.5667,18.55,-0.212190642952919
Bjurfors nedre krv,64.1023,19.5671,0.04825213924050331
Bjurfors övre krv,64.1023,19.5671,0.04825213924050331
Blasjön,64.74166667,14.25444444,-0.2419080138206482
Blybergs kraftverk,61.146912,14.146147,0.030110107734799385
Boden Boden Hydroelectric Power Station Sweden - Boden Hydroelectric Power Station Sweden,65.8078,21.6716,0.11007772386074066
Brynge,63.25888889,18.33222222,-0.13260911405086517
Bullerforsen,60.508889,15.436944,0.0341334231197834
Dabbsjö,64.607742,15.465791,-0.062236085534095764
Dejefors,59.60805556,13.47583333,-0.06409002095460892
Dönje,61.389765,16.388557,-0.025054382160305977
Edensforsen,63.68385,17.00645,0.057254597544670105
Edsele,63.40416667,16.55638889,0.018015895038843155
Eldforsen,60.43777778,14.22777778,-0.010059335269033909
Flasjön,60.0833333,13.9833333,-0.2636125087738037
Forshaga,59.52611111,13.49916667,-0.08415265381336212
Forshult,59.95583333,13.525,0.035566557198762894
Forshuvud,60.53527778,15.42222222,0.04205724969506264
Forsmo Forsmo Hydroelectric Power Plant Sweden - Forsmo Hydroelectric Power Plant Sweden,63.266912,17.204441,-0.18955156207084656
Frykfors Fryken,59.54375,13.299583,0.05096852406859398
Furudal,61.1667,15.1333,0.1334807574748993
Gaddede,64.5,14.15,-0.05171502009034157
Gallejaur Gallejaur G1 - Gallejour Hydroelectric Power Plant Seweden,65.127297,19.467367,0.08314672857522964
Gammelänge,63.141944,16.161111,0.06810151040554047
Gardiken gardikfors,65.476969,15.856519,-0.06432390213012695
Gejman,65.572,15.1816,-0.2831105589866638
Gidbole,63.40666667,19.05361111,-0.09179462492465973
Gidea,63.4725,18.9925,-0.11283352226018906
Gideabacka,63.331136,19.126693,-0.09969542175531387
Glava,59.53888889,12.55583333,-0.20320726931095123
Granfors,64.77972222,20.41638889,-0.1013088971376419
Grundfors,64.9654,17.5797,0.029134374111890793
Grundsjoarna,62.532083,13.092083,-0.03266409412026405
Grytfors,65.295466,19.11352,-0.1786797195672989
Hackren,63.197917,13.50875,-0.4978105127811432
Hallby Gulsele,63.821222,17.145008,-0.03007948026061058
Halvfari,62.43472222,13.45027778,-0.040212102234363556
Hammarforsens,63.112909,16.354573,0.057706013321876526
Harrsele,64.000342,19.566667,-0.23964299261569977
Harsprånget Harspranget G1 - Harspranget Hydroelectric Power Station Sweden,66.885309,19.818399,0.08172177523374557
Hermansboda,62.5418,15.8434,-0.04041974991559982
Hjalta,63.1837,17.0968,0.09456025063991547
Hojum Hojum Hydroelectric Power Plant Sweden - Hojum Hydroelectric Power Plant Sweden,58.2802,12.2785165,-0.04075532406568527
Horrmundsvalla,61.31305556,13.16,-0.0965505838394165
Hoting,64.1167,16.1667,-0.22809335589408875
Hylte,57.0025,13.26333333,0.05623489245772362
Hällforsens,64.58337,18.69227,-0.025779619812965393
Höljes Holjes Hydroelectric Power Station Sweden - Holjes Hydroelectric Power Station Sweden,60.9509665,12.545216,0.1111544668674469
Hölleforsen,62.950833,16.667778,0.17739327251911163
Juktans Storjuktan- Dammen,65.292975,17.2233,-0.034947775304317474
Juveln,63.7167,13.15,-0.302623450756073
Järkvissle,62.80183,16.637707,-0.40642237663269043
Järnvägsforsen,62.48861111,15.55444444,-0.2286430150270462
Järpströmmen,63.344498,13.460305,0.044031787663698196
Karsefors,56.501729,13.11362,-0.1719161421060562
Kattstrupeforsen,63.326439,14.579856,0.0793294683098793
Kilforsen Kilforsen Hydroelectric Power Plant Sweden - Kilforsen Hydroelectric Power Plant Sweden,63.5423,16.7629,-0.027682732790708542
Kinna,57.509323,12.683843,-0.20542262494564056
Klippen,65.88888889,14.98944444,-0.13280194997787476
Korsselbränna,64.467447,15.532646,-0.427577942609787
Krakerud,59.97972222,13.56361111,-0.02069564163684845
Krangfors,64.75,20.4666667,-0.42442095279693604
Krokströmmen Krokstrommen Hydroelectric Power Plant Sweden - Krokstrommen Hydroelectric Power Plant Sweden,62.04222222,14.89805556,0.01673147641122341
Kroppstadfors,59.75833333,12.35972222,-0.030587805435061455
Krångede Krangede Hydroelectric Power Plant Sweden - Krangede Hydroelectric Power Plant Sweden,63.14623,16.0706,0.029708441346883774
Kvarnsveden,60.4858035,15.43714285,0.002248339122161269
Kvistforsen,64.744883,20.863433,-0.05007798597216606
Kymmen,59.974327,12.757321,-0.37868833541870117
Laforsen,61.937373,15.521949,-0.19032497704029083
Laholm,56.5121,13.0437,0.12654061615467072
Landafors,61.25,16.6333333,-0.2327396422624588
Lanforsen,60.53111111,17.41638889,-0.07290870696306229
Langbjörn Langbjorn Hydroelectric Power Plant Sweden - Langbjorn Hydroelectric Power Plant Sweden,63.6366335,16.78694,-0.35416918992996216
Langed,58.924253,12.307601,-0.10118845105171204
Langströmmen,62.106128,14.995905,0.17376673221588135
Lasele,63.555408,16.840305,-0.21324364840984344
Laxede Laxede Hydroelectric Power Station Sweden - Laxede Hydroelectric Power Station Sweden,66.2682205,20.8259525,-0.21160493791103363
Leringsforsen,62.590859,16.40657,-0.27508342266082764
Letsi Letsi G1 - Letsi Hydroelectric Power Plant Sweden,66.503203,20.380167,0.11811308562755585
Letten,60.712207,12.667535,-0.30968230962753296
Ligga Ligga G3 - Ligga Hydroelectric Power Station Sweden,66.80939,19.896293,0.07753576338291168
Lilla Edet,58.1356,12.1199,0.07446342706680298
Lindbyn,60.50638889,14.99416667,-0.2871864140033722
Lottefors,61.4166667,16.4,-0.2699797749519348
Lovons Krv,63.829583,15.642083,-0.31688636541366577
Långå,62.46369,13.08091,-0.09701713919639587
Malgomaj,64.8,16.0167,-0.3564346134662628
Matfors,62.35,17.0333,-0.09546095132827759
Messaure Messaure G1 - Messaure Hydroelectric Power Station Sweden,66.691226,20.345341,0.04015526548027992
Midskog Vermunt Hydroelectric Power Plant Austria - Midskog Hydroelectric Power Plant Sweden,63.2411585,15.2339025,0.05686114355921745
Mockfjärd,60.501506,14.964287,-0.05963640287518501
Moforsen Hydroelectric Power Station Sweden - Moforsen Hydroelectric Power Station Sweden,63.36827,16.98765,0.11401518434286118
Motala,58.560479,15.082435,-0.1708204448223114
Munkfors,59.8386,13.5436,-0.26989176869392395
Nederede,62.4333,16.4833,-0.33619481325149536
Nissaström,56.841854,13.008626,-0.04328199103474617
Noppikoski,61.489883,14.709516,-0.154092937707901
Norrange,61.489482,16.381977,-0.08526226878166199
Nämforsen Namforsen Hydroelectric Power Station Sweden - Namforsen Hydroelectric Power Station Sweden,63.44027778,16.88083333,-0.014043251052498817
Näs Nas Hydroelectric Power Plant Sweden - Nas Hydroelectric Power Plant Sweden,60.1749285,16.476273,-0.005943150259554386
Näverede,63.223555,15.320856,0.2941613793373108
Olden,63.74985,13.54035,-0.19489999115467072
Olidan Olidan Hydroelectric Power Plant Sweden - Olidan Hydroelectric Power Plant Sweden,58.275,12.2726,-0.05027453228831291
Parki,66.74388889,19.20333333,-0.10194990038871765
Parteboda,62.517539,15.691329,-0.022451400756835938
Pengfors krv,63.921437,19.667553,-0.3759278953075409
Porjus Porjus G11 - Porjus Hydroelectric Power Station Sweden,66.954281,19.796076,-0.05435746908187866
Porsi Porsi G3 - Porsi Hydroelectric Power Plant Sweden,66.428961,20.653796,0.03284936025738716
Prästforsens krv,60.668611,17.076944,-0.08419907093048096
Ramsele,63.541981,16.45496,-0.10515351593494415
Randi,66.706406,19.516481,-0.06135537847876549
Rebnisjaure rebnis krv,66.499046,17.107241,-0.25148963928222656
Rengard,64.933513,20.046481,-0.21254082024097443
Ritsem Ritsem G1 - Ritsem Hydro Power Station Sweden,67.729796,17.48494,-0.022075174376368523
Rottnen,59.7925,13.10166667,-0.11425148695707321
Rusfors,64.717559,18.242239,-0.26900172233581543
Seitevare Seitevare G1 - Seitevare Hydroelectric Power Station Sweden,66.976846,18.573706,0.08919209986925125
Selsfors,64.74194444,20.63055556,0.013120785355567932
Sikfors,65.525764,21.183168,-0.027888378128409386
Sillre,62.77138889,16.71027778,-0.213187575340271
Sils,63.73444444,16.42583333,-0.33080095052719116
Skagern – gullspang,58.986325,14.106716,-0.07909907400608063
Skallböle,62.364099,16.962161,0.06335718929767609
Skedvi,60.398171,15.808669,-0.07778970152139664
Skoga,60.04472222,13.52805556,-0.12260947376489639
Skogaby,56.530556,13.183333,-0.15384343266487122
Skymnäs,59.94472222,13.53166667,0.020013481378555298
Soderfors,60.3833,17.2333,-0.13167119026184082
Solleftea,63.167911,17.277051,0.07546348124742508
Spjutmo,61.083948,14.318083,-0.06316718459129333
Stadsforsen,62.990118,16.65472,-0.1816924810409546
Stalon Stalon G1 - Stalon Hydroelectric Power Station Sweden,64.94388889,15.83111111,-0.2636567950248718
Stenkullafors,64.29432,17.246873,-0.16822421550750732
Stensele,65.054381,17.231956,0.14075371623039246
Storavan bergnäs krv,65.6833333,18.1666667,-0.23760637640953064
Storfinfors Storfinnforsen Hydroelectric Power Station Sweden - Storfinnforsen Hydroelectric Power Station Sweden,63.597923,16.1205895,0.07332226634025574
Stornorrfors Stornorrfors G1 - Stornorrfors Hydroelectric Power Station Sweden,63.85198,20.051344,-0.08027387410402298
Stugun,63.1625,15.6245,-0.05742846056818962
Svartafors,58.450011,15.491865,-0.16487310826778412
Svarthalsforsens,63.028896,16.569358,0.07379337400197983
Sveg Sveg Hydroelectric Power Plant Sweden - Sveg Hydroelectric Power Plant Sweden,62.01812,14.2453105,-0.18506382405757904
Sädvajaur sädva,66.467003,16.549485,-0.13011856377124786
Sällsjö,63.22388889,13.67861111,-0.15746749937534332
Tasan,60.76638889,12.84916667,-0.37874555587768555
Tasjo,64.2167,15.9,-0.14016413688659668
Torpshammar,62.472822,16.325252,0.18761427700519562
Trangfors,59.6333333,16.2,-0.28099578619003296
Traryd,56.584337,13.756098,-0.15861143171787262
Trängslet Trangslet G1 - Trängslet Hydroelectric Power Plant Sweden,61.381645,13.731379,0.2474084198474884
Tuggen,64.479423,18.878073,0.07174250483512878
Turinge,62.46055556,14.84527778,-0.13405942916870117
Umluspen,65.095,17.101667,-0.0844465121626854
Untra,60.43888889,17.34,-0.10997992008924484
Vargfors Vargfors Hydroelectric Power Station Sweden - Vargfors Hydroelectric Power Station Sweden,65.0222165,19.682859,-0.0011207732604816556
Vargön,58.355556,12.374444,0.045737382024526596
Vietas Vietas G1 - Vietas Hydroelectric Power Station Sweden,67.493432,18.353512,0.0008715149015188217
Viforsens,62.311094,17.172947,-0.16440224647521973
Vittjärv Vittjarv Hydroelectric Power Station Sweden - Vittjarv Hydroelectric Power Station Sweden,65.8460275,21.5538235,-0.17670248448848724
Volgsjöfors,64.55,16.75,-0.4123271405696869
Yngeredsfors,57.0531,12.778165,-0.10950437933206558
Älvkarleby Alvkarleby Hydroelectric Power Plant Sweden - Alvkarleby Hydroelectric Power Plant Sweden,60.5636805,17.44205,0.09886437654495239
Öjeforsen,62.02166667,15.25638889,-0.040084678679704666
Aarau stadt,47.39478173,8.035874583,0.022183077409863472
Aarberg Aarberg Hydroelectric Power Plant Switzerland - Aarberg Hydroelectric Power Plant Switzerland,47.0378524,7.271927211,-0.03233738988637924
Aarewerk thun,46.7616833,7.616856002,-0.08334622532129288
Aboyeu,46.18195706,7.03393846,-0.22109664976596832
Ackersand,46.24000507,7.874575928,-0.0885361060500145
Aegina,46.46817414,8.369523304,-0.20761501789093018
Airolo,46.5285,8.6088,0.048888932913541794
Albignawerk löbbia,46.37495221,9.658900883,-0.0528070442378521
Aletsch,46.35397488,8.042760235,-0.12545698881149292
Am löntsch,47.05663848,9.049114634,-0.07436276972293854
Amsteg,46.76675965,8.672923364,-0.27887865900993347
Ardon,46.216721,7.256573,-0.004473422188311815
Arniberg,46.76899448,8.665904129,-0.2590472996234894
Au schönenberg,47.52398098,9.186791025,-0.12174549698829651
Aue dotierzentrale,47.46945285,8.309635082,-0.11282685399055481
Augst,47.53676241,7.709688481,0.09985624253749847
Bannalp/Oberrickenbach,46.88030374,8.421259962,-0.26678839325904846
Bannwil,47.22937261,7.732298272,0.05144792050123215
Beznau,47.55780513,8.23714123,0.08401955664157867
Beznau-Wehrkraftwerk,47.5525,8.2286,0.06701074540615082
Biasca,46.33498852,8.982649599,-0.2116161584854126
Birsfelden,47.55986094,7.626364606,0.09688082337379456
Bisisthal,46.94662168,8.827997746,-0.2126195728778839
Bitsch,46.33364617,8.00759904,-0.09334846585988998
Bocki,46.84096379,8.63214556,-0.24711352586746216
Bondo,46.33399639,9.55121329,-0.2591690421104431
Bortel oberstufe,46.29345117,8.088158871,-0.3052319586277008
Bremgarten zufikon,47.34365443,8.345628025,-0.013285376131534576
Brigels tavanasa/Mutteins,46.75806217,9.071746229,-0.19501332938671112
Broc,46.60985762,7.109306753,-0.19568540155887604
Brummbach linthal,46.92764054,9.002303541,-0.1503729671239853
Brügg,47.1191459,7.258099814,-0.015373248606920242
Buchs altendorf,47.15699679,9.467100771,-0.14651769399642944
Bärenburg,46.59019154,9.421427226,0.053942132741212845
Bözingen,47.15450871,7.266550789,-0.040704380720853806
Bürglen unterschächen,46.87652924,8.663371668,-0.04796339198946953
Calancasca/Sassello,46.23920795,9.118549621,-0.21034906804561615
Campocologno,46.231495,10.14443839,-0.14605797827243805
Castasegna,46.33609811,9.515437008,-0.15908096730709076
Cavaglia,46.36809688,10.03630585,-0.20103420317173004
Centrale di Bavona,46.401001,8.551,-0.10658542811870575
Centrale di Cavergno,46.349998,8.6,-0.30634185671806335
Centrale di RobieiPS,46.464001,8.546,-0.2022634595632553
Centrale di Verbano,46.1201,8.7118,0.0737154632806778
Champsec,46.05712536,7.248063884,-0.2672998607158661
"Chancy pougny dot, passe pois",46.15987119,5.9753486,-0.010784314014017582
Chanrion,45.99977203,7.350620833,-0.044922176748514175
Charmey perré,46.61458556,7.161756538,-0.2805010974407196
Chippis rhône,46.28194587,7.547499966,0.0435410737991333
Châtelard - Barberine,46.058217,6.956967,-0.22400625050067902
Croix Croix Hydroelectric Power Plant Switzerland - Croix Hydroelectric Power Plant Switzerland,46.30817449,7.434100899,-0.24007539451122284
Dala,46.31872947,7.623784583,-0.13097603619098663
Dallenwil,46.91166368,8.393608875,-0.1760641187429428
Dernier,46.70209956,6.349937545,-0.21379800140857697
Diablerets,46.35306411,7.154650449,-0.22825153172016144
Dietikon,47.41033996,8.407980194,0.044993575662374496
Eglisau Eglisau Hydroelectric Power Plant Switzerland - Eglisau Hydroelectric Power Plant Switzerland,47.57491614,8.473322087,0.07631364464759827
Engeweiher,47.69348408,8.630435553,0.07698211818933487
Engi,46.98504265,9.153197541,-0.18880559504032135
Erlenbach,46.65688216,7.548118912,-0.1759064495563507
Ernen ERNE UNIT 3,46.39116874,8.13015041,-0.2625960409641266
Etzelwerk Altendorf,47.1941129,8.812915171,-0.08787275105714798
Ewz (Sils),46.70408174,9.464068527,-0.06292954087257385
FERRERA KHR,46.533546,9.434086,-0.276612251996994
Felsenau Felsenau Hydroelectric Power Plant Switzerland - Felsenau Hydroelectric Power Plant Switzerland,46.96844294,7.439421064,-0.1950497031211853
Fieschertal,46.41127389,8.137625667,-0.3082999587059021
Filisur,46.66989197,9.689202636,-0.14733442664146423
Fionnay (Dixence),46.035888,7.30317,-0.3651954233646393
Fionnay mauvoisin,46.03040473,7.30795255,-0.35962650179862976
Flumenthal,47.22910691,7.589951686,0.03894581273198128
Fätschbach,46.91551045,8.987901562,-0.22827814519405365
Gabi Gabi Hydroelectric Power Plant Switzerland - Gabi Hydroelectric Power Plant Switzerland,46.18821153,8.070066985,-0.20557846128940582
Gental Fuhren Hydroelectric Power Plant Switzerland - Fuhren Hydroelectric Power Plant Switzerland,46.72719109,8.333697249,-0.3451940715312958
Giumaglio,46.28241272,8.669718834,-0.23665688931941986
Glattalp,46.91761881,8.845498864,-0.23496948182582855
Gondo Gondo Hydroelectric Power Plant Switzerland - Gondo Hydroelectric Power Plant Switzerland,46.19600922,8.150604223,-0.14747662842273712
Gordola,46.19421678,8.849101117,-0.18237654864788055
Grimsel 1 (Grimselsee),46.5654,8.3278,-0.1468539834022522
Grimsel 1 (Oberaarsee),46.5654,8.3278,-0.1468539834022522
Grimsel 2,46.569724,8.319772,-0.5753122568130493
Grono,46.242012,9.153520004,-0.2502158582210541
Gurtnellen,46.725769,8.618869,-0.09113874286413193
Göschenen andermatt,46.66736286,8.585314102,-0.13800302147865295
Göschenen göscheneralp,46.66736286,8.585314102,-0.13800302147865295
Gösgen,47.36942514,7.979454655,0.021316461265087128
Hagneck,47.05962457,7.178008446,0.037216365337371826
Handeck 1,46.6167,8.3077,-0.18197029829025269
Handeck 2/2a,46.614742,8.303538,-0.1303992122411728
Handeck 3 (Isogyre),46.617,8.3063,-0.09902732819318771
Hauterive,46.76895067,7.127576354,-0.07392343133687973
Heiligkreuz,46.34761436,8.175193586,-0.1955687552690506
Hintersand,46.9218287,8.9996438,-0.1452702283859253
Hinterthal (Muota),46.97100515,8.782496692,-0.30337828397750854
Hopflauenen leimboden,46.71511341,8.277516982,-0.15599021315574646
Hopflauenen trift Hopflauenen Hydroelectric Power Plant Switzerland - Hopflauenen Hydroelectric Power Plant Switzerland,46.71511341,8.277516982,-0.15599021315574646
Hüribach,46.97100515,8.782496692,-0.30337828397750854
Ilanz stufe panix pigniu,46.77476376,9.195225579,-0.1613038033246994
Ilanz stufe tavanasa,46.77476376,9.195225579,-0.1613038033246994
Innergsteig,46.37642613,7.277999853,-0.2762390971183777
Innertkirchen 1/2/3,46.70855348,8.226019489,-0.15995001792907715
Innertkirchen 2,46.7086,8.226,-0.15915831923484802
Isenthal bolzbach,46.89920756,8.593407132,-0.036083877086639404
Kallnach,47.02149902,7.22817749,-0.11121144890785217
Kandergrund,46.5427474,7.6594866,-0.21498478949069977
Kappelerhof,47.48455391,8.292831925,-0.07340368628501892
Klingnau,47.5945791,8.225727733,0.16607162356376648
Klosters Hydroelectric Power Plant Switzerland - Klosters Hydroelectric Power Plant Switzerland,46.861086,9.895629,-0.18763567507266998
Kubel,47.40190948,9.323640638,-0.24253898859024048
Küblis,46.91397419,9.782029249,-0.08944524824619293
La Batiaz,46.109863,7.061907,-0.05855255201458931
Laufenburg,47.55591338,8.049124537,0.13556857407093048
Lavey,46.21444422,7.012962705,-0.19862821698188782
Lavin Prà da Plaiv (Lavinuoz),46.76897795,10.11431787,-0.21887852251529694
Le chalet,46.72772632,6.522243024,-0.2679477035999298
Les clées,46.73112688,6.444992521,-0.23782463371753693
Lessoc,46.5060508,7.053267128,-0.1354190856218338
Limmern,46.8489,9.0118,-0.2059672325849533
Linthal,46.877916,8.98358,0.16588562726974487
Lostallo,46.32195766,9.209030788,-0.17677849531173706
Luchsingen,46.96604977,9.035489525,-0.16399900615215302
Luzzone,46.56525608,8.96078316,-0.2555588483810425
Löbbia (Albigna),46.37495221,9.658900883,-0.0528070442378521
Lötschen,46.31972855,7.744274904,-0.16383594274520874
Mapragg - Gigerwald G1,46.948002,9.482,0.010824588127434254
Martigny bourg,46.08830987,7.059069767,-0.06328481435775757
Martina,46.8842,10.4627,-0.16214370727539062
Massaboden,46.33299753,8.011358473,-0.12524910271167755
Miéville,46.14640585,7.028896763,-0.09264512360095978
Molinis lüen,46.82844281,9.606149925,-0.22661103308200836
Montbovon,46.48795246,7.048316905,-0.1740376502275467
Montcherand,46.72720572,6.513486623,-0.16021502017974854
Morobbia,46.16806361,9.016899527,-0.22533437609672546
Mottec,46.15303624,7.619988428,-0.1551862508058548
Murg gödis,47.10844844,9.214736312,-0.24806581437587738
Murg plätz,47.09244923,9.207882246,-0.2579558193683624
Murg säge,47.11350488,9.219385013,-0.05196887254714966
Mutt,46.01146382,7.738553163,-0.19714240729808807
Mörel,46.35218065,8.041830887,-0.16011463105678558
Mühleberg Muehleberg Hydroelectric Power Plant Switzerland - Muehleberg Hydroelectric Power Plant Switzerland,46.9691475,7.284493974,0.08689012378454208
Nant drance NANT DE DRANCE - Nant de Drance Pumped Storage Power Plant Switzerland,46.066078,6.901301,-0.08655428141355515
Navisence,46.28131729,7.546331033,0.07684071362018585
Nendaz,46.1822,7.248,-0.1285291612148285
Neubrigg,46.39618146,8.134244927,-0.29299798607826233
Neuhausen,47.67988066,8.614946567,-0.15521550178527832
Niederenbach,46.9957287,9.087131055,-0.06346705555915833
Niederried Niederried-Radelfingen Hydroelectric Power Plant Switzerland - Niederried-Radelfingen Hydroelectric Power Plant Switzerland,47.00317218,7.241135671,-0.055321045219898224
Niederurnen,47.12358202,9.042165024,-0.2684840261936188
Nuova biaschina,46.36495121,8.928785368,-0.08048146963119507
Oberems (Argessa),46.2815,7.6953,-0.14278121292591095
Obermatt,46.8425235,8.372585756,-0.3186686038970947
Oelberg,46.80170595,7.167340809,-0.11867651343345642
Olivone,46.53967951,8.949111449,-0.24203510582447052
Orsières,46.02109359,7.142307646,-0.20356261730194092
Pallazuit,45.98108849,7.189492432,-0.18138113617897034
Palü,46.37249504,10.02897447,-0.26417064666748047
Petite vaux,46.488904,6.40504,-0.22857265174388885
Peuffeyre,46.26598336,7.061717565,-0.19637085497379303
Pintrun,46.815254,9.348688,-0.2041032612323761
Piottino,46.43833096,8.83996336,-0.06836678832769394
Plan dessous,46.49920897,6.385808677,-0.2590947449207306
Plessurwerk,46.84043063,9.542505418,-0.20571269094944
Plons,47.05405739,9.40001024,-0.09099121391773224
Pont de la Tine,46.34778507,7.044325779,-0.2591919004917145
Ponte brolla,46.18559009,8.751208893,-0.05530830845236778
Pradella,46.80481973,10.33134418,-0.08031988143920898
Rathausen,47.0817754,8.314332515,-0.08738818764686584
"Realta, Rothenbrunnen",46.764823,9.417847,-0.1698644906282425
Refrain,47.18769382,6.873117372,-0.1752839833498001
Reichenau,46.83773371,9.447331014,-0.08692169189453125
Rheinau,47.63891024,8.601661178,-0.13477501273155212
Riddes,46.157692,7.209341,-0.04113717004656792
Risi,47.09467832,9.056713556,-0.13223916292190552
Ritom,46.51725677,8.675317564,-0.04576433449983597
Robbia,46.34826422,10.06109217,-0.14605648815631866
Rondchâtel,47.17103262,7.249745764,-0.3001037538051605
Rothenbrunnen,46.7699211,9.419593243,-0.1564481258392334
Rupperswil auenstein,47.41179666,8.11477179,0.024867035448551178
Ruppoldingen,47.31229156,7.877702174,0.059387169778347015
Russein,46.72028184,8.898568347,-0.20726387202739716
Ryburg schwörstadt,47.58686194,7.83370777,-0.004904936067759991
Rüchlig dotierzentrale,47.39942457,8.051028325,-0.1255115419626236
SEDRUN,46.639999,8.761,-0.1252225786447525
SILS KHR,46.703999,9.466,-0.06857459992170334
Safien platz,46.67782429,9.315873833,-0.20813481509685516
Sahli (Ruosalp),46.91761881,8.845498864,-0.23496948182582855
Sainte anne,46.53512976,7.08799404,-0.203685000538826
Sambuco peccia,46.41564187,8.61147407,-0.20781934261322021
Sarelli,46.97709803,9.538658855,-0.12936793267726898
Schaffhausen,47.69312439,8.63042746,0.054312705993652344
Schattenhalb,46.719447,8.184582968,-0.12193040549755096
Schiffenen,46.8827252,7.194219036,0.1683623343706131
Schiffmühle,47.48806753,8.267277979,-0.1560998260974884
Schlappin,46.88504801,9.878557901,-0.2624706029891968
Seekraftwerk zervreila,46.57894959,9.119315564,-0.12332487851381302
Sembrancher,46.079152,7.156727248,-0.18771184980869293
Seujet Seujet Hydroelectric Power Plant Switzerland - Seujet Hydroelectric Power Plant Switzerland,46.20311975,6.134471586,0.08565179258584976
Silliboden,46.30442675,8.004178335,-0.2762695848941803
Simmenfluh,46.67279879,7.622640841,-0.052985839545726776
Soazza,46.3424239,9.212166351,-0.2286168932914734
Solis,46.68192209,9.525213,-0.21849040687084198
Spiez,46.69665104,7.664951472,-0.09842246025800705
Spina isola,46.43113436,9.206999104,-0.36281469464302063
Spina valbella,46.43113436,9.206999104,-0.36281469464302063
St léonard St-Leonard Hydroelectric Power Plant Switzerland - St-Leonard Hydroelectric Power Plant Switzerland,46.26058771,7.44474053,-0.0727800503373146
Stalden STALDEN - Stalden Hydroelectric Power Plant Switzerland,46.23022033,7.857193058,-0.18105462193489075
Stalvedro aet,46.51741111,8.677666938,-0.14346535503864288
Stechelberg,46.54472644,7.899907479,-0.29445141553878784
Sublin,46.26509974,7.040192582,-0.24949730932712555
Susasca,46.75519301,10.08403667,-0.18786819279193878
Tannuwald,46.14994099,8.107936687,-0.20214693248271942
Taschinas,46.98284123,9.644863303,-0.16006579995155334
Tasnan,46.7776529,10.22572094,-0.21281728148460388
Tavanasa kvr,46.75103682,9.046923928,-0.18210752308368683
Thusis,46.69014862,9.442884084,-0.2160634547472
Ticinetto,46.41957428,8.850667019,-0.18540488183498383
Tiefencastel ost,46.66440166,9.562703474,-0.15166088938713074
Tiefencastel west,46.66440166,9.562703474,-0.15166088938713074
Tierfehd (Limmern),46.876269,8.986949,-0.33992552757263184
Tierfehd hintersand,46.87611534,8.987029349,-0.3338386118412018
Tierfehd umwälzwerk,46.87875008,8.985137042,-0.11604626476764679
Tinizong,46.58250649,9.610648358,-0.1380198746919632
Tremorgio,46.49021144,8.736704246,-0.16288550198078156
Turtmann,46.29540226,7.685998364,-0.1914052963256836
Ulrichen,46.50312594,8.318531648,-0.1993303894996643
Unteraa lungerersee,46.82143519,8.174462349,-0.28432586789131165
Unteraa melchaa,46.87706055,7.998592231,-0.3004942536354065
Usine du chanet,46.95925861,6.828886453,-0.27302518486976624
Verbois Verbois Hydroelectric Power Plant Switzerland - Verbois Hydroelectric Power Plant Switzerland,46.19139413,6.027357341,0.07142052799463272
Vernayaz cff,46.13320779,7.03598337,-0.1265420764684677
Verzasca tenero,46.18165823,8.853309454,-0.07602403312921524
Veytaux,46.4198999,6.9287696,-0.08128586411476135
"Vissoie ""groupe auxiliaire""",46.20993765,7.585969834,-0.1425662785768509
Vouvry,46.33612447,6.881481154,-0.17004582285881042
Waldhalde,47.17916527,8.628475867,-0.2798461616039276
Walibach,46.45215195,8.215139487,-0.18592607975006104
Wassen,46.7156914,8.610146972,-0.14089594781398773
Wernisberg,46.99621882,8.651244257,-0.19580309092998505
Wettingen dotieranlage,47.45672815,8.32116358,-0.00733995670452714
Wiesti,46.02437926,7.752570265,-0.07373586297035217
Wildegg brugg,47.46884602,8.169881131,-0.09031199663877487
Wolfenschiessen,46.9032,8.3942,-0.15433476865291595
Wyhlen,47.53873,7.70768,0.09182416647672653
Wynau,47.25625228,7.786083656,0.10390021651983261
Wägital rempen,47.13837318,8.897577361,-0.17718596756458282
Wägital siebnen,47.17162805,8.900067399,-0.07348404079675674
Zermeiggern ZERMEIGGERN - Zermeiggern Hydroelectric Power Plant Switzerland,46.08236906,7.956505432,-0.12525081634521484
Alt?nkaya Dam,41.3668,35.7244,0.18874292075634003
Aslanta? Dam,37.27055556,36.27444444,0.05448503419756889
Atatürk Dam,37.4825,38.3186,0.04169110208749771
Batman Dam,38.1602,41.2026,0.27997827529907227
Berke Dam,37.3731,36.4615,0.40709951519966125
Birecik Dam,37.0542,37.8901,0.14092408120632172
Borçka Dam,41.3507,41.6834,0.13607129454612732
Boyabat Dam,41.3391,35.0033,0.29789280891418457
Deriner Dam,41.1696,41.8697,0.461150586605072
Devecikona?? Dam,39.8756,28.5754,0.17807739973068237
Dicle Dam,38.23083889,40.17655278,0.33210575580596924
Gezende Dam,36.5285,33.1943,0.20161433517932892
Gökçekaya Dam,40.0332,31.016,0.3478229343891144
Hasan U?urlu Dam,40.9367,36.6493,0.18364541232585907
Hirfanl? Dam,39.2731,33.5184,0.11804145574569702
Il?su Dam,37.5302,41.8529,0.0730958878993988
K?l?çkaya Dam,40.242,38.1859,0.29784834384918213
Karakaya Dam,38.2264,39.1353,0.1866178959608078
Karkam?? Dam,36.8697,38.0307,0.28232476115226746
Keban Dam,38.8055,38.7591,0.08108994364738464
Menzelet Dam,37.6766,36.8505,0.23743169009685516
Muratl? Dam,41.4683,41.7137,0.09458760172128677
Obruk Dam,40.7702,34.7913,0.12479624152183533
Oymapinar Dam,36.9086,31.5316,0.2954016923904419
Sar?yar Dam,40.04,31.4144,0.34055331349372864
Sir,37.5009,36.5967,0.3066144287586212
Çatalan Dam,37.1953117,35.2780132,0.058712951838970184
Özlüce Dam,39.1278,40.0855,0.04226677119731903
Dneipro HPP 2,47.8675,35.0897,0.005273600574582815
Dniester,48.5136,27.4733,0.0682302713394165
Dniester (pumped storage),48.5136,27.4733,0.0682302713394165
Dniprodzerzhynsk,48.5485,34.541,-0.06889742612838745
Kakhovka,46.7786,33.3697,-0.09798997640609741
Kaniv,49.7665,31.4717,0.02697894535958767
Kiev,50.5883,30.5118,-0.016616396605968475
Kiev (pumped storage),50.6113,30.4902,0.03963398560881615
Kremenchug,49.0748,33.2531,0.12011487036943436
Tashlyk,47.7968,31.1811,0.1166505217552185
Abhainn Gleann Nam Fiadh,56.7839,-4.7711,-0.19159339368343353
Achanalt,57.6161,-4.8326,-0.23023706674575806
Aigas,57.4574,-4.5453,-0.14058983325958252
Allt-na-Lairige,56.30722222,-4.86,-0.21112658083438873
Carsfad,55.14352,-4.18933,-0.17390276491641998
Cashlie,56.5475,-4.42944444,-0.21992860734462738
Cassley CASS-1,58.16861111,-4.72916667,-0.1456318348646164
Ceannacroc,57.155998,-4.936,-0.2075394093990326
Cia Aig,56.9537,-5.0076,-0.23864658176898956
Clachan CLAC-1,56.27694444,-4.92138889,-0.25583919882774353
Clunie Cascade CLUN-1,56.71694444,-3.7775,-0.10435942560434341
Cruachan,56.394104,-5.114319,-0.14055204391479492
Cuaich,56.699001,-4.408,-0.2558775842189789
Cuileig Hydro Scheme,57.7633,-5.0392,-0.29404541850090027
Culligran,57.42555556,-4.7025,-0.26370638608932495
Dalchonzie,56.3734,-4.0411,-0.24493393301963806
Deanie,57.4075,-4.84416667,-0.2036188691854477
Dinorwig,53.118744,-4.113624,-0.210527703166008
Dolgarrog,53.1912,-3.8426,-0.050961095839738846
Drumjohn,55.24805556,-4.32638889,-0.23291383683681488
Earlstoun,55.11138889,-4.17444444,-0.21652565896511078
Elan Valley Hydro Scheme,52.2946,-3.6144,-0.21756693720817566
Errochty ERRO-1,56.707001,-4.02,-0.11132143437862396
Fasnakyle Compensation Set,57.3272,-4.7946,-0.30740469694137573
Fasnakyle FASN-1,57.3272,-4.7946,-0.30740469694137573
Ffestiniog Ffestiniog Pumped Storage Power Station Wales UK - Ffestiniog Pumped Storage Power Station Wales UK,52.980785,-3.968708,-0.0225649606436491
Finlarig FINL-1,56.509998,-4.228,-0.3021150231361389
Foyers Falls,57.2461,-4.4901,-0.22702144086360931
Foyers falls Foyers FOYE-1 - Foyers Pumped Storage Power Station Scotland UK,57.2553615,-4.493152,-0.17429092526435852
Garbhaig Hydro Scheme,57.6813,-5.5196,-0.308666855096817
Garrogie,57.1859,-4.4818,-0.22135937213897705
Gaur GAUR-1,56.6785,-4.5085,-0.10041049867868423
Glendoe Hydro GLNDO-1,57.132999,-4.683,-0.4216945171356201
Glenlee,55.10027778,-4.18527778,-0.23465615510940552
Great Glen Scheme/Glen Moriston,57.2016,-4.7213,-0.12494944781064987
Grudie Bridge GRUB-1,57.62194444,-4.82222222,-0.2638482451438904
Inverawe INAW-1 ,56.43972222,-5.21694444,-0.2854651212692261
Invergarry,57.077999,-4.781,-0.4134838283061981
Inverlael,57.8235,-5.0553,-0.3974548578262329
Kendoon,55.165,-4.19,-0.2752753496170044
Kilmelfort,56.27305556,-5.48944444,-0.3288786709308624
Kilmorack,57.4632,-4.5121,-0.1644432246685028
Kingairloch,56.6214,-5.5289,-0.3057655692100525
Kinlochleven Hydro Power Plant KNLCV-1,56.713663,-4.9617,-0.09556344151496887
Lairg,58.02,-4.4151,-0.14264218509197235
Lednock,56.43444444,-4.06388889,-0.20290495455265045
Livishie,57.20444444,-4.72777778,-0.25540798902511597
Llyn Brianne Dam,52.1203,-3.7699,-0.24039658904075623
Llyn Celyn,52.9438,-3.6712,-0.28128162026405334
Loch Ericht,56.699001,-4.408,-0.2558775842189789
Loch Gair LOCG-1,56.078999,-5.342,-0.471895694732666
Lochaber,56.889722,-4.673333,0.06931442767381668
Lochay,56.509998,-4.228,-0.3021150231361389
Lubreoch,56.5419,-4.5174,-0.14459261298179626
Luichart,57.57444444,-4.68638889,-0.26531586050987244
Lussa,55.47583333,-5.58472222,-0.33379215002059937
Maldie,58.2603,-4.9819,-0.2839237451553345
Mossford,57.62833333,-4.79972222,-0.26330167055130005
Mullardoch,57.382,-4.881,-0.14479582011699677
Nant NANT-1,56.33694444,-5.20444444,-0.2783144414424896
Orrin,57.5294,-4.5585,-0.36317750811576843
Pitlochry,56.6991,-3.7406,0.00854177214205265
Quoich,57.06305556,-5.12638889,-0.18422850966453552
Rannoch RANN-1,56.699001,-4.408,-0.2558775842189789
Rheidol,52.39638889,-3.90027778,-0.25955820083618164
River E,57.2135,-4.4506,-0.229475200176239
River Lochy Hydro,56.4049,-4.9226,-0.2249165028333664
Shin SHIN-1,57.944,-4.417,-0.2992883324623108
Sloy SLOY SLOY-1 - Loch Sloy Hydroelectric Power Plant UK,56.261512,-4.763588,0.20300060510635376
Sron Mor SROM-1,56.33694444,-4.97527778,-0.11917217075824738
St Fillans SFIL-1,56.401001,-4.122,-0.2436341494321823
Stonebyres,55.67722222,-3.83,-0.30215731263160706
Storr Lochs,57.49666667,-6.14527778,-0.2430017590522766
Striven STVE-1,56.0093,-5.1199,-0.28306108713150024
Tongland,54.86,-4.03416667,-0.12573832273483276
Torr Achilty,57.554,-4.5984,0.12417911738157272
Tummel Bridge TUMB-1,56.7075,-4.021,-0.1565549522638321
maentwrog,52.946,-3.9879,-0.3200909495353699
Boguchanskaya,58.6944,99.1489,0.023495875298976898
Bureyskaya/Bureiskaya,50.26916667,130.3133333,0.10200484842061996