name,latitude,longitude,ndwi
Fangu,41.705833,19.770278,-0.29908088
Molinis lüen,46.82844281,9.606149925,-0.5194577
Bussento,40.1304,15.511,-0.61667156
Pournari,39.1845,21.0255,-0.25971377
Inkeroinen ve,60.71027778,26.81361111,-0.29019716
IZVOARELE,45.267768,26.024851,-0.3411786
Unterbergen,48.237449,10.92718,-0.002868338
Cernaleve 1/2,42.02941667,20.55555278,-0.5460328
Hourat Hourat Hydroelectric Power Station France - Hourat Hydroelectric Power Station France,43.075,-0.42,-0.38984835
Kruonis & extension Kruonio KHAE-----HA1 - Kruonis Pumped Storage Hydroelectric Power Plant Lithuania,54.797866,24.248169,-0.21912684
Hydropower Plant CHE-Costesti,47.8381,27.2246,-0.043616634
Ettling,48.6960722,12.7977619,-0.68157285
Miéville,46.14640585,7.028896763,-0.51061046
Vigelandsfoss,58.253518,7.958415,-0.17563416
Lenie,40.76601389,20.39604444,-0.638795
Imatra Imatra - Imatra Hydroelectric Power Plant Finland,61.166797,28.774695,-0.27023405
Sondrio UP_SONDRIO_1,46.173,9.8876,-0.3584102
Sfikia SFIKIA - Sfikia Hydroelectric Power Plant Greece,40.3856573,22.2113777,-0.49450958
Töging,48.2518176,12.5873078,-0.4740544
Santa Luzia,40.0897,-7.8579,0.089727096
Erzhausen PSW Erzhausen Block 1 - Erzhausen Pumped Storage Power Plant Germany,51.89912,9.92452,-0.31438473
Izernore,46.2184,5.5632,-0.67491066
Massaboden,46.33299753,8.011358473,-0.46212342
Fossbråten,60.976724,9.295138,-0.59772646
Hydropower Plant Dubasari,47.2778,29.123,0.13524516
Hirvikoski,62.80944444,23.03583333,-0.65967834
Centrale Rusca,45.529214,9.533849,0.014565607
Smokovo,39.1463,22.0629,0.41286558
Trier,49.728029,6.624451,0.040297337
Breivikelva,67.054756,14.478863,-0.5493885
Somplago UP_TAGLIAMENTO_1,46.343237,13.067161,-0.3586483
Enkirch,49.97667,7.127777,0.05117405
Lanabregas,41.3428,19.8964,-0.51281434
Martina,46.8842,10.4627,-0.47005045
Kuli,58.716285,6.632243,-0.6131433
Moglicë,40.6939862,20.439501,-0.12649147
Caneva,45.96861111,12.44138889,-0.55937314
Jouy-aux-Arches,49.0644,6.0867,-0.7006964
Hinkua,63.70194444,25.35222222,0.016158242
Lilla Edet,58.1356,12.1199,0.18009211
Teufelsbruck,48.11444444,12.27194444,0.17053221
Centrale Santu Miali,39.5366292,8.9544651,-0.42287812
Koman,42.1033,19.8224,-0.1755653
Ellgau,48.596746,10.8789,-0.15790202
Martigny bourg,46.08830987,7.059069767,-0.40534765
Trenčín Trencin Hydroelectric Power Plant Slovakia - Trencin Hydroelectric Power Plant Slovakia,48.90208,18.05579,-0.3722667
Stratos,38.676,21.3233,-0.5489268
Hilmonkoski,63.06333333,25.33722222,-0.6496884
Fierza,42.2514,20.0431,0.4054331
Stølsdalselva,60.280322,6.289923,-0.5828481
Tanzmühle,49.552216,12.281256,-0.50615585
Hpp mariselu / Mărișelu ,46.6679,23.059,-0.044427224
Bistrica 1,39.9116,20.1047,-0.53326076
Eitting,48.3585905,11.8821921,-0.4522539
Mapragg - Gigerwald G1,46.948002,9.482,-0.049256
Kembs KEMBS - Kembs Hydroelectric Power Station France,47.655,7.52,0.17637004
Hietamankoski,62.59944444,25.575,-0.4619035
Mazzunno ,45.91083333,10.12388889,-0.6058783
Sällsjö,63.22388889,13.67861111,-0.5350213
Tannheim,48.00795,10.118537,-0.44701582
Straumsmo,68.73871,18.656695,-0.62461305
Fossmark,58.976905,6.24297,-0.60430354
Bøylefoss,58.596229,8.716276,-0.28029454
Egglfing,48.3202287,13.31740725,-0.3492923
Lötschen,46.31972855,7.744274904,-0.5297904
Thisavros φράγμα θησαυρού,41.267032,24.5008777,-0.36076903
Haapakoski,65.3333,25.2833,-0.6402267
Globocica (Crn Drim) Hydroelectric Power Plant Macedonia,41.3371,20.6347,-0.25302753
Ftere 1,40.11119167,19.87758889,-0.59506005
Centrale Uvini Monte Su Rei,39.599699,9.257067,-0.5104558
Campo moro,46.2695803,9.8720987,-0.3208594
Säckingen run-of-river,47.55828,7.9558,-0.20774175
HE Tiszalok,48.025136,21.307715,-0.019247632
Holta,40.92728056,20.22091667,-0.5377831
Dornau,47.8001993,10.9026434,-0.37563324
Löbbia (Albigna),46.37495221,9.658900883,-0.17259307
L'Isle-Jourdain,46.2384,0.6985,-0.6322552
Brunstad,62.284418,6.67713,-0.610669
Bruvollelva,64.266277,12.294282,-0.62138885
Säckingen,47.5619736,7.95484645,-0.5588147
Kesznyeten hernadviz hungary Kesznyeten (Hernadviz) Hydroelectric Power Plant Hungary - Kesznyeten (Hernadviz) Hydroelectric Power Plant Hungary,47.995972,21.033037,-0.5012705
Jouques Jouques Hydroelectric Power Station France - Jouques Hydroelectric Power Station France,43.681,5.656,-0.12182959
Dingolfing,48.63404,12.48369,0.06292817
Luzzone,46.56525608,8.96078316,-0.56995964
Hpp ruieni RUIE1 - Ruieni Hydroelectric Power Station Romania,45.426,22.4757,0.08615971
Senhora de Monforte,40.79805556,-7.015,-0.23546253
Brokke,59.12481,7.5063,-0.64372224
Centrale di Ampezzo,46.4277312,12.7834987,-0.71836555
Straubing,48.89659,12.55752,-0.40351185
Tajo encantada TJE1,36.908265,-4.763865,-0.0020369675
Pobreg,42.085925,19.79325278,-0.6314482
Campo,46.221592,9.449839,-0.45113876
Detzem,49.810941,6.843882,-0.27597657
Luchsingen,46.96604977,9.035489525,-0.46450293
Bøhnsdalen,60.286995,11.194128,-0.4508185
Kiskore hungary Kiskore Hydroelectric Power Plant Hungary - Kiskore Hydroelectric Power Plant Hungary,47.493163,20.514556,0.12171465
Fužine,45.3049852,14.7148369,-0.41581377
Dlouhé Strán? I,50.0854,17.1794,-0.6060701
Centrale di Airole,43.869813,7.549187,-0.48756465
Hnevkovice,49.180417,14.447083,0.09300134
Dale (Volda),62.063379,5.926892,-0.5653537
Stammham,48.24932,12.86469,-0.5781802
Fratel Fratel - G1 - Fratel Hydroelectric Power Plant Portugal,39.5428,-7.8029,-0.16572265
Salamonde,41.6917,-8.0912,-0.0123120975
Dettingen,48.11222222,10.13277778,-0.46821645
Lostallo,46.32195766,9.209030788,-0.5696348
Dubrovnik Hydroelectric Power Plant Bosnia and Herzegovina,42.6037,18.2357,-0.46468535
Suio,41.240815,13.932818,-0.361928
Saint dalmas Saint Dalmas Hydroelectric Power Station France - Saint Dalmas Hydroelectric Power Station France,44.047,7.586,-0.37188762
Andakíl,64.5386,-21.695,-0.49679774
Sorpesee,51.3510404,7.9680569,-0.26813057
Hpp vidraru CORB12 - Vidraru Hydroelectric Power Station Romania,45.3667,24.6307,0.015816431
Kamyk republic Kamyk Hydroelectric Power Plant Czech Republic - Kamyk Hydroelectric Power Plant Czech Republic,49.633,14.2468,-0.03897821
Dessau,47.739292,10.825702,-0.071736544
Linthal,46.877916,8.98358,0.55214226
Dubrava Hydroelectric Power Plant Croatia Croatia,46.3205,16.7489,-0.26220644
Saint chamas SAINT CHAMAS - Saint Chamas Hydroelectric Power Station France,43.52741,5.07342,-0.14695564
Blanda,65.4158,-19.8198,-0.45410737
Serrig,49.566954,6.592348,-0.16501297
Centrale di Aymavilles,45.710407,7.253837,-0.3709322
Lipno I,48.6333,14.2375,-0.30302724
Bragadas,41.5413,-7.7891,-0.4039622
Bobingen M1,48.26,10.8,-0.70326746
Bagnères-de-Bigorre,42.9745,0.1329,-0.6389871
Limmern,46.8489,9.0118,-0.57114965
Kongsvinger,60.202822,11.892736,-0.20305644
Brødbølfoss,60.033452,12.371142,-0.61482143
Djale Hydroelectric Power Plant Croatia,43.5745,16.7115,-0.2814082
Eidefossen,61.8037,9.303697,-0.4176232
Campliccioli,46.060376,8.114612,-0.29193842
Schwarzenbach,48.6559308,8.3262275,0.36652645
Bureyskaya/Bureiskaya,50.26916667,130.3133333,-0.14986739
Umluspen,65.095,17.101667,-0.35709596
Bleiloch,50.52438482,11.71438694,-0.05800691
Båtsvatn,68.090128,17.716649,-0.39409968
Lappago,46.890931,11.860181,-0.41952568
Cakovec Hydroelectric Power Plant Croatia Croatia,46.3113,16.4945,-0.23759957
Búrfell,64.1052,-19.8335,-0.22964358
Nechranice,50.36625,13.412917,0.44626442
Schwammenauel,50.628507,6.479111,-0.61067003
Boguchanskaya,58.6944,99.1489,-0.08450494
Vikaelva,59.793494,6.094221,-0.6794977
Bittenbrunn,48.734459,11.14382,-0.06850213
Lessoc,46.5060508,7.053267128,-0.2657382
Suviana,44.170457,11.088812,-0.6236176
Teshel Teshel Hydroelectric Power Plant Bulgaria - Teshel Hydroelectric Power Plant Bulgaria,41.6428,24.153,0.017816236
Calore,40.97333333,14.98361111,-0.62673265
Badecon-le-Pin/Roche-bat-l'Aigue,46.52972222,1.58138889,-0.46033344
Schwabstadl,48.148375,10.867023,0.12735428
maentwrog,52.946,-3.9879,-0.63239324
Bigge,51.093173,7.86272,0.35871854
Les clées,46.73112688,6.444992521,-0.6871885
Búðarháls,64.2355,-19.3707,0.017840197
Studen kladenets Studen Kladenets Hydroelectric Power Plant Bulgaria - Studen Kladenets Hydroelectric Power Plant Bulgaria,41.61227,25.64052,-0.34095502
Orlík,49.6066,14.1816,0.010253491
Taio S.Giustina Mezzocorona UP_NOCE_1,46.326132,11.063244,-0.2839136
Byrte,59.496878,7.829058,-0.5818229
Schwabmünchen M1,48.191,10.729,-0.26171845
Tummel Bridge TUMB-1,56.7075,-4.021,-0.54243207
Signayes,45.73736,7.316601,-0.14492773
Fljótsdalsvirkjun (Kárahnjúkar ),64.9471,-15.7931,0.039301228
Sučany Sucany Hydroelectric Power Plant Slovakia - Sucany Hydroelectric Power Plant Slovakia,49.10656,18.99204,-0.37622872
Bertoldsheim,48.735932,11.020923,-0.13590679
Slapy,49.82354,14.434501,-0.2607462
Le chalet,46.72772632,6.522243024,-0.66929936
Stara Zagora HPP,42.4452,25.6364,-0.20393057
Mantelera,45.929593,10.308663,-0.580426
Calice,46.09518,8.28085,-0.591237
Scheuring,48.180229,10.8833102,0.099174686
Torr Achilty,57.554,-4.5984,-0.37901968
Hrauneyjafoss,64.2009,-19.2406,-0.4126206
Strekov republic Strekov Hydroelectric Power Plant Czech Republic - Strekov Hydroelectric Power Plant Czech Republic,50.6386,14.0478,0.09496914
Daja,67.082708,16.055171,-0.60241866
Sistema Alto Flumendosa Bau Muggeris Sa Teula,39.9622222,9.5055556,-0.34549117
Lavin Prà da Plaiv (Lavinuoz),46.76897795,10.11431787,-0.46105185
Taloro (Gusana - Cucchinadorza - Benzone) UP_TALORO1_1 - Tumuele Baddu Ozzana,40.127148,9.140644,-0.30351853
Centrale di Bard,45.604446,7.746439,-0.36542755
Aufkirchen,48.3066864,11.858847,-0.6273131
Rudolf fettweis werk,48.67128595,8.354376729,-0.3907517
Tongland,54.86,-4.03416667,-0.39077875
Centrale di Bevera,43.822105,7.579253,-0.33708876
Bergheim,48.750807,11.273237,-0.1268973
Slezska Harta,49.89125,17.579583,0.26332784
Sendren,45.775066,7.826612,-0.36460721
Lavey,46.21444422,7.012962705,-0.5588133
Langarica 1/2/3,40.3098,20.47698056,-0.44896352
Auzerette Auzerette Hydroelectric Power Station France - Auzerette Hydroelectric Power Station France,45.365,2.646,-0.4381186
Brulandsfoss,61.435682,5.915368,-0.27732167
Roßhaupten,47.651451,10.735525,-0.63895977
Striven STVE-1,56.0093,-5.1199,-0.63245857
Tierfehd hintersand,46.87611534,8.987029349,-0.62956923
Lagarfoss,65.5069,-14.3656,-0.05896014
Avrieux,45.1776,6.7466,-0.5123048
Spanchevo HPP,41.56265,23.56559,-0.63001555
Laufenburg,47.55591338,8.049124537,0.0896346
Cairo Montenotte,44.3938,8.2787,-0.37182698
Sandanski I,41.58536,23.2905,-0.59964013
Rosenheim,47.83825,12.15333,0.28656474
Storr Lochs,57.49666667,-6.14527778,-0.45696035
Tuggen,64.479423,18.878073,-0.0007032501
Bussolengo,45.47833333,10.8425,-0.33661556
Hpp galceag GALC1,45.5879,23.6279,-0.13583496
HE Glava Zete,42.6,18.98,-0.6048674
Hamari,64.07555556,24.57944444,-0.3965593
La Batiaz,46.109863,7.061907,-0.37444687
Usson,45.5271,3.3419,-0.5900059
Centrale di Canistro,41.9407659,13.4028744,-0.74976397
Vågen,62.114402,6.540055,-0.5991732
Rheinkraftwerk iffezheim Rheinkraftwerk Iffezheim,48.83135,8.11216,-0.34167737
Stonebyres,55.67722222,-3.83,-0.63429654
Maën Cignana,45.868104,7.6147242,-0.33974686
Krokevatn,60.983711,5.698632,-0.41577715
Hol I (Votna),60.626677,8.182144,-0.4276728
Strubklamm,47.79940564,13.04399014,-0.06614257
Küblis,46.91397419,9.782029249,-0.42579144
Tuilieres Tuilieres Hydroelectric Power Station France - Tuilieres Hydroelectric Power Station France,44.845,0.633,0.0073717437
Lilyanovo,41.62674,23.33449,-0.65538174
Caffaro,45.82078451,10.52706957,-0.4026868
Rheinfelden,47.56990573,7.810113464,0.07779725
St Fillans SFIL-1,56.401001,-4.122,-0.66907257
Atro,63.3725,27.98833333,-0.44346088
Kubel,47.40190948,9.323640638,-0.6023856
Truel Truel Hydroelectric Power Station France - Truel Hydroelectric Power Station France,44.06,2.769,-0.1244099
Staning,48.098607,14.468763,0.19051325
Orava Orava Hydroelectric Power Plant Slovakia - Orava Hydroelectric Power Plant Slovakia,49.37534,19.55849,-0.43406132
Reisach,49.53002,12.28481,-0.3171117
Sron Mor SROM-1,56.33694444,-4.97527778,-0.5171837
Seled glorenza SELED GLORENZA,46.6879187,10.5465492,-0.36263004
Centrale di Contrasto Adrano,37.65189,14.805299,-0.3765937
TRANCO DE BEAS 1,38.174999,-2.796,-0.20015803
Klosters Hydroelectric Power Plant Switzerland - Klosters Hydroelectric Power Plant Switzerland,46.861086,9.895629,-0.47080216
Triouzoune Hydroelectric Power Station France - Triouzoune Hydroelectric Power Station France,45.347,2.349,-0.6310555
St. Veit,47.3214,13.1744,-0.25160596
MOMINA KLISU,42.232,23.9494,-0.47994408
Centrale di Casteldoria,40.889793,8.893944,-0.5616905
La Bathie - Roseland,45.68545,6.62249,0.017299853
Reckingen,47.57122,8.338716,-0.19341421
Sloy SLOY SLOY-1 - Loch Sloy Hydroelectric Power Plant UK,56.261512,-4.763588,-0.40525654
Laxárvirkjun 3,65.8182,-17.314,-0.33900005
Kopa,62.033469,6.39558,-0.28630906
Klingnau,47.5945791,8.225727733,0.16022718
Tramezaygues,42.7442,0.41,-0.51029307
Orphey Orfeus bulgeria HPP_ORFEUS_PUMP - Orfeus Pumped Storage Hydroelectric Power Plant Bulgeria,41.94027778,24.44666667,-0.09949537
St. Pantaleon,48.224936,14.53116,-0.1933562
Anjalankoski,60.69833333,26.81611111,-0.14796565
Rain,48.692383,10.897786,-0.27362916
Shin SHIN-1,57.944,-4.417,-0.66596526
Krogstadelva,68.884472,18.420259,-0.6373804
Centrale di Covalou,45.7743331,7.5951308,-0.29045606
Kappelerhof,47.48455391,8.292831925,-0.3781843
Toulouse/Bazacle Complex,43.60277778,1.4325,0.13557298
PESHTERA,42.0132,24.2574,-0.53839743
St. Martin,46.987392,15.091178,-0.6805497
Radag,47.58629,8.13207,-0.3996565
River Lochy Hydro,56.4049,-4.9226,-0.6253891
Alakoski,62.55,29.25,-0.699093
Centrale di Faubourg,45.716877,6.945111,-0.5700595
Kandergrund,46.5427474,7.6594866,-0.5363382
Kaldestad,60.364247,6.150254,-0.34738815
Tolla,41.9637369,8.9663116,0.44648817
Fossheim,61.579621,6.502653,-0.6482778
Sarentino,46.64352,11.355774,-0.3348594
Ljósafossvirkjun,64.0944,-21.0107,-0.32400978
St. Johann,47.3386,13.1974,-0.19939688
Pumpspeicherwerk rönkhausen Rönkhausen Pumped Storage Power Plant Germany - Rönkhausen Pumped Storage Power Plant Germany,51.22475,7.99281,-0.24000308
River E,57.2135,-4.4506,-0.5741384
Perucica Hydroelectric Power Plant Montenegro - Perucica Hydroelectric Power Plant Montenegro,42.6718,18.9951,-0.5040796
Sigalda,64.1733,-19.1272,0.013345044
PSBELMEKEN,42.1996,23.8586,-0.3685664
Saviner,46.43392,11.976792,-0.43795946
Kallnach,47.02149902,7.22817749,-0.447751
Thuès-Entre-Valls,42.5036,2.23,-0.6744715
Aittokoski,64.8364584,28.85048,-0.30971295
Centrale di Grosio,46.292,10.266,-0.31146243
Pumpspeicherkraftwerk glems,48.50499,9.28692,-0.36739558
St. Georgen,47.104453,14.087593,-0.53737617
Rheidol,52.39638889,-3.90027778,-0.5876901
Masino,46.164292,9.644944,-0.57380587
Isenthal bolzbach,46.89920756,8.593407132,-0.2543357
Tet (La) Hydroelectric Power Station France - Tet (La) Hydroelectric Power Station France,42.553,2.267,-0.49055928
PSCHAIRA GEN,42.1603,23.8612,-0.61883163
Steingrímsstöð,64.129,-21.0266,-0.47164932
Tunnsjødal,64.703361,12.836591,-0.3897215
Psw vianden Vianden 1 - Vianden Pumped Storage Power Plant Luxembourg,49.95156713,6.180031287,-0.53248334
Rannoch RANN-1,56.699001,-4.408,-0.68940485
Spielfeld,46.716449,15.62127,-0.1580227
TORAN,42.2312,-7.8303,-0.6176773
Ahvenkoski,60.5,26.5,-0.6214218
Sultartangi,64.1672,-19.6212,-0.38392794
Innertkirchen 2,46.7086,8.226,-0.47491866
Tende,44.0996,7.5403,-0.59777933
Breiava,59.159053,6.612866,-0.5058678
Sanfront,44.647034,7.321022,-0.3419895
La Bresse,48.0184,6.9255,-0.6662438
Centrale di Isollaz,45.6892628,7.71111,-0.44351143
Pasarel Hydro Power Station,42.5441,23.4861,-0.5903799
Psw langenprozelten,50.05313,9.58137,-0.46801993
Quoich,57.06305556,-5.12638889,-0.60654396
Jøssingfjord,58.326221,6.351906,-0.27924785
Soelk-KW,47.433998,13.949,-0.59805095
Innertkirchen 1/2/3,46.70855348,8.226019489,-0.4769177
Teillet-Argenty,46.2627,2.517,-0.6643891
Brattset,62.802952,10.017076,-0.6816413
Eidsdal,62.225603,7.143688,-0.61809534
Kaggefoss,59.947544,9.934564,-0.60889506
Prittriching,48.21062,10.904933,-0.053297527
Pitlochry,56.6991,-3.7406,-0.39282128
Vranov,48.907917,15.817083,0.31318745
Centrale di Premadio - S. Giacomo,46.4862865,10.3492706,-0.5211792
Sidan-KW,47.348999,11.885,-0.69257253
Innergsteig,46.37642613,7.277999853,-0.54965115
Teich Teich Hydroelectric Power Station France - Teich Hydroelectric Power Station France,42.71,1.864,-0.6189809
Freigil,41.075,-8.0233,-0.68778425
Trängslet Trangslet G1 - Trängslet Hydroelectric Power Plant Sweden,61.381645,13.731379,-0.110808946
Krichim + Vacha I + Vacha II Hydro Power Plant,42.02719,24.47085,-0.5267989
Satriano,38.666883,16.481205,-0.2942791
Cadarese,46.262983,8.327813,-0.6406253
Prem,47.692726,10.797592,-0.2034193
Finlayson ve,61.5025,23.75944444,-0.111114845
Orrin,57.5294,-4.5585,-0.712806
Tierfehd (Limmern),46.87611534,8.987029349,-0.62956923
La Bastide-Puylaurent,44.5658,3.888,-0.6554584
Saltdalelva,69.515225,19.25669,-0.6651572
Ilanz stufe tavanasa,46.77476376,9.195225579,-0.43095332
Strasbourg STRASBOURG - Strasbourg Hydroelectric Power Station France,48.52561,7.79456,-0.08010384
Schärding neuhaus,48.4355526,13.44094485,0.07453883
Marlengo,46.65261772,11.14545822,-0.44008896
Centrale di Prestone,46.392704,9.353384,-0.44803697
Turinge,62.46055556,14.84527778,-0.5402748
Petrohan HPP,43.12,23.12,-0.6450334
Kalimantsi Hydroelectric Power Plant Macedonia - Kalimantsi Hydroelectric Power Plant Macedonia,41.97115,22.57809,-0.6171179
Pielweichs,48.76166667,12.87027778,0.15523249
Nant NANT-1,56.33694444,-5.20444444,-0.6435995
Hpp stejaru STEJ1 - Bicaz-Stejaru Hydroelectric Power Station Romania,46.9386,26.1029,0.18783496
San Michele Caroso Borzonasca,44.42463,9.395171,-0.6319373
Írafoss,64.0875,-21.0077,-0.13120234
Ilanz stufe panix pigniu,46.77476376,9.195225579,-0.43095332
St etienne cantales ST ETIENNE CANTALES - Saint Etienne Cantales Hydroelectric Power Station France,44.94516,2.21906,-0.09613346
Schwarzach-KW,46.929001,12.545,-0.6771552
Eid,60.720717,9.713376,-0.34296048
Pfrombach,48.44132,11.99233,-0.41152388
Mullardoch,57.382,-4.881,-0.5756372
Kozjak Hydroelectric Power Plant Macedonia - Kozjak Hydroelectric Power Plant Macedonia,41.8792,21.1921,-0.2519982
Piva_G1 - Piva (Mratinje) Hydroelectric Power Plant Montenegro,43.272999,18.841999,0.1284737
Vrane republic Vrane Hydroelectric Power Plant Czech Republic - Vrane Hydroelectric Power Plant Czech Republic,49.9381,14.3749,0.051720057
Hüribach,46.97100515,8.782496692,-0.6369041
Soulom Soulom Hydroelectric Power Station France - Soulom Hydroelectric Power Station France,42.953,-0.069,-0.30112538
Schwarzach,47.3152,13.1389,-0.3315455
Pirin HPP,41.5745,23.5626,-0.7148652
Mandela,42.025524,12.996287,-0.41718233
Perach,48.0261021,12.789632,-0.5079897
Mossford,57.62833333,-4.79972222,-0.6655572
Hpp tismana TISM - Tismana (Motru) Hydroelectric Power Station Romania,45.0444,22.9472,-0.21615987
Hopflauenen trift Hopflauenen Hydroelectric Power Plant Switzerland - Hopflauenen Hydroelectric Power Plant Switzerland,46.71511341,8.277516982,-0.45697013
Sisteron SISTERON 1 - Sisteron Hydroelectric Power Station France,44.17517,5.95215,0.48601866
Avignon AVIGNON VILLENEUVE - Avignon  Hydroelectric Power Station France,43.97606,4.81721,0.1972712
Popina Laka,41.65627,23.3754,-0.6701364
Centrale di Rezzalasco,46.348831,10.355053,-0.48641318
Schwabeck,46.658,14.8726,0.25072345
PSW Hohenwarte II PSS A,50.615002,11.492,-0.18288088
Vir I,49.56625,16.30875,0.31736892
Maldie,58.2603,-4.9819,-0.66709554
Hopflauenen leimboden,46.71511341,8.277516982,-0.45697013
Seyssel Hydroelectric Power Station France - Seyssel Hydroelectric Power Station France,45.971,5.834,0.389796
Kaunohe Kauno KHE------HA1 - Kaunas Hydroelectric Power Plant Lithuania,54.87414,24.0,0.093297884
SESTRIMO,42.2083,23.9158,-0.49301317
Schonau,47.775426,14.650605,-0.05787085
Oberpeiching,48.646423,10.879086,-0.0265181
Lussa,55.47583333,-5.58472222,-0.61365306
Považská bystrica Povazska Bystrica Hydroelectric Power Plant Slovakia - Povazska Bystrica Hydroelectric Power Plant Slovakia,49.13312,18.45366,-0.15511669
Hinterthal (Muota),46.97100515,8.782496692,-0.6369041
Servières-le-Château,45.1402,2.0225,-0.7352572
Framruste,61.937434,7.886853,-0.4923205
Vatnsfell,64.1966,-19.0341,0.15308174
Ružín Ruzin Pumped Storage Hydroelectric Power plant Slovakia - Ruzin Pumped Storage Hydroelectric Power plant Slovakia,48.86048,21.09436,-0.6863129
VALEA IASULUI,45.163978,24.659183,-0.40758136
Maudal,58.764683,6.36841,-0.4604521
Obernach,47.554694,11.291366,-0.36640292
Bele 1/2,42.06903611,20.46006667,-0.26179034
Čierny váh Cierny Vah TG1 - Cierny Vah Pumped Storage Hydroelectric Power Plant Slovakia,49.0091,19.91203,-0.124824084
Sorio nuova,45.44213,12.34014,-0.33155844
Hintersand,46.9218287,8.9996438,-0.4294586
HE Derdap 1 G1 - Djerdap-1 (Iron Gate I) Hydroelectric Power Station Serbia,44.668999,22.527,0.059486035
Niva GES-1,67.3812,32.5273,-0.35263366
Stanga,46.1111111,12.1002778,-0.6542441
Coiselet Coiselet Hydroelectric Power Station France - Coiselet Hydroelectric Power Station France,46.294,5.592,-0.07044532
Porąbka żar Porabka Zar H1 - Porabka-Zar Pumped Storage Power Plant Poland,49.7704966,19.2116631,-0.4308643
Riga HPP,56.94600412,24.10589218,-0.17907944
Venthon,45.69389,6.40457,-0.5607941
Brillanne & Brillanne I & II Hydroelectric Power Station France - Brillanne I & II Hydroelectric Power Station France,43.921,5.925,-0.39512125
Ticinetto,46.41957428,8.850667019,-0.61495227
Mattisfoss,69.916531,23.013535,-0.14505225
Nußdorf,47.74444,12.1348886,0.21526016
Tinizong,46.58250649,9.610648358,-0.49096084
Desterro,40.3984,-7.6869,-0.65863925
AGRAS,40.806,22.003,-0.4093296
Heiligkreuz,46.34761436,8.175193586,-0.45225996
Niva GES-2,67.2816,32.4598,-0.44480148
VALENII DE MUNTE,45.209482,26.050985,-0.42642602
Khrami II Hydroelectric Power Plant Georgia,41.5461,44.1277,-0.4626175
Soutelo,42.1543,-7.1887,-0.6317195
Claux Claux Hydroelectric Power Station France - Claux Hydroelectric Power Station France,44.876,6.48,-0.45143497
Svelgen III,61.716662,5.236697,-0.6089102
Lajanuri Hydroelectric Power Plant Georgia,42.589,42.8519,-0.30910245
Porabka Porabka Hydroelectric Power Plant Poland - Porabka Hydroelectric Power Plant Poland,49.8073,19.202,-0.14384396
Briançon/Pont Blady,44.8996,6.649,-0.61055505
Vohburg,48.778103,11.60119,-0.18276529
Matre M,60.872581,5.594089,-0.6491566
Niederwartha,51.09153428,13.60982895,-0.24906538
Clunie Cascade CLUN-1,56.71694444,-3.7775,-0.5327888
Cassino,41.55333333,13.83944444,-0.460758
Hauterive,46.76895067,7.127576354,-0.4186244
Cize bolozon Cize Bolozon Hydroelectric Power Station France - Cize Bolozon Hydroelectric Power Station France,46.211,5.465,-0.1796427
Svelgen II,61.768853,5.304793,-0.56195956
Pilchowice Pilchowice Hydroelectric Power Plant Poland - Pilchowice Hydroelectric Power Plant Poland,50.964,15.645,-0.16596638
Brens-Virigin Hydroelectric Power Station France - Brens-Virigin Hydroelectric Power Station France,45.725,5.698,-0.4039601
Matre H,60.870058,5.596857,-0.5435524
Niederaichbach,48.6039132,12.3023425,-0.24647336
Ortachala Hydroelectric Power Plant Georgia,41.6831,44.8266,-0.121241525
TOTESTI  I,45.571376,22.907179,-0.40999198
Desterro,40.3984,-7.6869,-0.65863925
Handeck 3 (Isogyre),46.617,8.3063,-0.23844832
Sospirolo,46.1394444,12.0677778,-0.698817
Forså,66.951346,14.2253,-0.33276334
Bassalt,56.51083333,13.40027778,-0.6208808
Cierp-Gaud,42.9129,0.6341,-0.75819695
Bardonetto - Pont,45.40861111,7.48722222,-0.5493353
Pierzch?y,54.3007,19.849,-0.5687981
Bregnier cordon Bregnier-Cordon Hydroelectric Power Station France - Bregnier-Cordon Hydroelectric Power Station France,45.654,5.605,-0.28575268
VANATORI,46.871156,26.486143,-0.34833583
Løpet,61.163873,11.456755,-0.32164374
MHPP Lyaskel,61.7617,31.0025,-0.28876308
Villard-sur-Doron,45.7274,6.5193,-0.7382703
Villar-d'Arêne,45.0001,6.3639,-0.09943384
Handeck 2/2a,46.614742,8.303538,-0.46413428
Bistrica Hydroelectric Power Plant Serbia - Bistrica Hydroelectric Power Plant Serbia,43.5223,19.742,-0.12168008
Witznau Schluchsee,47.68791,8.25159,-0.42311886
WKW Großarmschlag Hauptkraftwerk,48.883166,13.359728,-0.65433097
Châtelus-le-Marcheix,46.0068,1.6256,-0.74997556
Rioni Hydroelectric Power Plant Georgia,42.2006,42.7258,-0.47818497
Svelgen IV,61.768853,5.304793,-0.56195956
Cavaglia,46.36809688,10.03630585,-0.49980342
O?awa,50.9374,17.3401,-0.19373107
Brassac,43.612,2.5118,-0.76690704
WKW II/ Alzarkraftwerke Heider,48.068,12.576,-0.49936837
Villarodin VILLARODIN 1 - Villarodin Hydroelectric Power Station France,45.21466,6.71208,-0.12783685
Lysvatn,66.875106,13.84261,-0.32026595
Neef,50.087362,7.135809,0.032096006
Cuaich,56.699001,-4.408,-0.68940485
Crestuma Crestuma - G1 - Crestuma-Lever Hydroelectric Power Plant Portugal,41.0716,-8.486,-0.01989511
Handeck 1,46.6167,8.3077,-0.4479664
Vrangfoss,59.30235,9.203938,-0.51522475
Polyfyto POLYFYTO - Polyfyto  Hydroelectric Power Plant Greece,40.3305,22.1253,-0.5920038
Satskhenisi Hydroelectric Power Plant Georgia,41.7048,44.9328,-0.44256026
Valcele,44.982917,24.742083,0.35862148
Cencenighe,46.343118,11.973394,-0.47392133
Châtellerault,46.8153,0.5526,-0.47820303
Niva GES-3,67.2203,32.4383,-0.2920178
Niedzica Niedzica Pumped Storage Power Plant Poland - Niedzica Pumped Storage Power Plant Poland,49.4099645,20.3267659,0.5298089
Bozel,45.4418754,6.6377553,-0.58493
Nosice Nosice Hydroelectric Power Plant Slovakia - Nosice Hydroelectric Power Plant Slovakia,49.12745,18.36424,-0.082937546
Valsan,45.413408,24.708014,-0.424147
Lysebotn 2,59.065338,6.632272,-0.46744853
Mühltal,47.99629724,11.48542787,-0.4833029
Cavilla,45.919705,11.730896,-0.42798847
Asomata ASOMATA - Asomata Hydroelectric Power Plant Greece,40.4744,22.2439,-0.12728608
Hagneck,47.05962457,7.178008446,0.08451556
Zhigulevskaya HPP,53.4265,49.4794,-0.08639533
Châtel-Montagne,46.1002,3.7168,-0.6894808
Nizhneteriberskaya HPP,69.1253,35.1469,-0.16737092
Myczkowce Myczkowce Hydroelectric Power Plant Poland - Myczkowce Hydroelectric Power Plant Poland,49.4311,22.4084,-0.13575236
Svorka,63.038848,8.655876,-0.49252734
Bouvante,44.93555556,5.257222222,-0.55989724
Vistea,45.80875,24.749583,-0.48126724
Lya,60.664311,8.680959,-0.60770124
Zeltingen,49.951074,7.023166,-0.07545429
Müden,50.18416667,7.33277778,0.12855205
Bishnica 1/2,39.9169,20.1374,-0.56228507
Yngeredsfors,57.0531,12.778165,-0.45809805
Regua REgua - G1 - Regua Hydroelectric Power Plant Portugal,41.1461,-7.74,0.19028814
Covas do Barroso,41.6305,-7.7949,-0.6604551
Shaori Hydroelectric Power Plants Georgia,42.3637,43.0034,-0.5447585
Gösgen,47.36942514,7.979454655,-0.31589234
Chirkey HPP,42.9772,46.8708,-0.044477303
Svorkmo,63.178053,9.772572,-0.669243
Plavinas hpp Plavinas HPP - Plavinas Hydroelectric Power Plant Latvia,56.583,25.2394,-0.019654477
Château-Chinon (Campagne),47.0563,3.9403,-0.6810991
Brynge,63.25888889,18.33222222,-0.5345121
Balforsens krv,64.655189,18.48563,-0.017531171
Cruachan,56.394104,-5.114319,-0.53087467
Krapkowice,50.4712,17.9809,-0.2817004
Villaroger,45.5574,6.8693,-0.4195438
Bourg-et-Comin,49.4027,3.6594,-0.68429464
TERMENS,41.700183,0.735934,-0.48871192
HE DJERDAP II,44.328999,22.528,-0.7578971
Tiefencastel ost,46.66440166,9.562703474,-0.368253
Lutufallet,61.065634,12.581802,-0.32663593
Mittelstetten M1,49.21,10.72,-0.6507727
WKW III,48.154,12.652,-0.596561
Göschenen göscheneralp,46.66736286,8.585314102,-0.43110028
Cheylas CHEYLAS 1 - Cheylas (Le) Hydroelectric Power Station France,45.3846,6.00207,-0.5087492
Clachan CLAC-1,56.27694444,-4.92138889,-0.6098771
Kr?pna,50.4483,17.9577,-0.55976486
Bourg-de-Sirod,46.72527778,5.95805556,-0.6433454
"V, kozmálovce",48.26891,18.52822,-0.019931193
Vardnili I Hydroelectric Power Plant Georgia,42.6524,41.7619,-0.47218862
Lomi,67.120911,16.120824,-0.51869684
Merching,48.2704497,10.9773463,-0.36175454
Bergeforsen Bergeforsen Hydroelectric Power Station Sweden - Bergeforsen Hydroelectric Power Station Sweden,62.5193565,17.3850875,0.152743
Vilyuiskaya HPP (HPP-1  HPP-2),63.0315,112.474,-0.067702614
Formin HE Formin 1 - Formin Hydroelectric Poqwer Plant Slovenia,46.40251,16.03374,-0.3069448
Forsland,66.074163,13.047689,-0.08845652
Göschenen andermatt,46.66736286,8.585314102,-0.43110028
Kangsliåga,66.148018,13.850365,-0.58775806
Sperando,44.027651,10.765107,-0.5286826
HE Bajina Basta G1 - Bajina Basta Hydroelectric Power Plant Serbia,43.964001,19.41,-0.092673704
Chautagne Chautagne Hydroelectric Power Station France - Chautagne Hydroelectric Power Station France,45.879,5.811,-0.1989225
Vartsikhe Cascade Hydroelectric Power Plants Georgia,42.1545,42.7088,-0.010016764
Koronowo Koronowo Hydroelectric Power Plant Poland - Koronowo Hydroelectric Power Plant Poland,53.2753,17.9527,-0.48200265
Bourg les valence BOURG les VALENCE - Bourg Les Valence Hydroelectric Power Station France,44.96128,4.87221,0.19885543
Voila,45.835417,24.860417,0.21532843
Storo,45.84924956,10.58022022,-0.2941011
Lomen,61.140411,8.881986,-0.6518333
Meitingen,48.546994,10.86507,-0.38202247
Tasjo,64.2167,15.9,0.0853998
BIESCAS 21,42.624001,-0.24,-0.5960937
Gurtnellen,46.725769,8.618869,-0.4961684
Villefranche-de-Panat,44.0976,2.7161,-0.63639396
Logna,58.763639,7.51007,-0.5699737
Sværen,61.281879,6.497773,-0.5506375
Chaudanne Chaudanne Hydroelectric Power Station France - Chaudanne Hydroelectric Power Station France,43.848,6.544,-0.097246945
Januszkowice,50.3905,18.1133,-0.13268451
Platanovrysi PLATANOVRYSI - Platanovrisi Hydroelectric Power Plant Greece,41.3355,24.4621,0.049348254
Bort BORT 1 - Bort Les Orgues Hydroelectric Power Station France,45.41269,2.49862,-0.4519193
Svelgfoss,59.582112,9.256108,-0.669157
Piges Aoos Hydroelectric Power Plant Greece,39.6871,20.8421,0.6137248
Markersbach PSW Markersbach PSS A - Markersbach Pumped Storage Power Plant Germany,50.51938,12.87976,-0.38576743
Grono,46.242012,9.153520004,-0.6543367
Aarberg Aarberg Hydroelectric Power Plant Switzerland - Aarberg Hydroelectric Power Plant Switzerland,47.0378524,7.271927211,-0.11788794
Kalvedalen,61.258271,8.757071,-0.62349147
Żarnowiec Zarnowiec H1 - Zarnowiec Pumped Storage Hydroelectric Power Plant Poland,54.722272,18.082356,-0.31070048
Tvrdošín,49.33669,19.54867,-0.22024089
Maikop Hydropower Plant,44.592,40.1052,-0.3404899
Zavideni,44.774583,24.27125,0.2749671
Chastang CHASTANG (LE) 1 - Chastang Hydroelectric Generating Station France,45.15185,2.00985,-0.14268577
Žilina,49.21553,18.77683,-0.20404637
ZANESTI,46.815396,26.569482,-0.44535694
Zahesi Hydroelectric Power Plant Georgia,41.8226,44.76,-0.2616829
Grodek Grodek Hydroelectric Power Plant Poland - Grodek Hydroelectric Power Plant Poland,53.4999,18.3736,-0.5508705
Bonnevaux,46.2948,6.6664,-0.66861534
Bergvik,61.2667,16.85,-0.5990553
Sjøfossen,66.970862,14.146661,-0.16461831
Leitzach,47.873938,11.87099,-0.21445684
Volgsjöfors,64.55,16.75,-0.5979293
Plastiras PLASTIRAS - Plastira Hydroelectric Power Plant Greece,39.2361,21.7462,0.26321203
Grimsel 2,46.569724,8.319772,0.49301344
Batfors,64.832573,20.223732,-0.22469741
Centrale di Cavergno,46.349998,8.6,-0.74994934
Chartrettes,48.4943,2.7131,-0.72437507
Zeyskaya HPP,53.7698,127.3054,0.0076150694
Langfoss,58.901719,9.337977,-0.5180908
Grajówka,51.6725,15.2919,-0.095662184
Bonnac,43.1723,1.5878,-0.7678054
Hol I (Urunda),60.62675,8.181679,-0.4281656
Centrale di Bavona,46.401001,8.551,-0.5253801
Lehmen,50.274724,7.458957,0.3035582
Zigoneni,45.082917,24.662917,0.42043838
Villerest Hydroelectric Power Station France - Villerest Hydroelectric Power Station France,45.9869,4.04938,-0.42739457
Ermal,41.5781,-8.1528,-0.646854
Villelongue,42.9429,-0.0167,-0.61786026
Grimsel 1 (Oberaarsee),46.5654,8.3278,-0.40723446
Zelenchukskaya HPP-PSPP,43.8983,41.8825,-0.08346691
Langvatn,66.336842,14.166999,-0.58159685
Centrale di RobieiPS,46.464001,8.546,-0.16164634
Charritte-de-Bas,43.2951,-0.897,-0.5270664
TAVASCAN INFERIOR,42.646,1.26,-0.52911437
Gorzupia II,51.736,15.2584,-0.42871758
Bissorte Hydroelectric 1/2/3,45.202,6.585,-0.42225465
Hogstad,59.321348,9.657249,-0.6023037
Vinon Vinon Hydroelectric Power Station France - Vinon Hydroelectric Power Station France,43.725,5.827,-0.40319762
Zhinvali Hydroelectric Power Plant Georgia,42.1349,44.7721,-0.5180522
Legau M1,47.869845,10.181145,-0.23983926
Sjona,66.310342,13.563553,-0.6482249
Byafossen,64.038142,11.552689,-0.40199962
Grimsel 1 (Grimselsee),46.5654,8.3278,-0.40723446
Albbruck dogern,47.5985,8.171,0.34279117
Avestaforsen,60.15,16.1667,-0.46585456
Lassajavrri,69.658857,22.217542,-0.41887993
Champsanglard,46.2801,1.8891,-0.6997514
Dychów Dychow - Dychow Pumped Storage Hydroelectric Power Plant Poland,51.9863325,15.0608199,-0.5232724
Beyrède-Jumet,42.9554,0.338,-0.7526529
????????? ???,68.9717,28.7803,-0.31626198
Storlivatn,59.687516,6.521502,-0.715312
Hogga,59.310502,9.045155,-0.4737933
Bergvattnet,64.55,15.2333,-0.54425323
Laufwasserkraftwerk Hengstey,51.400404,7.45204,-0.15256763
Viforsens,62.311094,17.172947,-0.57956
Ermida (Ribeiradio),40.7422,-8.3194,0.031437505
Tyin,61.297126,7.849949,-0.5876042
Gordola,46.19421678,8.849101117,-0.6290332
Canterno,43.475754,12.628657,-0.45593446
Altheim,48.5837,12.2186,-0.32027996
Siso,67.323103,15.722386,-0.39524454
Waldeck I Pumped Storage Power Plant Germany - Waldeck I Pumped Storage Power Plant Germany,51.166,9.0461,-0.29761538
Champcella Champcella Hydroelectric Power Station France - Champcella Hydroelectric Power Station France,44.737,6.575,-0.5530315
Narva HPP,59.3678,28.2106,-0.23234756
Dobrze?,50.7558,17.8332,-0.18206222
Casuzze,38.07333333,13.36,-0.45477724
Bessède-de-Sault,42.7854,2.1372,-0.7201521
Hofsfoss,60.185024,10.241127,-0.22562061
Landau,48.667862,12.660027,0.017662317
Bjurfors nedre krv,64.1023,19.5671,-0.17247552
Laudal,58.244885,7.515696,-0.70359933
Kildalen,69.665984,21.10666,-0.5820257
Gondo Gondo Hydroelectric Power Plant Switzerland - Gondo Hydroelectric Power Plant Switzerland,46.19600922,8.150604223,-0.44413808
Miatlinskaya HPP,43.0672,46.83,-0.21117793
BURGUILLO 1,40.424999,-4.534,0.09053967
Vrenga,59.862852,9.384991,-0.61118406
Centrale hydraulique EDF de Golfech - Sud-Ouest,44.1091231,0.8503732,-0.32220536
Follafoss,63.986371,11.094741,-0.692563
Debe Debe Hydroelectric Power Plant Poland - Debe Hydroelectric Power Plant Poland,52.4883,20.9236,0.022278843
Vogelgrun VOGELGRUN - Vogelgrun Hydroelectric Power Station France,48.0203,7.57393,0.08467932
Bessières,43.797,1.5859,-0.6688897
Hodnaberg,60.55784,6.211286,-0.37269458
Kraftwerk Rothenfels,49.90018,9.58676,-0.13493954
Chiryurt HPP-1,43.1831,46.8342,-0.5416699
Mesochora Hydroelectric Power Plant Greece - Mesochora Hydroelectric Power Plant Greece,39.4644,21.3042,-0.21514341
Edsele,63.40416667,16.55638889,-0.27204767
Aushegerskaya HPP of the Cascade of Nizhne-Cherekskiye HPPs,43.3525,43.7175,-0.60967875
Sildvik,68.397625,17.799681,-0.3140823
Waldeck bringhausen Waldeck II M5 - Waldeck II Pumped Storage Power Plant Germany,51.167139,9.046832,-0.2724352
Centrale Hydroélectrique de Tucoy,42.90973,-0.25888,-0.68212336
Sagfossen,67.904601,15.860028,-0.6148993
Czchow Czchow Hydroelectric Power Plant Poland - Czchow Hydroelectric Power Plant Poland,49.81,20.680556,0.16788621
Benagues,43.0775,1.6098,-0.5143133
Vittjärv Vittjarv Hydroelectric Power Station Sweden - Vittjarv Hydroelectric Power Station Sweden,65.8460275,21.5538235,-0.53673494
Vågaåna,59.49324,6.126577,-0.5682822
Hjelmeland,59.223845,6.219298,-0.60911584
Lavkajohka,69.235588,20.523863,-0.4864076
Koepchenwerk Koepchenwerk - Koepchenwerk II (Herdecke) Pumped Storage Power Plant Germany,51.41048,7.45314,-0.14922571
Navisence,46.28131729,7.546331033,-0.11190875
FERRERA KHR,46.533546,9.434086,-0.52778333
Tasan,60.76638889,12.84916667,-0.6758554
Beauvoir Beauvoir Hydroelectric Power Station France - Beauvoir Hydroelectric Power Station France,45.121,5.319,-0.08892627
Sagevikelv,61.361474,5.561724,-0.561888
Waldshut Schluchsee,47.61777,8.1926,-0.15214685
Asele,64.102,17.2891,-0.37500682
Matkozhnenskaya HPP,64.4153,34.469,-0.34921595
Centrale Hydroélectrique de Nouaux,42.9842,-0.1428,-0.7206622
Altusried M2,47.817052,10.227499,-0.27483922
Leikanger,61.204764,6.708265,-0.6118916
Brąswałd,53.84,20.4041,-0.61845165
Sigdestad,61.834199,5.664874,-0.55789906
Hjartdøla,59.608253,8.713219,-0.700624
Ewz (Sils),46.70408174,9.464068527,-0.39535168
Fagilde,40.6292,-7.8255,-0.7013126
Vouglans VOUGLANS - Vouglans Hydroelectric Power Station France,46.39734,5.66556,0.072679274
Zaragizhskaya HPP of the Cascade of Nizhne-Cherekskiye HPPs,43.3226,43.6907,0.18653943
TOTESTI  II,45.582495,22.924621,-0.43173388
Sevre,60.470494,9.22888,-0.5795498
Kaufering,48.084026,10.864936,-0.27449936
Centrale Hydroélectrique de Lau-Balagnas,42.9929,-0.0998,-0.71236664
Saint esteve SAINT ESTEVE - Saint Esteve-Janson Hydroelectric Power Station France,43.69049,5.38489,-0.34503087
Chiryurt HPP-2,43.1897,46.8348,-0.18565954
Brzeg dolny waly slaskie Brzeg Dolny (Waly Slaskie) Hydroelectric Power Plant Poland - Brzeg Dolny (Waly Slaskie) Hydroelectric Power Plant Poland,51.2605,16.7656,0.07746348
Leinafoss,60.831726,7.118358,-0.49267086
Auzat,42.76298,1.47771,-0.34408307
Hisvatn,58.609254,6.895574,-0.6438709
Koblenz,50.365855,7.58171,0.09080195
Belomorskaya HPP,64.5126,34.6901,-0.44232997
Etzelwerk Altendorf,47.1941129,8.812915171,-0.46626127
Baksanskaya HPP,43.6551,43.3969,-0.33075902
Centrale Hydro-Électrique Luz I & 2,42.87024,-0.01209,-0.47400567
Vietas Vietas G1 - Vietas Hydroelectric Power Station Sweden,67.493432,18.353512,-0.19279212
Bielkowo Bielkowo Hydroelectric Power Plant Poland - Bielkowo Hydroelectric Power Plant Poland,54.2696,18.51,-0.642096
Kandal,61.671548,6.379287,-0.5325461
Auterive,43.3594,1.4775,-0.553457
Zagorskaya PSPP,56.4822,38.1856,-0.28173804
Hinøgla,61.495152,9.278089,-0.41823974
Kumskaya HPP,66.3608,31.0914,-0.43350792
Ernen ERNE UNIT 3,46.39116874,8.13015041,-0.54879344
Leirdøla,61.4371,7.23479,-0.48232442
Caoria,46.2,11.6833333,-0.7126541
Tremorgio,46.49021144,8.736704246,-0.516004
Capriati UP_CAPRIATI_1,41.476824,14.128279,-0.502518
Anjan,63.6833,12.6333,-0.57925075
Causse-de-la-Selle,43.7932,3.6295,-0.69383097
Saint georges commiers Saint Georges de Commiers Hydroelectric Power Station France - Saint Georges de Commiers Hydroelectric Power Station France,45.006,5.687,-0.38540697
?apino?/Lapnio,54.2847,18.4482,-0.44872674
Ladonas LADONAS,37.75,21.8833333,-0.57871497
Wasserburg,48.05699,12.22074,-0.49872857
Auribeau-sur-Siagne,43.6121,6.9118,-0.71298254
Lindbyn,60.50638889,14.99416667,-0.6470144
Hesjeberg,68.730314,17.470616,-0.5169245
Ingolstadt,48.750317,11.412153,-0.0013202576
Kureyskaya HPP,66.9441,88.3384,-0.20229024
Salamonde Salamonde II - G3 - Salamonde Hydroelectric Power Plant Portugal,41.689967,-8.092345,-0.5776785
Erlenbach,46.65688216,7.548118912,-0.5181587
Belorechenskaya HPP,44.8922,39.6479,-0.5717681
Zicavo,41.8845,9.167,-0.5233477
Saint guillerme SAINT GUILLERME - St. Guillerme Hydroelectric Power Station France,45.03048,6.07914,-0.5642159
Seterkraft,62.674848,8.430747,-0.5352688
Voutezac,45.2928,1.4406,-0.711317
Leirelva,66.044449,14.063713,-0.6095622
Caussade,44.157,1.5439,-0.57971317
Doblar HE Doblar 4 - Doblar II Hydroelectric Poqwer Plant Slovenia,46.11382,13.68811,-0.38283613
Mikšová Miskova Hydroelectric Power Plant Slovakia - Miskova Hydroelectric Power Plant Slovakia,49.19271,18.50829,-0.15025783
Avesta Storfors,60.15,16.1667,-0.46585456
?aga? II/Zagan II,51.6154,15.3168,-0.37803388
Cardano UP_CARDANO_1,46.494973,11.395485,-0.38920987
Aston ASTON - Aston Hydroelectric Power Station France,42.77668,1.67671,-0.40868664
Herva,61.565819,7.86585,-0.43266737
Höchstädt,48.603156,10.582724,-0.19219683
Épierre,45.4523,6.3254,-0.6005218
Fajã da Nogueira,32.7432,-16.9069,-0.65888447
Saksenvik,67.110578,15.462681,-0.4965833
Engi,46.98504265,9.153197541,-0.5297102
Salhuselva,67.805099,15.773792,-0.53594047
Soverzene UP_SOVERZENE_1,46.201029,12.302334,-0.39172822
Leirfossene,63.372365,10.404037,-0.66234833
Walchensee,47.631354,11.337054,-0.5824897
Castirla Hydroelectric Power Station France - Castirla Hydroelectric Power Station France,42.38,9.134,-0.56578183
Avče CHE Avce - Avce Pumped Storage Hydroelectric Power Plant Slovenia,46.08412,13.66757,0.64724195
Øyberget,61.92177,8.090528,-0.6406173
Arvillard,45.4095,6.1709,-0.6007412
Boguchanskaya HPP,58.6944,99.1489,-0.08450494
Herje,62.668789,7.532345,-0.60648304
Hohenwarte,50.61433423,11.49212837,-0.1655436
Aboyeu,46.18195706,7.03393846,-0.49315283
Saint pierre cognet,44.87249,5.77319,-0.50594515
Engeweiher,47.69348408,8.630435553,-0.12387444
Sesselva,62.556419,7.161748,-0.63189065
Arto blanca HE Blanca 1 - Arto-Blanca Hydroelectric Power Plant Slovenia,45.99027,15.38183,0.031666834
Volkhov HEPP,59.9117,32.3433,-0.57551366
Forsanvatn,67.950665,15.654038,-0.53453684
Vygostrovskaya HPP,64.4892,34.662,-0.41144022
Castillon-en-Couserans,42.9142,1.02833,-0.61310863
Castrocucco,39.9896,15.8081,-0.38567865
Øvre Vinstra,61.481479,9.314391,-0.5433161
Kanndalen,62.675889,8.157595,-0.609592
Arvan,45.25416667,6.32333333,-0.4944006
Herand,60.346716,6.404039,-0.5825695
Hemfurth,51.167139,9.046832,-0.2724352
Eglisau Eglisau Hydroelectric Power Plant Switzerland - Eglisau Hydroelectric Power Plant Switzerland,47.57491614,8.473322087,-0.048115637
Wasserkraftanlage Odertalsperre,51.646122,10.504712,-0.62068635
Leiro,60.406628,7.376671,-0.29587138
Casteldelf,44.58963,7.069818,-0.42490304
Castillon Castillon Hydroelectric Power Station France - Castillon Hydroelectric Power Station France,43.878,6.538,-0.1686497
Selselva,61.387342,5.61457,-0.65079844
Øvre Tessa,61.817179,8.951578,-0.63595814
Atshesi (Atsi) Hydroelectric Power Plant Georgia,41.5841,41.8903,-0.25763592
Artouste Hydroelectric Power Station France - Artouste Hydroelectric Power Station France,42.887,-0.411,-0.61851954
Hensfoss,60.208303,10.239006,-0.30518305
LOUROS,39.251598,20.8648,-0.6472073
Heimbach,50.628568,6.451776,-0.59288204
Dietikon,47.41033996,8.407980194,-0.274358
Yushkozerskaya HPP,64.83,32.0083,-0.6694954
Öjeforsen,62.02166667,15.25638889,-0.30650026
Feiticeiro (Baixo Sabor - Jusante),41.202,-7.0936,0.06298547
Zur Zur Hydroelectric Power Plant Poland - Zur Hydroelectric Power Plant Poland,53.5613,18.354,-0.5925377
Borisoglebskaya HPP,69.6433,30.1375,-0.18120375
Byrkjelo,61.733639,6.508575,-0.43631104
Castelnau lassouts Castelnau-Lassouts Hydroelectric Power Station France - Castelnau-Lassouts Hydroelectric Power Station France,44.505,2.874,-0.5007957
Dravograd HE Dravograd 1 - Dravograd Hydroelectric Poqwer Plant Slovenia,46.58558,15.01881,-0.18529317
Silvon SILVON 1 - Silvon Hydroelectric Power Plant Spain,43.387117,-6.825233,-0.6144991
Øvre Svultingen,61.160205,5.478088,-0.62535584
Artemare,45.8699,5.6901,-0.5009662
Hemsil II,60.705018,8.969284,-0.7084184
Haminan höyrykattilalaitos,51.520132,14.337383,-0.34527907
Leiråa,65.327052,12.918319,-0.55393064
Diablerets,46.35306411,7.154650449,-0.5627703
Akkats Akkats Hydroelectric Power Station Sweden - Akkats Hydroelectric Power Station Sweden,66.6313945,19.819811,-0.10959289
Bratsk HPP,56.2861,101.7842,0.115650855
Nant drance NANT DE DRANCE - Nant de Drance Pumped Storage Power Plant Switzerland,46.066078,6.901301,-0.37798974
Dernier,46.70209956,6.349937545,-0.61020476
Yumaguzinskaya HPP,53.05,56.442,-0.21201606
Volzhskaya HPP,48.8244,44.6767,0.042934168
Cargiaca,41.7322,9.0412,-0.75110763
Bjorna,63.5667,18.55,-0.62008554
Leknesvatn,61.434683,5.35534,-0.44001076
Wasserkraftanlage Okertalsperre,51.86256,10.471185,-0.69286287
Øvre Røssåga,65.887092,13.800661,-0.47212794
Arreau,42.9143,0.3356,-0.6471749
Gabi Gabi Hydroelectric Power Plant Switzerland - Gabi Hydroelectric Power Plant Switzerland,46.18821153,8.070066985,-0.6086419
Hemsil I,60.802417,8.638246,-0.66123044
Haeusern Schluchsee,47.755001,8.188,-0.21164316
Savalen,62.185692,10.611858,-0.6835318
Fossan,63.027127,11.70028,-0.6185989
Kastraki KASTRAKI - Kastraki Hydroelectric Power Plant Greece,38.7415,21.3642,-0.14726326
Chitakhevi Hydroelectric Power Plant Georgia,41.7914,43.302,-0.43552873
Saint-Barthélemy-de-Séchilienne,45.0397,5.8221,-0.7617655
Aarewerk thun,46.7616833,7.616856002,-0.41406757
Mainskaya HPP,52.9704,91.4955,-0.0052177766
Capdenac,44.5849,2.066,-0.68678194
Mamakanskaya HPP,57.8092,114.0322,0.054046918
Byreyskaya HPP,50.27,130.3136,-0.014231607
Øvre Russvik,68.135978,16.546919,-0.44372308
Lindland,58.358826,6.300171,-0.68114346
Flørli,59.010982,6.445127,-0.16681324
Arlos,42.8865,0.7118,-0.4194912
Hellifossen,65.066945,12.3519,-0.5172389
Stazzona,46.203898,10.133854,-0.46009356
Gummering,48.622456,12.398037,0.010701831
Foz Tua,41.21583333,-7.42638889,-0.3607788
Castelbello,46.628316,10.906664,-0.42551598
Ceannacroc,57.155998,-4.936,-0.58929145
Saurdal,59.479142,6.692334,-0.4392145
Votkinskaya HPP,56.7919,54.0839,-0.352101
"TANES GR,1 GENERAC,",43.221001,-5.428,-0.24417752
Campan,42.9617,0.2164,-0.6288503
Saint-Alban-des-Villards,45.3146,6.2362,-0.697069
Charmey perré,46.61458556,7.161756538,-0.6459493
Øvre Markevatn,61.446093,5.335162,-0.25113988
Argentine,45.4894,6.3328,-0.69366425
Hellefoss,59.787085,9.900813,-0.1153784
Großaitingen M1,48.23,10.76,-0.4981047
Fala HE Fala 1 - Fala Hydroelectric Poqwer Plant Slovenia,46.55874,15.44511,-0.7337686
Loudenvielle,42.7302,0.4323,-0.28547674
Potpec Hydroelectric Power Plant Serbia - Potpec Hydroelectric Power Plant Serbia,43.5228,19.5768,0.06733402
Linvasselv,64.652493,13.786226,-0.62326485
Kaldsåni,59.540832,7.33328,-0.37019557
Frades I,41.693192,-8.027951,-0.49906138
Kremasta,38.890417,21.499583,0.29783082
Chanrion,45.99977203,7.350620833,-0.15989804
Cheboksarskaya HPP,56.1373,47.4661,-0.07169376
Sarp,59.27644,11.133689,-0.2071877
Wendefurth Wendefurth Pumped Storage Power Plant Germany - Wendefurth Pumped Storage Power Plant Germany,51.74223,10.91879,-0.30485103
Wehr Kraftwerk Wehr - Wehr Pumped Storage Hydroelectric Power Plant Germany,47.64529898,7.91819945,-0.5889359
Cambeyrac Cambeyrac Hydroelectric Power Station France - Cambeyrac Hydroelectric Power Station France,44.655,2.574,-0.30425385
Øvre Leiråga,66.442256,13.842201,-0.36840352
Argentiere bessee Argentiere-La Bessee Hydroelectric Power Station France - Argentiere-La Bessee Hydroelectric Power Station France,44.79472222,6.55972222,-0.12961935
Hellandsfossen,60.832358,5.883056,-0.48297492
Goldisthal PSW Goldisthal PSS A - Goldisthal Pumped Storage Power Plant Germany,50.50975864,11.02087498,-0.34753993
Bastusel Bastusel G1 - Bastusel Hydroelectric Power Plant Sweden,65.403606,18.673154,-0.12045164
"Chancy pougny dot, passe pois",46.15987119,5.9753486,0.2869466
Castel giubileo,41.98833333,12.4975,0.11479537
Gumati I and II Hydroelectric Power Plants Georgia,42.3202,42.704,-0.058277894
Cia Aig,56.9537,-5.0076,-0.54543173
Weserkraftwerk bremen,53.061134,8.864937,-0.14645404
Dzevrula (Tkibuki-II) Hydroelectric Power Plants Georgia,42.2629,42.9582,-0.7054391
Ligga Ligga G3 - Ligga Hydroelectric Power Station Sweden,66.80939,19.896293,-0.19395113
Thusis,46.69014862,9.442884084,-0.51919717
Lio,59.465161,7.932223,-0.6767962
Calypso,45.235311,6.4399136,-0.44545957
Aarau stadt,47.39478173,8.035874583,-0.28317237
TAVASCAN INFERIOR,42.646,1.26,-0.52911437
Żydowo ZydowoPS - Zydowo Pumped Storage Hydroelectric Power Plant Poland,54.0216713,16.7385445,-0.17265755
TURNU,45.277016,24.309554,0.06115565
Øvre Leirfoss,63.372869,10.407425,-0.44082764
Kaupanger 3,61.198121,7.224067,-0.30905107
Argentat Hydroelectric Generating Station - Argentat Hydroelectric Generating Station,45.104,1.954,-0.18966171
Hellandsfoss,60.83077,5.881864,-0.40923184
Geisling,48.974806,12.344002,0.02484065
Inguri (Enguri) Dam Hydroelectric Power Station Georgia,42.7584,42.0309,0.070341885
Chippis rhône,46.28194587,7.547499966,-0.1809149
Medjuvrsje Hydroelectric Power Plant Serbia - Medjuvrsje Hydroelectric Power Plant Serbia,43.909,20.2327,-0.258438
Sama,63.111583,10.601726,-0.6410948
Boštanj HE Bostanj 1 - Bostanj Hydroelectric Power Plant Slovenia,46.01704,15.28121,-0.045844544
Letten,60.712207,12.667535,0.07753469
Cashlie,56.5475,-4.42944444,-0.64139485
HE Vrla 1-4,42.707709,22.318567,-0.6671673
Lislevatn,58.57946,7.967914,-0.54860276
Cajarc,44.4939,1.8384,-0.65514153
VADURI,46.932513,26.27016,-0.51272714
Øvre Forsland,66.050199,13.11736,-0.5345185
Argancy,49.1906164,6.1910177,0.11443857
Helgåa,62.061383,5.752021,-0.50114775
Geesthacht,53.41888889,10.39388889,-0.37328163
TAMBRE II GRUPO 1,42.8368,-8.8498,-0.5542534
Nizhnekamsk hydroelectric power station,55.6997,52.2786,-0.032857936
Cassley CASS-1,58.16861111,-4.72916667,-0.56235605
Letsi Letsi G1 - Letsi Hydroelectric Power Plant Sweden,66.503203,20.380167,-0.2313286
Lugo di nazza Lugo Di Nazza Hydroelectric Power Station France - Lugo Di Nazza Hydroelectric Power Station France,42.091,9.316,-0.4131589
Spigno Monferrato,44.539551,8.338876,-0.3385828
Bjurfors övre krv,64.1023,19.5671,-0.17247552
Caderousse CADEROUSSE - Caderousse Hydroelectric Power Station France,44.09606,4.72329,0.24101941
Châtelard - Barberine,46.058217,6.956967,-0.63710487
Ribadouro,41.0991,-8.0826,-0.49760792
Lusigny-sur-Barse,48.263,4.2773,-0.68105525
Øvre Fiskumfoss,64.556298,12.4777,-0.12833972
Arcambal,44.4548,1.5482,-0.57514304
Helgheim,61.561844,6.403492,-0.5426206
Gars,48.15395,12.31107,-0.36469433
Ribeiradio Ermida,40.74277778,-8.31944444,0.18539996
Carona,46.02139,9.78285,-0.32917172
Litj-Hena,63.04971,11.487127,-0.5724205
Leringsforsen,62.590859,16.40657,-0.61305565
Sagnfossen,61.161438,12.44547,-0.41650826
VACARESTI,44.821493,25.488923,-0.1837395
Buzy,43.1411,-0.4466,-0.7450879
Wintrich,49.879784,6.948762,0.18208367
Øvre Bersåvatn,60.181651,6.693228,-0.28863466
Castelletto,45.96972222,12.35138889,-0.47522587
Arbéost,42.9795,-0.2738,-0.67204356
Kokin Brod Hydroelectric Power Plant Serbia - Kokin Brod Hydroelectric Power Plant Serbia,43.5189,19.8115,-0.3950581
Helganes,59.499145,6.57497,-0.6743644
Fluhmühle,47.839568,10.192668,-0.3509779
Castel madama,41.973522,12.868485,-0.330211
Laxede Laxede Hydroelectric Power Station Sweden - Laxede Hydroelectric Power Station Sweden,66.2682205,20.8259525,-0.637797
Sabugueiro I,40.3967,-7.6625,-0.57106465
Forneselva,69.596644,19.903016,-0.17568201
Croix Croix Hydroelectric Power Plant Switzerland - Croix Hydroelectric Power Plant Switzerland,46.30817449,7.434100899,-0.621862
Lesogorsky HPP,61.0585,28.8734,-0.1597592
Bujaleuf,45.8025,1.614444444,-0.60155296
RHE Bajina Basta G1 - Bajina Basta Pumped Storage Hydroelectric Power Plant Serbia,43.865002,19.406,-0.35176605
Nizhegorodskaya HPP,56.6506,43.3756,-0.03664752
Østerbø,61.079957,5.925388,-0.64534944
Khrami I Hydroelectric Power Plant Georgia,41.5489,44.1235,-0.39883134
Aragnouet,42.7845,0.1782,-0.6840505
Hekni,58.996124,7.54686,-0.63487244
Sabugueiro II,40.3964,-7.6622,-0.58320254
Litjfossen,62.662417,10.139673,-0.59874874
Luz-Saint-Sauveur,42.8322,0.0177,-0.64736485
Dala,46.31872947,7.623784583,-0.45512256
Brežice,45.89888,15.5882,0.021297442
Lasele,63.555408,16.840305,-0.5398125
Tarnita,46.727083,23.29625,0.1639979
Follsjå,59.659779,9.213667,-0.63108367
TERRADETS 1,42.0748,0.9162,-0.39084223
Nizhne-Svirskaya HPP,60.8064,33.7044,-0.0011338501
Brousse-le-Château,44.0062,2.6383,-0.640085
Litledalen,59.663476,6.065529,-0.4710372
Ørtvatn,66.40672,14.503245,-0.058660205
Alrance Alrance Hydroelectric Power Station France - Alrance Hydroelectric Power Station France,44.1035517,2.6946591,0.40322268
Hegsetfoss,63.164753,11.231371,-0.55956495
Ilarionas ILARIONAS - Ilarionas Hydroelectric Power Plant Greece,40.0966,21.8039,-0.117273584
Fankel,50.123918,7.225915,0.00023320923
Alzwerke,48.18324,12.85345,-0.472913
Sy-Sima,60.506968,7.140933,-0.67195535
Caroso Borzonasca,44.42463,9.395171,-0.6319373
Dallenwil,46.91166368,8.393608875,-0.56891906
Champsec,46.05712536,7.248063884,-0.61178136
Langströmmen,62.106128,14.995905,-0.16287331
Tileagd,47.07875,22.207917,-0.043721147
Brommat BROMMAT 6/7,44.76793,2.68415,-0.64940965
Centrale di Verbano,46.1201,8.7118,-0.31050327
Luichart,57.57444444,-4.68638889,-0.5916586
Sørdalselva,62.04192,5.701138,-0.514512
Jordalen 2,60.869995,6.724412,-0.5147597
Werfen-Pfarrwerfen,47.4698,13.1945,-0.033462632
Barca cle,40.2333333,15.2333333,-0.5980458
Çatalan Dam,37.1953117,35.2780132,-0.20993103
Malta main stage,47.0659,13.3539,-0.5053149
Saint-Gervais-d'Auvergne,46.0192,2.8311,-0.5977512
LAFORTUNADA CINQUETA 1,42.5741,0.1824,-0.6214095
Norrange,61.489482,16.381977,-0.56428695
Lubreoch,56.5419,-4.5174,-0.46470112
Sørbrandal,62.166187,5.568515,-0.1582899
Ceresole - Rosone (Locana),45.435348,7.418466,-0.32590964
Sir,37.5009,36.5967,0.022390552
Malta Secondary school,47.0659,13.3539,-0.5053149
Saint-Flour/Centrale hydroelectrique EDF de Sauviat,45.7102,3.5096,-0.5854663
Nämforsen Namforsen Hydroelectric Power Station Sweden - Namforsen Hydroelectric Power Station Sweden,63.44027778,16.88083333,-0.26018313
"LAFORTUNADA-CINCA GR,1",42.570999,0.202,-0.7193986
Weyer,47.84903023,14.63882788,-0.15900773
Barcis,46.1597222,12.6594444,-0.53450847
Filisur,46.66989197,9.689202636,-0.46563974
Lochay,56.509998,-4.228,-0.65160096
Juvfossen,62.246257,6.890173,-0.58196616
Sønnå L,59.639933,6.379561,-0.71883714
Furudal,61.1667,15.1333,-0.17935137
Sar?yar Dam,40.04,31.4144,0.07316779
Lünerseewerk,47.074,9.874,-0.15475501
Saint-Firmin,44.7936,6.0261,-0.6352724
Ceprano,41.54571751,13.51472855,-0.38050553
Frykfors Fryken,59.54375,13.299583,-0.08660677
Lochaber,56.889722,-4.673333,-0.43583173
Näs Nas Hydroelectric Power Plant Sweden - Nas Hydroelectric Power Plant Sweden,60.1749285,16.476273,-0.3600882
Sønnå H,59.639933,6.379561,-0.71883714
Bardonecchia,45.07972222,6.71055556,-0.3142802
LANUZA 1,42.709,-0.304,-0.13127078
Oymapinar Dam,36.9086,31.5316,0.047917884
Losenstein,47.9243,14.4367,-0.64204013
Saint-Denis-des-Murs,45.7797,1.5295,-0.63027954
Fieschertal,46.41127389,8.137625667,-0.6545477
Wiestal,47.79940564,13.04399014,-0.06614257
Centrale di San Bernardo,46.3420087,9.3687663,-0.62539876
Loch Gair LOCG-1,56.078999,-5.342,-0.7400409
Sølna,62.116303,10.559259,-0.50187325
Forsmo Forsmo Hydroelectric Power Plant Sweden - Forsmo Hydroelectric Power Plant Sweden,63.266912,17.204441,-0.65999407
Obruk Dam,40.7702,34.7913,-0.14916243
Leoben,47.3833,15.1,-0.46178555
Saint-Dalmas-le-Selvage,44.2894,6.841,-0.617969
Sklope Hydroelectric Power Plant Croatia Croatia,44.6895,15.2706,-0.24838957
Loch Ericht,56.699001,-4.408,-0.68940485
Bullerforsen,60.508889,15.436944,-0.15197603
Søkkunda,61.370997,11.098058,-0.41837358
Champagne,45.701758,7.2079,-0.44722334
LAS CONCHAS 1,41.944,-8.035,-0.25826055
Felsenau Felsenau Hydroelectric Power Plant Switzerland - Felsenau Hydroelectric Power Plant Switzerland,46.96844294,7.439421064,-0.5093227
Muratl? Dam,41.4683,41.7137,-0.2194749
Lebring,46.8522,15.5383,-0.57616514
Saint-Cézaire-sur-Siagne,43.6597,6.8033,-0.57555217
Forshuvud,60.53527778,15.42222222,-0.09156534
LAS ONDINAS 1,42.8427,-6.4701,-0.3992557
Bar,45.34416667,1.82388889,-0.68529177
Llyn Celyn,52.9438,-3.6712,-0.6192587
Søberg,65.235725,12.657184,-0.5930279
Sampeyre,44.579631,7.184521,-0.24533342
Näverede,63.223555,15.320856,0.22329521
Chatillon,45.74472222,7.59305556,-0.40529943
Ybbs-Persenbeug,48.1892,15.0682,0.18592472
Skarelva,68.183906,17.306387,-0.5991468
Menzelet Dam,37.6766,36.8505,0.12157115
Lavamünd Lavamuend-KW - Lavamuend Hydroelectric Power Plant Austria,46.643429,14.937028,0.23478687
Saint-Christophe-en-Oisans,44.9289,6.2441,-0.19375367
Salisano,42.259328,12.745778,-0.5589551
Salvasskardelva,68.652366,18.897696,-0.21220249
Llyn Brianne Dam,52.1203,-3.7699,-0.63960177
Myklebost,61.524872,6.35634,-0.5469083
LAS PICADAS 1,40.333,-4.249,-0.30093542
Chavonne,45.6999,7.2193,-0.6283425
Søa,63.300242,9.136845,-0.6636248
Saint-Barthélemy-le-Plain,45.0453,4.7436,-0.5942247
Julskaret,63.140481,10.968042,-0.60726565
Forshult,59.95583333,13.525,-0.4176215
Salsominore,44.643854,9.496569,-0.50310606
Keban Dam,38.8055,38.7591,-0.009173288
Laufnitzdorf,47.3,15.3167,-0.73437774
Zederhaus,47.15,13.5,-0.6559964
Finlarig FINL-1,56.509998,-4.228,-0.65160096
Livishie,57.20444444,-4.72777778,-0.62863106
Sædalen,60.491297,5.771373,-0.5980979
Funna,63.440244,11.742539,-0.68589914
Los Peares,42.465,-7.724,-0.025695466
Julfoss,63.41285,10.944374,-0.71510047
Forshaga,59.52611111,13.49916667,-0.16942315
Karkam?? Dam,36.8697,38.0307,0.19920856
Latschau Latschau Hydroelectric Power Plant Austria - Latschau Hydroelectric Power Plant Austria,47.0739,9.8749,-0.073471405
Mingechevir,40.79,47.0287,-0.1373999
Lednock,56.43444444,-4.06388889,-0.6045147
MEDIANO 1,42.317001,0.2,0.8125788
Romanche-Gavet,45.1171846,5.9590868,-0.40736115
Såheim,59.87665,8.593622,-0.3437894
Chiavenna,46.307194,9.395236,-0.47877452
Karakaya Dam,38.2264,39.1353,0.068801604
Langkampfen-M1,47.560001,12.139,-0.091501355
Cabril Cabril - G1 - Cabril Hydroelectric Power Plant Portugal,39.91727,-8.13244,-0.31973085
Salbertrand - Chiomonte,45.12167,6.979784,-0.5203476
Lairg,58.02,-4.4151,-0.62324375
Nederede,62.4333,16.4833,-0.71075195
Furset,62.282863,6.884733,-0.5756999
Roanne,46.0451,4.0801,-0.3738743
Guijo granadilla,40.180133,-6.142519,0.067903824
Foyers Falls,57.2461,-4.4901,-0.5041822
K?l?çkaya Dam,40.242,38.1859,0.20943633
Olden,63.74985,13.54035,-0.4421142
Landl,47.651131,14.750286,-0.44015104
Muela,39.243581,-0.931709,-0.266433
Olidan Olidan Hydroelectric Power Plant Sweden - Olidan Hydroelectric Power Plant Sweden,58.275,12.2726,-0.27014056
Flasjön,60.0833333,13.9833333,-0.6180978
Kinlochleven Hydro Power Plant KNLCV-1,56.713663,-4.9617,-0.44115478
Storelvi,60.262074,6.624444,-0.48245284
Rhue Rhue (La) Hydroelectric Power Station France - Rhue (La) Hydroelectric Power Station France,45.415,2.499,-0.66716844
Jukla,60.191554,6.389272,-0.5290923
Il?su Dam,37.5302,41.8529,0.08540067
Krippau,47.703511,14.689298,-0.2658222
Chievo,45.45,10.9333333,-0.4088215
Caldeirao Caldeirao - Caldeirao Hydroelectric Power Plant Portugal,40.5316,-7.3297,-0.08448031
Kingairloch,56.6214,-5.5289,-0.66875106
Gidea,63.4725,18.9925,-0.5356472
Furegardane,60.636372,6.17251,-0.45203575
Gidbole,63.40666667,19.05361111,-0.48452225
Shamkir,40.9487,46.168,-0.29766947
Storelva,60.977974,5.48821,-0.6341778
Rhinau RHINAU - Rhinau Hydroelectric Power Station France,48.28412,7.67728,0.19722676
Chievolis,46.3111111,12.7891667,-0.5147242
Hirfanl? Dam,39.2731,33.5184,-0.07200783
Kreuzeck days storage,46.8727,13.3117,-0.41899955
Nendaz,46.1822,7.248,-0.45641044
Pirot Hydroelectric Power Plant Serbia - Pirot Hydroelectric Power Plant Serbia,43.1579,22.6154,-0.46657333
Kilmorack,57.4632,-4.5121,-0.49313968
Gobantes,36.95558,-4.798108,-0.52118623
Gideabacka,63.331136,19.126693,-0.5296835
Sablons PEAGE DE ROUSSILLON - Sablons Hydroelectric Power Station France,45.307,4.797,0.14413407
Jostedal,61.520817,7.308742,-0.50781465
Stordal,60.960972,5.703188,-0.4268687
Revin REVIN 1 - Revin Pump Storage Hydroelectric Power Station France,49.92556,4.61331,-0.6034685
Hasan U?urlu Dam,40.9367,36.6493,-0.16559027
Calheta,32.74611111,-17.14916667,-0.5753339
Kreuzbergmaut,47.4412,13.2108,-0.13461943
Beaucens,42.9519,0.0232,-0.18976046
Kilmelfort,56.27305556,-5.48944444,-0.6898381
Senj - Senj Hydroelectric Power System Croatia Croatia,45.009998,14.893,-0.4866372
Steinsvik,61.999557,5.854637,-0.53646356
Varvara,40.6837,47.0926,0.11312618
Randens RANDENS,45.52711,6.31996,-0.44536
Munkfors,59.8386,13.5436,-0.6699999
Sagittario nuovo,41.99383,13.803905,-0.35384795
Gökçekaya Dam,40.0332,31.016,0.3091989
Kraftwerk außerfragant Kraftwerk Ausserfragant,46.9380556,13.1097222,-0.65461993
MIRANDA 1 (HC),43.33083333,-6.20333333,-0.6859908
Motala,58.560479,15.082435,-0.5163696
García de Sola/PUERTO PENA,39.145417,-5.18625,0.07062962
Kendoon,55.165,-4.19,-0.65485877
Chiotas entracque,44.1775758,7.4165053,-0.32061622
Glava,59.53888889,12.55583333,-0.60099757
Steinsland,60.923999,5.98594,-0.5755868
Rance tidal RANCE - Rance Tidal Hydroelectric Power Station France,48.6180022,-2.0238876,0.26387328
Canedo,41.6204,-7.7394,-0.7261455
Gezende Dam,36.5285,33.1943,-0.027283318
Kraftwerk Zirknitz,47.009998,13.01,-0.13665439
Dönje,61.389765,16.388557,-0.604865
Vernayaz cff,46.13320779,7.03598337,-0.5424217
Inverlael,57.8235,-5.0553,-0.70497537
Canicada Canicada - Canicada Hydroelectric Power Plant Portugal,41.653,-8.231,-0.18823354
Steinsfoss,58.300155,7.967539,-0.54360414
Rabodanges,48.8003,-0.2895,-0.54994094
Gabriel galan,40.221274,-6.133104,0.22464973
Dicle Dam,38.23083889,40.17655278,0.09202647
Kraftwerk Wurten,46.987999,13.106,-0.29996726
Yenikend,40.9193,46.2829,0.017914142
Saint-Clair,45.7425728,7.6221486,-0.5459784
Invergarry,57.077999,-4.781,-0.62252605
Parki,66.74388889,19.20333333,-0.30667806
Carrapatelo Carrapatelo - G1 - Carrapatelo Hydroelectric Power Plant Portugal,41.0849,-8.1306,0.11288481
Stardalen,61.612472,6.548202,-0.29949537
Quinson Quinson Hydroelectric Power Station France - Quinson Hydroelectric Power Station France,43.699,6.051,-0.38297516
Devecikona?? Dam,39.8756,28.5754,0.07650714
Kraftwerk Woella,46.875,13.138,-0.22744583
Cividate,45.942493,10.277462,-0.34951022
Inverawe INAW-1 ,56.43972222,-5.21694444,-0.6680893
Cimego UP_CIMEGO_1,45.923109,10.628414,-0.08933207
Bouca Bouca - Bouca Hydroelectric Power Plant Portugal,39.854,-8.2197,-0.443239
Svarthalsforsens,63.028896,16.569358,-0.23284659
GUADALMENA 1,38.356998,-2.921,-0.6098158
Standal,62.261338,6.416543,-0.6529864
Peruca Hydroelectric Power Plant Croatia,43.7951,16.5968,-0.52025217
Queige,45.71916667,6.49861111,-0.64405686
Carregal,40.8072,-8.2438,-0.6857799
Deriner Dam,41.1696,41.8697,0.51094544
Kraftwerk Schuett,46.570999,13.722,-0.2792337
Cogolo,46.362907,10.672964,-0.24978572
Beverce robertville Beverce (Robertville) Hydroelectric Power Project Belgium - Beverce (Robertville) Hydroelectric Power Project Belgium,50.4387,6.0386,-0.48126313
Grudie Bridge GRUB-1,57.62194444,-4.82222222,-0.6343049
Granfors,64.77972222,20.41638889,-0.4276992
Stakaldefoss,61.445797,6.009602,-0.48408988
Prayssac,44.502783,1.1732197,-0.4193172
Senj Hydroelectric Power System Croatia Croatia,44.9429,14.9276,-0.54748744
Boyabat Dam,41.3391,35.0033,-0.18059212
Kraftwerk Oschenik,46.987999,13.106,-0.29996726
Castelo bode Castelo Bode - G1 - Castelo do Bode Hydroelectric Power Plant Portugal,39.5429,-8.3188,0.029631317
S. floriano UP_SFLORIANO_2,46.290466,11.245401,-0.47684425
Great Glen Scheme/Glen Moriston,57.2016,-4.7213,-0.45091113
GRADO I 1,42.164001,0.241,-0.497112
Songa,59.779587,7.728818,-0.56030124
Pralognan-la-Vanoise,45.3501,6.7208,-0.5861457
Glenlee,55.10027778,-4.18527778,-0.58133966
Skarg,59.350378,7.295355,-0.34594694
Borçka Dam,41.3507,41.6834,-0.08245397
Moforsen Hydroelectric Power Station Sweden - Moforsen Hydroelectric Power Station Sweden,63.36827,16.98765,-0.14346007
Kraftwerk Kamering,46.738998,13.594,-0.6169327
Frøland,60.384643,5.806852,-0.5210359
COO,50.3849,5.8618,-0.50743127
Mockfjärd,60.501506,14.964287,-0.49808273
Bouçoais-Sonim,41.7277,-7.1954,-0.42227754
Catapereiro,41.0912,-7.2715,-0.23803256
Solhom,58.775692,7.012965,-0.53064334
Pragneres Hydroelectric Power Station France,42.8211,0.01033,-0.39548165
Comunacqua,41.863023,13.250095,-0.4658
Birecik Dam,37.0542,37.8901,0.03138701
FRIEIRA,42.155998,-8.193,-0.12549895
Kraftwerk Alberschwende,47.470464,9.862094,-0.5798932
Montamara,42.673534,1.235138,-0.3978156
FLIX 1,41.2331,0.5472,0.5092504
Solbjørn,68.004201,13.161108,-0.6491541
Carsfad,55.14352,-4.18933,-0.6124821
Pouget POUGET 4 - Pouget (Le) Hydroelectric Power Station France,44.0597,2.77,-0.45590654
Grundsjoarna,62.532083,13.092083,-0.33064944
Berke Dam,37.3731,36.4615,0.14691935
Cercosa,40.6703,-8.2469,-0.7014357
Gamlebrofoss,59.657714,9.651615,-0.27974972
Ozalj Hydroelectric Power Plant Croatia Croatia,45.6143,15.4778,-0.396193
Fykanvannet,66.796795,14.000749,-0.23696566
Kopswerk II,46.975,10.043,-0.4586643
Porjus Porjus G11 - Porjus Hydroelectric Power Station Sweden,66.954281,19.796076,-0.3726428
Solbergfoss,59.636706,11.154443,-0.087296255
HEID-DE-GOREUX 1,50.426,5.7328,-0.51967186
Allt-na-Lairige,56.30722222,-4.86,-0.6058956
Poses,49.3096743,1.2362412,0.2387288
Fätschbach,46.91551045,8.987901562,-0.54315186
Midskog Vermunt Hydroelectric Power Plant Austria - Midskog Hydroelectric Power Plant Sweden,63.2411585,15.2339025,-0.25542828
Batman Dam,38.1602,41.2026,0.122582376
Koralpe Koralpe Pumped Storage Power Plant Austria - Koralpe Pumped Storage Power Plant Austria,46.6407766,14.9488018,-0.46261635
Sokna,63.150398,10.317983,-0.706794
Boavista,41.358,-8.4491,-0.5863276
S.massenza - Vezzano molveno UP_S MASS CL_1,46.067653,10.983605,-0.27007753
Comunanza,42.957348,13.412282,-0.38882858
Aigas,57.4574,-4.5453,-0.4633
Portillon le Portillon (Le) Hydroelectric Power Station France - Portillon (Le) Hydroelectric Power Station France,42.733,0.553,-0.66231436
Corvete,41.3965,-8.1793,-0.73011184
S.fiorano,46.049856,10.351457,-0.05749624
Atatürk Dam,37.4825,38.3186,-0.118238136
Orlovac Hydroelectric Power Plant Croatia,43.6737,16.784,-0.45333433
Gaddede,64.5,14.15,-0.2643501
Tyria I,61.114006,10.671124,-0.59336233
Tverrdalselvi,61.448104,6.73452,-0.5532498
Romøyri,61.285947,6.684627,-0.4376004
Achanalt,57.6161,-4.8326,-0.6457695
Port-Mort,49.1697841,1.3876834,0.115806766
Aslanta? Dam,37.27055556,36.27444444,-0.2435627
Skagen,61.504615,7.706137,-0.49236596
Fionnay (Dixence),46.035888,7.30317,-0.6784653
LA SERENA,38.912998,-5.413,0.19850561
Skibotn,69.312883,20.34206,-0.5425135
Jøssang,59.002831,6.081567,-0.6444843
Rognsfossen,60.632487,6.431703,-0.36548036
Kaprun main stage,47.2591,12.7389,-0.6267275
Abhainn Gleann Nam Fiadh,56.7839,-4.7711,-0.6545679
Pontcharra,45.43293,6.03032,-0.66596156
Alt?nkaya Dam,41.3668,35.7244,-0.15146233
Corfino,44.13195,10.410998,-0.45757803
Corenno,46.075987,9.304638,-0.43840143
Ringedalen,60.115822,6.625288,-0.58796394
LA BARCA 1,43.352001,-6.201,-0.6623072
Kaprun Oberstufe,47.1968,12.7192,0.026663525
Tashlyk,47.7968,31.1811,-0.13099372
Pont-de-Roide,47.3853,6.7628,-0.69346666
Zermeiggern ZERMEIGGERN - Zermeiggern Hydroelectric Power Plant Switzerland,46.08236906,7.956505432,-0.30564547
Coscile,39.809603,16.163285,-0.3577959
Noppikoski,61.489883,14.709516,-0.5595591
Tverrelva,59.921765,5.904339,-0.6593406
Tveitereidfoss,58.924804,9.333019,-0.4825957
Ringdal,62.08921,6.853629,-0.5507109
Kremenchug,49.0748,33.2531,-0.33053014
Pointis-de-Rivière,43.0911,0.6255,-0.5320878
JM ORIOL 1 - Jose Maria de Oriol (Alcantara) Hydroelectric Power Plant Spain,39.730301,-6.8849,0.011198938
Kaprun Limberg II,47.1985,12.7223,-0.60739034
Fritzøe,59.052673,10.018279,-0.36096305
Wägital siebnen,47.17162805,8.900067399,-0.45720157
Gammelänge,63.141944,16.161111,-0.24403955
Gallejaur Gallejaur G1 - Gallejour Hydroelectric Power Plant Seweden,65.127297,19.467367,-0.10016148
Riksheimdal,62.340278,6.531834,-0.6075492
Kiev (pumped storage),50.6113,30.4902,-0.16055894
Pointis-Inard,43.0837,0.7971,-0.73637617
HU AMPSIN-NEUVILLE,50.5335,5.2962,0.11108611
Kalserbach-M1,46.923,12.601,-0.51822793
Wägital rempen,47.13837318,8.897577361,-0.50130033
MEQUINENZA,41.368999,0.274,0.013163672
Pengfors krv,63.921437,19.667553,-0.642242
Edensforsen,63.68385,17.00645,-0.20589109
Repvåg,70.773547,25.616486,-0.48048365
Kjøsnesfjorden,61.511812,6.60963,-0.021515673
Grundfors,64.9654,17.5797,-0.32831007
Kiev,50.5883,30.5118,0.0632722
Plouasne,48.3118,-2.0078,-0.67639816
Crego,46.24638889,8.33166667,-0.43559864
Kalsdorf,46.944097,15.50363,-0.14950383
Jørundland,58.906297,8.22607,-0.69965625
Roquebillière,44.02138889,7.30722222,-0.41147614
Gandvik,70.014732,29.115253,-0.4633211
OSTROVU MIC,45.517246,22.854632,-0.13408712
Parteboda,62.517539,15.691329,-0.4137135
Reppa,66.645942,13.560479,-0.18031828
Wyhlen,47.53873,7.70768,0.033702478
Eldforsen,60.43777778,14.22777778,-0.27963507
Kaniv,49.7665,31.4717,-0.011101687
Pinet Hydroelectric Power Station France - Pinet Hydroelectric Power Station France,44.07,2.805,-0.45535487
HU ANDENNE,50.4928,5.07,-0.021573376
Wynau,47.25625228,7.786083656,0.0393336
El Cairat,41.57079803,1.864241398,-0.40869448
MONTEFURADO 3,42.39111111,-7.2175,-0.054038707
Tverråa,65.329941,12.971645,-0.55484873
KW Silz,47.2696,10.9678,-0.33930174
MORALETS GR 1 GENERAC,42.569,0.757,-0.34393334
Frøystul,59.824603,8.345011,-0.61213195
Rendalen,61.811303,11.114915,-0.58794063
Estany gento sallente,42.500623,0.989212,-0.17892456
Kakhovka,46.7786,33.3697,0.22692022
Pierre benite Pierre Benite Hydroelectric Power Station France - Pierre Benite Hydroelectric Power Station France,45.702,4.842,0.038259137
Nissaström,56.841854,13.008626,-0.46594903
Itoiz,42.80375,-1.362083,0.68543845
KW Kühtai,47.2078,11.0057,-0.30859897
Tverrgjuvlo,60.717129,6.120648,-0.6204794
Creva,46.15,8.3,-0.5327042
Rekvatn,67.824218,15.993795,-0.3308608
Dniprodzerzhynsk,48.5485,34.541,0.00057514955
Gardiken gardikfors,65.476969,15.856519,-0.35520312
Pied borne PIED DE BORNE - Pied-de-Borne Hydroelectric Power Station France,44.47198,3.98867,-0.2725588
Tavanasa kvr,46.75103682,9.046923928,-0.4245328
Ibon de Ip,42.708,-0.496,-0.3329811
Tverråga,66.044477,14.063695,-0.60910535
HU GRAND-MALADES,50.4665,4.8992,0.012721025
Dabbsjö,64.607742,15.465791,-0.23459087
Fionnay mauvoisin,46.03040473,7.30795255,-0.6395657
KW Kaunertal,47.0678,10.6652,-0.29814819
MENUZA,41.3217,-0.3508,-0.23706101
Reinåga,66.037574,13.854985,-0.5682134
Maljacka Hydroelectric Power Plant Croatia Croatia,44.0019,16.0192,-0.59860325
Dniester (pumped storage),48.5136,27.4733,-0.20250902
Perles-et-Castelet,42.7179,1.774,-0.7591416
Verbois Verbois Hydroelectric Power Plant Switzerland - Verbois Hydroelectric Power Plant Switzerland,46.19139413,6.027357341,-0.3166208
Tasnan,46.7776529,10.22572094,-0.49114537
Sjønstå,67.19867,15.724273,-0.33983326
Tverråna,59.126243,6.270145,-0.4840394
Funnefoss,60.167127,11.529376,-0.403329
Bancairon Bancairon Hydroelectric Power Station France - Bancairon Hydroelectric Power Station France,44.00166667,7.13694444,-0.38060382
KW Jenbach,47.3932,11.7886,-0.09500058
Reinskar,66.944213,14.122051,-0.37486416
Dniester,48.5136,27.4733,-0.20250902
Passy PASSY,45.91642,6.72592,-0.32502377
Taschinas,46.98284123,9.644863303,-0.5661206
Darfo,45.893791,10.185661,-0.5243726
IZNAJAR 1,37.276001,-4.387,0.03621359
Neubrigg,46.39618146,8.134244927,-0.5467374
Gejman,65.572,15.1816,-0.5294277
Guillena GUILLENA GR 1 GENERAC,37.567315,-6.049541,0.12707013
Reinset,62.804585,8.502891,-0.62081873
KW Amlach,46.8142,12.7618,-0.5153556
Dneipro HPP 2,47.8675,35.0897,-0.069407396
Passy,45.954,6.7398,-0.53030324
Tannuwald,46.14994099,8.107936687,-0.56440824
Tverråni,60.588828,9.172901,-0.58496875
Flumenthal,47.22910691,7.589951686,-0.036568154
Reingardsåga,66.441763,14.259013,-0.6130812
Dejefors,59.60805556,13.47583333,-0.37064615
Özlüce Dam,39.1278,40.0855,-0.19801073
Jochenstein,48.5184,13.7076,0.19313264
Pardies,43.3858,-0.5879,-0.12346777
Susasca,46.75519301,10.08403667,-0.42905152
Messaure Messaure G1 - Messaure Hydroelectric Power Station Sweden,66.691226,20.345341,-0.26803616
Curon,46.808317,10.542652,-0.3818176
Salza,47.491345,13.956943,-0.6517762
Geithusfoss,59.928859,9.963443,-0.40456796
LILIECI,46.615654,26.897527,-0.3704561
Malgomaj,64.8,16.0167,-0.5812387
Liffey Scheme / Poulaphouca,53.1233,-6.5058,0.10388313
Ipotesti,44.26625,24.400417,0.2554322
Serre poncon SERRE PONCON - Serre Poncon Hydroelectric Power Station France,44.47095,6.26967,-0.2019109
Imst,47.212246,10.721519,-0.4107711
Lee Scheme,51.89,-8.61,-0.4169015
Ottmarsheim OTTMARSHEIM - Ottmarsheim Hydroelectric Power Station France,47.77399,7.52246,0.0691862
Triebenbach,47.5,14.4667,-0.6462955
Røneid,61.417,7.257286,-0.383932
Golubic Hydroelectric Power Plant Croatia Croatia,44.09,16.2204,-0.5600143
Dossi,46.0299,9.984,-0.23791516
Goglio devero,46.260882,8.320213,-0.43978706
Roßhag Rosshag-KW - Rosshag Pumped Storage Power Plant Austria,47.086876,11.774061,-0.60382277
Myster,60.738619,5.806827,-0.59259486
Kulu,60.616102,8.534165,-0.5670588
Harpefossen,61.581624,9.842172,-0.58399093
Finndøla,59.187073,8.039687,-0.60489726
Serdinya,42.5763,2.3226,-0.33713317
Rødberg,60.263113,8.976154,-0.5151256
Tirso,40.032651,8.896729,-0.41927803
Orlu Orlu Hydroelectric Power Station France - Orlu Hydroelectric Power Station France,42.689,1.912,-0.54431486
Häusling Haeusling-KW - Haeusling Pumped Storage Power Plant Austria,47.146432,11.967219,-0.57722044
Turlough hill Turlough Hill Unit 1 - Turlough Hill (Tomaneena) Pumped Storage Hydroelectric Power Plant Ireland,53.0280556,-6.3930556,-0.52209705
Strandfossen,60.909193,11.525804,-0.42141905
Storåvatn 1,66.474322,13.396543,-0.65227014
Rott,47.79940564,13.04399014,-0.06614257
Storåselva,64.279771,12.617346,-0.6206008
HC LUMBARDHI 1 2 Belaja DECANI,42.58880928,20.17900745,-0.6385552
Sauto,42.5155,2.1488,-0.594363
Orgeix,42.6757,1.8767,-0.7025742
Hintermuhr,47.79940564,13.04399014,-0.06614257
Gaula,62.802846,11.370119,-0.4831541
HU MONSIN,50.6517,5.6308,0.038861327
Spilje Hydroelectric Power Plant Macedonia,41.4936,20.5054,-0.44618878
Madunice Madunice Hydroelectric Power Plant Slovakia - Madunice Hydroelectric Power Plant Slovakia,48.48843,17.79408,-0.14252216
Hardeland K,59.657561,6.096339,-0.5386698
Imsland,59.478233,5.990793,-0.6399242
Rosenau,47.992886,14.376871,0.047278028
Zuino,45.712165,7.882814,-0.34634855
Sautet le Sautet (Le) Hydroelectric Power Station France - Sautet (Le) Hydroelectric Power Station France,44.817,5.908,-0.30909514
Kvanndal,59.658147,6.985079,-0.4189752
Orelle,45.20308,6.57913,-0.5410661
Røldal,59.818538,6.818576,-0.43563697
HU LIXHE,50.7517,5.6863,0.10333257
Hierzman-Speicher,47.016998,15.125,-0.7076698
Holmen,60.849199,6.722972,-0.4937416
Finså,58.65991,6.698752,-0.52739686
Edison Angelo Bertini Paderno,45.6647544,9.4833148,-0.6158528
Erne Scheme,54.5,-8.19,-0.40796256
Edison ARMISA (UP_ALTOADDA_1),46.176359,9.982129,-0.43790975
Kupe,61.639534,5.098009,-0.29271078
Rosegg-St. James,46.5696,14.0268,-0.40484115
Zevio,45.372086,11.129292,-0.3582258
Saut mortier Saut Mortier Hydroelectric Power Station France - Saut Mortier Hydroelectric Power Station France,46.372,5.642,-0.46091142
Tyria II,61.124574,10.695165,-0.61455536
Oraison ORAISON - Oraison Hydroelectric Power Station France,43.92101,5.92438,-0.3938124
Traryd,56.584337,13.756098,-0.35631138
Fausa II,62.357548,6.894803,-0.262586
Edison Belviso,46.160817,10.086202,-0.5138397
Hieflau,47.6,14.7333,-0.6968231
Alvito,38.2788,-7.9093,-0.2900958
Sveta Peka Hydroelectric Power Plant Macedonia - Sveta Peka Hydroelectric Power Plant Macedonia,41.9249,21.2647,-0.3642916
Baixo Sabor Montante - G1,41.209099,-7.049,-0.47808763
Urreiting,47.3749,13.2101,-0.10933148
Volturno,41.625824,14.089016,-0.57590693
Saussaz SAUSSAZ,45.20992,6.47663,-0.36523494
Rodundwerk II,47.0847,9.8744,-0.045908276
Oo Hydroelectric Power Station France - Oo Hydroelectric Power Station France,42.804,0.56,-0.7256507
PLATE TAILLE T,50.1884,4.3861,-0.08593783
Heinfels-M1,46.748001,12.434,-0.5594474
Faslefoss,60.958423,9.300065,-0.6271217
Telessio - Eugio - Rosone,45.433313,7.417422,-0.59517044
ESCALES 1,42.3161,0.7463,-0.33870968
Hommelfoss,60.900223,5.617947,-0.636557
 Valsoera - Telessio,45.487814,7.395236,0.08003743
Vobarno,45.640087,10.503473,-0.38283235
Sault brenaz Sault Brenaz Hydroelectric Power Station France - Sault Brenaz Hydroelectric Power Station France,45.846,5.418,0.054929823
Kvannvatn,66.417748,14.522988,-0.385949
Ardnacrucha production unit Ardnacrusha Unit 1 - Ardnacrusha Hydroelectric Power Plant Ireland,52.7056,-8.6128,-0.37793678
Oloron-Sainte-Marie,43.16305556,-0.59194444,-0.5230931
Rodundwerk I,47.085,9.8813,0.08562257
Vienna-Freudenau,48.1766,16.0,-0.6411399
TIKVES G1 - Tikves Hydroelectric Power Plant Macedonia,41.404999,21.936001,-0.54839474
Brunico,46.79343,11.983386,-0.46706855
Brossasco,44.56722222,7.3525,-0.5360598
Gössendorf,46.997841,15.467519,-0.062161177
Kvassteinåga,66.127891,13.572895,-0.42864034
"Vizzola t,",45.6317,8.6865,-0.63078934
Sassenage,45.20856,5.65681,-0.567182
Olette,42.5962,2.2423,-0.535822
Rifawerk Rifa Pumped Storage Power Plant Austria - Rifa Pumped Storage Power Plant Austria,46.9782553,10.0383768,-0.6017617
Iveland,58.390377,7.894692,-0.35639927
Edison Carlo Esterle Cornate D'Adda,45.6540043,9.4847369,-0.42749047
Fall,60.678333,10.352728,-0.59592044
Råssåfoss,62.827032,8.701812,-0.6252406
Gunggl,47.09048,11.792702,-0.5711174
Vermuntwerk,46.9684,10.0599,-0.44104186
Vinadio,44.309025,7.176025,-0.43992418
Sarrans SARRANS - Sarrans Hydroelectric Power Station France,44.82942,2.74042,-0.070731424
Ildgrubfossen,66.300896,14.350961,-0.56081903
VRUTOK G1 -  Mavrovo Vrutok Hydroelectric Power Plant Macedonia,41.771,20.84,-0.6307351
Olargues,43.5411,2.9176,-0.66032505
Kegums hpp Kegums HPP - Kegums Hydroelectric Power Plant Latvia,56.7405,24.7113,0.034425538
Remsach,47.1333333,13.1333333,-0.5668264
Hanefoss,58.530183,8.334636,-0.5743347
Kvemma,61.042128,7.767102,-0.5431977
Gire,60.501992,9.136954,-0.6542548
Vinodol Hydroelectric Power System Croatia Croatia,45.2286,14.6736,-0.6133622
Skjefstadfoss II,60.830494,11.611755,-0.33522692
Tanagro,40.543612,15.44886,-0.45016006
Vrben Hydroelectric Power Plant Macedonia - Vrben Hydroelectric Power Plant Macedonia,41.7166,20.7219,-0.5890808
Lesce Hydroelectric Power Plant Croatia Croatia,45.3485,15.3452,-0.1831831
Uvac Hydroelectric Power Plant Serbia - Uvac Hydroelectric Power Plant Serbia,43.4224,19.9295,-0.5334996
Fagervollan,66.375658,13.657311,-0.40074527
Großraming,47.892954,14.512341,0.05324801
Villa rinaldi,46.0347222,12.6791667,-0.42015287
Salon Salon Hydroelectric Power Station France - Salon Hydroelectric Power Station France,43.633,5.114,-0.18235013
Hallby Gulsele,63.821222,17.145008,0.17819096
Ocana Ocana Hydroelectric Power Station France - Ocana Hydroelectric Power Station France,41.946,8.935,-0.505741
Tysseland,59.507622,6.218006,-0.4391125
Holen III,59.353127,7.247782,-0.6300829
Hakavik,59.624806,9.953291,-0.47763872
Rellswerk,47.0531826,9.7529724,0.7167935
Fagerli,67.116045,16.067266,-0.5846126
Capljina Pumped Storage Power Plant Bosnia and Herzegovina,43.0133,17.8041,-0.4034993
Tyssefossen,60.375235,5.758082,-0.22156519
Aall-Ulefoss,59.281502,9.253044,-0.29188395
Edison Ganda,46.14055556,10.12361111,-0.52970976
Braulio,46.51472222,10.40361111,-0.49220493
Bocac Hydroelectric Power Plant Bosnia and Herzegovina,44.5075,17.1618,0.027471814
Villa,41.961334,14.342717,-0.5134736
Salignac Salignac Hydroelectric Power Station France - Salignac Hydroelectric Power Station France,44.138,5.979,-0.16057478
Gries,47.287673,12.885052,-0.36368403
Geitåni,60.649557,6.007385,-0.49262524
Nyer,42.5014,2.2744,-0.59086096
Rånåsfoss,60.027536,11.323332,-0.08044037
Kraljevac Hydroelectric Power Plant Croatia,43.4307,16.8849,-0.48741177
Hammeren,59.996669,10.749974,-0.61141443
TG.JIU,45.032495,23.263675,-0.092893064
Reißeck-Tagesspeicher-KW,46.87297136,13.31180113,-0.4682276
Holsen,61.419767,6.158174,-0.5562541
Rovesca,46.060376,8.114612,-0.29193842
Halvfari,62.43472222,13.45027778,-0.35805863
Skjerka,58.557967,7.367182,-0.5836773
Verres,45.666562,7.689111,-0.32035625
Sainte-Marie-de-Cuines,45.3191,6.2942,-0.6618105
Ebro,42.974583,-4.04875,0.12641053
Noirefontaine/Dampjoux,47.3471,6.7644,-0.6376923
Greifenstein,48.3553,16.2424,0.06028775
Adamselv,70.409578,26.701878,-0.63491076
Vargön,58.355556,12.374444,0.109631054
ERISTE 1,42.5899,0.4927,-0.5037751
Besenova - Bešeňová,49.095383,19.455563,0.5249276
Kvilldal,59.526995,6.658841,-0.48331705
Bressanone,46.71503251,11.65597916,-0.43377072
Izbiceni,43.81625,24.69625,0.3142401
Acceglio,44.474627,6.990918,-0.3534825
Reisseck Reisseck-Jahresspeicher-KW - Kolbnitz (Reisseck/Kreuzeck) Hydroelectric Power Plant Austria,46.89411184,13.34315198,-0.5467806
Tierfehd (Limmern),46.876269,8.986949,-0.6438078
Verampio,46.210781,8.320614,-0.29832235
Sainte-Foy-Tarentaise,45.5844,6.9414,-0.12250004
Giumaglio,46.28241272,8.669718834,-0.68709344
Neuville-sur-Ain,46.08166667,5.37944444,-0.5114092
Graz puntigam,47.039749,15.442537,-0.017589897
Evenstad,58.543204,8.673748,-0.29128385
"S,silvestro",46.149311,11.789193,-0.5148325
Hardeland H,59.657666,6.096468,-0.5546523
Grabovica Hydroelectric Power Plant Bosnia and Herzegovina,43.5872,17.7189,-0.11065027
Alta krv,69.717916,23.795677,-0.68124056
Edison Sonico,46.161206,10.352905,-0.49329028
Edison Publino (UP_ALTOADDA_1),46.150244,9.818459,-0.4685669
Rabenstein,47.251148,15.31034,-0.07641951
Teglia,44.375151,9.878882,-0.34514228
Venaus UP_VENAUS_1 (Venasco),45.161887,7.008396,-0.29081377
Sainte-Agnès,45.2106,5.96,-0.6189249
Gaudøla,62.685993,8.416823,-0.59541506
Rygene,58.406049,8.636195,-0.41044042
Nentilla Nentilla Hydroelectric Power Station France - Nentilla Hydroelectric Power Station France,42.772,2.213,-0.5963372
Acquoria,41.960922,12.798884,-0.20064837
Gratkorn,47.1333,15.35,-0.58499265
Edison VEDELLO (UP_ALTOADDA_1),46.15944,9.929995,-0.6128131
Kvinen,58.935618,7.088094,-0.43615732
Slatina,44.407917,24.354583,0.19119732
Andåsfossen,65.822425,13.259879,-0.62184125
Agordo,46.2855556,12.0375,-0.70859814
Pöls,47.217744,14.599075,-0.5425577
Venamartello,42.769944,13.410185,-0.33105034
Sainte tulle i&ii Sainte Tulle I&II Hydroelectric Power Station France - Sainte Tulle I&II Hydroelectric Power Station France,43.787,5.774,-0.35335878
Skjåk I,61.899278,8.227095,-0.51180655
Nantes-en-Ratier,44.9279,5.8283,-0.6192052
Evanger,60.662252,6.118739,-0.7307953
Gralla,46.828285,15.566222,-0.04660467
Jablanica Hydroelectric Power Plant Bosnia and Herzegovina,43.6924,17.7325,0.17067371
Hafslund,59.274985,11.129381,-0.12763727
Tierfehd umwälzwerk,46.87875008,8.985137042,-0.3177854
Varzo,46.20668,8.252412,-0.45402762
Sainte croix,43.73687,6.13423,-0.2177892
Pichlern,48.022415,14.322989,-0.31289843
Matfors,62.35,17.0333,-0.4453311
Méréville,48.5912,6.1369,-0.7056752
Hackren,63.197917,13.50875,-0.6667921
Askerudfoss,60.20311,10.342111,-0.32689142
Gausvik I,68.608998,16.493108,-0.60125196
Gmuend-Speicher,47.932999,13.797,-0.35651737
Engeset,62.264103,6.860074,-0.6108757
Kvitno,60.174717,6.546339,-0.61388797
Vaprio D'Adda,45.576941,9.535214,-0.0893368
Sainte Helene - La Coche,45.49667,6.51038,-0.41966206
Rottenvik,69.600545,20.27112,-0.62109375
Méolans-Revel,44.371,6.498,-0.570258
Pernegg,47.3598,15.3424,-0.44948936
Edison VENINA (UP_ALTOADDA_1),46.1608,9.9238,-0.47764635
Bordogna,45.95083333,9.71277778,-0.5073846
Torpshammar,62.472822,16.325252,-0.15251237
Vargfors Vargfors Hydroelectric Power Station Sweden - Vargfors Hydroelectric Power Station Sweden,65.0222165,19.682859,0.036736246
Bemposta,41.3009,-6.4699,0.20036478
Fiskløysa,64.465473,14.03276,-0.54726565
Gerlos,47.2342,11.8997,-0.4336643
EUME 1,43.403999,-8.043,-0.7559248
Valpelline UP_VALPELLIN_1,45.825196,7.333163,-0.4472954
Saint-Étienne-de-Cuines,45.3454,6.2602,-0.6228577
Moûtiers,45.4864,6.5373,-0.5726
ENTREPENAS 1,40.493,-2.75,-0.009868628
Peggau,47.2,15.35,-0.40869457
Hammarforsens,63.112909,16.354573,-0.19614118
Istad,62.805201,7.700295,-0.539375
Jajce I Hidroelektrana Bosnia and Herzegovina,44.3774,17.2816,-0.6193851
Langfjord,65.375988,12.699796,-0.4108379
Rusdalsåni,58.588596,6.506877,-0.6012585
Boffetto,46.15833333,9.93805556,-0.54561204
Mykstufoss,60.050395,9.19932,-0.6939234
Gemeinschaftskraftwerk inn,47.062954,10.662868,-0.6049035
Val noana,46.149311,11.789193,-0.5148325
Saint-Priest-Taurion,45.9063392,1.4122593,-0.50073546
Aunfoss,64.610022,12.578041,-0.34674367
Moux charmines Moux Charmines Hydroelectric Power Station France - Moux Charmines Hydroelectric Power Station France,46.277,5.554,-0.6010762
Skjerdal,61.834041,5.974903,-0.5392249
Paternion,46.7209,13.6453,-0.049892973
Hol II,60.611234,8.26258,-0.5670271
Agri,40.289012,16.139079,-0.37417254
Heggmoen,67.355703,14.8518,-0.6033388
Aura,62.664258,8.514969,-0.6561456
"Garsten st, ulrich",48.018488,14.411714,-0.028439661
Kvittingen,60.464284,5.915178,-0.63900554
Edison ZAPPELLO (UP_ALTOADDA_1),46.159346,9.930337,-0.62410164
Baigts-de-Béarn,43.5094649,-0.8416505,-0.21709666
UP_SGIACOMO_3,42.553001,13.556,-0.58327466
Saint-Pierre-en-Faucigny,46.0468,6.37475,-0.64289606
Embretsfoss,59.902164,9.925332,-0.44744498
Bolognano,42.24638889,13.95388889,-0.48662314
Motz,45.9191,5.8448,-0.57102746
Beauchastel BEAUCHASTEL - Beauchastel Hydroelectric Power Station France,44.82397,4.81049,0.16266206
Tysso II,60.129931,6.641965,-0.46886045
Ellenelva,69.380694,19.644744,-0.48761767
Passau-Ingling,48.5536,13.4371,0.32757372
Baix logis neuf BAIX LOGIS NEUF - Logis Neuf Hydroelectric Power Station France,44.67605,4.78827,0.26649225
Rongkleiv,61.664138,5.912952,-0.5995831
Jajce II Hidroelektrana Bosnia and Herzegovin,44.4279,17.2404,-0.6195393
Skjomen,68.201085,17.36584,0.024892753
Aurland I,60.8525,7.300704,-0.43051416
Tusciano,40.657211,15.02305,-0.30458286
Saint-Pierre-Chérignat,45.9602,1.6139,-0.7425514
Gamp,47.6833333,13.1,-0.28739882
Ala,45.758995,11.000182,-0.44348398
Montsapey,45.5313,6.3673,-0.74585617
Jaruga Hydroelectric Power Plant Croatia Croatia,43.805,15.9626,-0.39024022
Eidsfoss,59.297123,9.219933,-0.4268294
Villach,46.6329,13.8294,0.08084152
Hol III,60.58293,8.404554,-0.6524978
Gojak Hydroelectric Power Plant Croatia Croatia,45.2989,15.2633,-0.5844931
Ottensheim-Wilhering,48.3166,14.1512,0.15450652
Grytfors,65.295466,19.11352,-0.30608106
Belver,39.4795,-7.9979,-0.0018467834
Storlia,60.390513,7.391766,-0.622558
Alanno,42.295438,13.971105,-0.4240082
Barroca,40.1115,-7.7297,-0.3323868
Sail-sous-Couzan,45.7367,3.9618,-0.69120276
Banca,43.1001,-1.3716,-0.71336293
Målset,60.978203,6.516092,-0.4883624
HE Rijeka,45.33499908,14.45199966,-0.44160712
Triano,42.360941,14.138007,-0.21327622
Saint-Paul-sur-Ubaye,44.559,6.8207,-0.31886715
Gaming,48.1766,16.4813,0.23403491
Montpezat MONTPEZAT,44.69026,4.27215,-0.45300084
DOIRAS 1 - Doiras Hydroelectric Power Plant Spain,43.386002,-6.825,-0.3441149
Haukrei,59.204847,7.835123,-0.52613425
Aurland II H,60.805201,7.377305,-0.51302
Torbole UP_TORBOLE_1,45.882608,10.882742,-0.30830744
Entracque rovina UP_ETQ_ROVINA_1 - Entracque Chiotas-Piastra Pumped Storage Power Plant Italy,44.22573,7.39012,0.137573
Oschenik innerfragant Innerfragant Pumped Storage Power Plant Austria - Innerfragant Pumped Storage Power Plant Austria,47.1374819,12.3273397,0.089348495
Edolo UP_EDOLO_1 - Edolo Pumped Storage Hydroelectric Power Plant Italy,46.172153,10.344367,-0.44031376
Krupa Hydroelectric Power Plant Bosnia and Herzegovina,44.5624,17.135,-0.45683512
Høylandsfoss,58.281282,6.815432,-0.5476899
HU IVOZ-RAMET,50.5922,5.4613,0.07655657
Torrite,44.12125,10.404598,-0.53416187
Saint-Maurice-en-Valgodemard,44.7984,6.1126,-0.5533762
Gabersdorf,46.7772,15.5842,-0.49172422
Montezic MONTEZIC 1 - Montezic Pump Storage Hydroelectric Power Station France,44.73766,2.64342,-0.5888021
Fellesanlegget Kykkelsrud-Fossumfoss,59.579898,11.100725,-0.054066774
Ionesti,44.857917,24.24625,0.32858592
Albano,46.131588,9.280837,-0.5021614
Älvkarleby Alvkarleby Hydroelectric Power Plant Sweden - Alvkarleby Hydroelectric Power Plant Sweden,60.5636805,17.44205,-0.17676362
Fadalto UP_FADALTO_1,46.028439,12.300677,-0.4610038
Langedalen,62.072866,6.799832,-0.5925218
Obervogau,46.745776,15.571428,-0.13705273
Tysseelva,59.394732,6.216533,-0.7001962
Saucelle SAUCE II 1 - Saucelle Hydroelectric Power Plant Spain,41.041734,-6.805412,-0.62260926
Raven Hydroelectric Power Plant Macedonia - Raven Hydroelectric Power Plant Macedonia,41.7791,20.8563,-0.4660968
Albi Magisano,39.01339,16.6279,-0.30244786
Wald,47.9044444,13.0263889,-0.5865931
Funsingau,47.2354,12.0583,-0.5573264
Saint-Maurice-de-Lignon,45.2330869,4.1547189,-0.61649406
Gental Fuhren Hydroelectric Power Plant Switzerland - Fuhren Hydroelectric Power Plant Switzerland,46.72719109,8.333697249,-0.6598039
"Nové mesto Nove Mesto n,V, Hydroelectric Power Plant Slovakia - Nove Mesto n,V, Hydroelectric Power Plant Slovakia",48.77245,17.85146,-0.27239254
Monteynard MONTEYNARD - Monteyard-Avigonnet Hydroelectric Power Station France,44.96118,5.68874,0.06640896
Kuråsfoss,62.673965,11.454045,-0.52032053
Matka Hydroelectric Power Plant Macedonia - Matka Hydroelectric Power Plant Macedonia,41.9528,21.2982,-0.4900641
Rødne,59.562936,5.871519,-0.5981914
Riva garda nuovo,45.883103,10.837735,-0.44232857
Lottefors,61.4166667,16.4,-0.6859634
Lovons Krv,63.829583,15.642083,-0.6725169
Holen,61.355592,7.086449,-0.40233657
Obervermuntwerk II,46.936111,10.0625,-0.61733806
Saint-Maurice-Navacelles,43.8448,3.5064,-0.55076706
Friesach,47.186513,15.336014,-0.11913311
Boazzo,45.947196,10.62107,-0.33287853
Montbrun,44.5114,1.9032,-0.59931564
Mostar Hydroelectric Power Plant Bosnia and Herzegovina,43.3776,17.8449,-0.034192316
Eidsfossen,61.756715,6.245702,-0.29278058
Rio riva,46.920333,11.954483,-0.4117733
Varazdin Hydroelectric Power Plant Croatia Croatia,46.3479,16.2684,-0.29360563
Hatlestad,61.384128,6.737623,-0.15874808
Obervermuntwerk,46.9271,10.0539,-0.40556487
Dezzo di Scalve (derivazione Dezzo),45.983092,10.10006,-0.48485768
Saint-Martin-du-Var,43.8162,7.1996,-0.713354
Fisching,47.1743,14.723143,-0.5909415
Aurland III,60.798131,7.571407,-0.60635453
Montauban,44.0226,1.3638,-0.46094576
Walgauwerk,47.192,9.6815,-0.5876973
Ulefoss,64.830095,11.933663,-0.5805029
Hidroelektrana Velebit / Velebit pump,44.2007328,15.6811168,-0.2770644
Aregos,41.0939,-8.0278,-0.6142904
Farfa,42.2181,12.6929,-0.6024709
Rio pusteria,46.8333333,11.6166667,-0.5723028
Mågeli,60.132949,6.628084,-0.30761147
Langedal,61.563993,5.572292,-0.5238513
Vatne,62.140217,6.249948,-0.56189936
Saint-Mamet-la-Salvetat,44.8566,2.3054,-0.43750703
Ferlach Maria Rain,46.5462,14.2985,0.015277686
Montahut Montahut Hydroelectric Power Station France - Montahut Hydroelectric Power Station France,43.571,2.94,-0.5830852
Mostarsko Blato Hydroelectric Power Plant Bosnia and Herzegovina,43.2989,17.794,-0.5596098
Oberaudorf Ebbs,47.6413,12.1989,0.20944561
Contreras,39.545417,-1.502917,0.4927079
Strejesti,44.537083,24.325417,0.3305668
Mår,59.885318,8.674014,-0.64376736
Resio,45.925692,10.250862,-0.40435392
BUENDIA 1,40.398998,-2.784,-0.113009825
Haukland,58.465032,6.544322,-0.5806142
Saint-Léonard-de-Noblat,45.841,1.4954,-0.69507706
Feldsee Kraftwerk Feldsee - Feldsee Pumped Storage Power Plant Austria,46.9985746,13.0418733,0.38268018
Monceaux La Virolle Hydroelectric Power Station France - Monceaux La Virolle Hydroelectric Power Station France,45.576,1.84,-0.57383496
Nussdorf near Vienna,48.259257,16.369185,-0.112776004
Ylja,61.198141,8.382167,-0.597396
Aurland II L,60.804331,7.378572,-0.44923544
Bergkristall Stieber,46.827532,11.169127,-0.39263555
Roncovalgrande UP_RONCOVALG_1PS - Roncovalgrande Pumped Storage Power Plant Italy,46.067588,8.731877,-0.21353509
Långå,62.46369,13.08091,-0.46541372
Farigliano,44.509523,7.912195,-0.35207033
Regoledo,46.135091,9.551643,-0.45750377
Anapo c.le UP_ANAPO_C.L_1 - Anapo Pumped Storage Power Plant Italy,37.115761,15.137157,-0.28429413
Aurland IV (Vangen),60.901828,7.178971,-0.5333813
Aurland V (Reppa),60.804002,7.35285,-0.3048981
Eldrevatn,61.01993,8.127023,-0.57215625
Wallnerau Salzach stage,47.316,13.141,-0.31571293
Saint-Lizier,43.0002,1.1292,-0.42114908
Feldkirchen,46.8638,13.3355,-0.20657685
Rosten,61.860793,9.408787,-0.6601815
Mizoën,45.0431,6.1821,-0.5512288
Tøsse,60.617731,5.586937,-0.5110209
Pec Mlini Hydroelectric Power Plant Bosnia and Herzegovina,43.3375,17.3261,-0.57315236
Haukeli,59.732555,7.544277,-0.5507369
Niklai,46.8167,13.3167,-0.63248146
Radicone Troina,37.829642,14.576644,-0.26481
Kvænangsbotn,69.720002,22.057216,-0.54187673
Feistritz-Ludmannsdorf,46.5347,14.1712,0.03761745
Saint-Laurent-en-Royans,45.0098,5.3463,-0.71338123
Eldao,61.46122,7.03845,-0.5115326
"Andonno c,",44.314628,7.482432,-0.35616317
Mirandol-Bourgnounac,44.1468,2.1715,-0.65677875
EL PUEYO,42.729062,-0.305922,-0.5123184
Neuötting,48.2497963,12.69110217,0.07184987
Tregurà,42.34174258,2.296907389,-0.6444968
Quincinetto,45.56296,7.807315,-0.2898895
Dale?ice,49.1245,16.1242,-0.33227423
Ardenno,46.164292,9.644944,-0.57380587
LERESTI,45.3942,25.0625,0.38215792
Zakucac Hydroelectric Power Plant Croatia,43.4581,16.7027,-0.56227946
Saint-Laurent-en-Beaumon,44.89527778,5.85805556,-0.6611575
Ering-Frauenstein,48.29207045,13.1589383,-0.46858877
Bardufoss,69.043788,18.589681,-0.5300107
Miramont-de-Comminges,43.0912,0.7558,-0.81443095
Rama Hydroelectric Power Plant Bosnia and Herzegovina,43.747,17.6758,-0.5882113
Bagn,60.827132,9.548789,-0.65391886
Wallnerau underwater stage,47.31554,13.140946,-0.26750356
Farneta,44.3616,10.5816,-0.49048907
Gausbu,59.367561,7.892581,-0.6510808
Quero,45.921807,11.9315,-0.35980946
Nassfeld,47.05,13.05,-0.6402746
Kåven,70.117984,22.796744,-0.56383234
Roppa,61.240405,10.058534,-0.57468474
Saint-Laurent-du-Var,43.6865,7.1823,-0.40210155
Edling Edling-KW - Edling Hydroelectric Power Plant Austria,46.628959,14.701371,0.07662016
Millac/La Roche,46.1954,0.7055,-0.5089878
Beaumont Beaumont Hydroelectric Power Station France - Beaumont Hydroelectric Power Station France,43.735,5.753,-0.26305464
Haugfoss,59.913781,9.885792,-0.4784665
Arsie',45.983007,11.758295,-0.30307886
Ekkjestølen,59.791456,6.767096,-0.60645497
Quart,45.740261,7.466604,-0.2912388
Mühlrading,48.131686,14.473996,0.022374548
Glattalp,46.91761881,8.845498864,-0.57334757
Lana UP_LANA_1,46.6073775,11.1613274,-0.17815983
Trangfors,59.6333333,16.2,-0.6452924
Saint-Julien-le-Petit,45.8223,1.7051,-0.57936937
Dorferbach-KW,47.02,12.362,-0.52571875
Meyras,44.6766,4.2604,-0.731947
Holen I-II,59.353128,7.247817,-0.6298114
Battiggio,45.98305556,8.12694444,-0.44159862
?t?chovice II,49.8465,14.4219,-0.08909985
Lakshola,67.451702,15.742424,-0.52799046
Fedio,44.315526,7.298728,-0.20624627
Provvidenza UP_PROVVIDEN_1,42.511133,13.410606,-0.6440333
Salakovac Hydroelectric Power Plant Bosnia and Herzegovina,43.4478,17.8369,-0.14662322
Lang-Sima,60.507421,7.140704,-0.66245645
Mellach run power plant,46.910999,15.486,-0.06846953
Begna,60.202559,10.249582,-0.55314654
Saint-Julien-Mont-Denis,45.2803,6.4175,-0.71575123
Wallsee-Mitterkirchen,48.1666,14.6953,0.08749342
Dionysen,47.41,15.214,-0.5766818
Metz/Central hydraulique de Metz-Wadrinau,49.1198,6.154,-0.18657736
Saint cassien Saint Cassien Hydroelectric Power Station France - Saint Cassien Hydroelectric Power Station France,43.602,6.841,-0.61724585
Baschi,42.672832,12.21796,-0.47608677
Uleberg,58.600174,7.673136,-0.55671406
Skjefstadfoss I,60.826503,11.610549,-0.420881
Presenzano UP_PRESENZAN_1 - Presenzano (Domenico Cimarosa) Pumped Storage Power Plant Italy,41.380906,14.09146,-0.054324742
Lanzada UP_LANZADA_1,46.268585,9.877013,-0.36788657
Eiriksdal,61.238651,6.159359,-0.44324642
Ascoli porta romana,42.85527778,13.56527778,-0.5147774
DUQUE,36.919998,-3.344,-0.4025108
Haugafossen,60.28032,6.264236,-0.5719681
Melk,48.2232,15.3042,0.065592565
Hopland,61.863325,6.321515,-0.30579808
Saint-Jeoire,46.1387,6.4645,-0.7177506
Dießbach,47.5166667,12.8333333,-0.6008515
Mazet Hydroelectric Power Station France - Mazet Hydroelectric Power Station France,45.801,1.803,-0.55846244
Roskrepp,59.026674,7.089143,-0.6436607
Befring,61.609102,6.635326,-0.50526893
Premesa,46.56662,11.56098,-0.27656135
?t?chovice I,49.8465,14.4219,-0.08909985
Mayrhofen,47.1581,11.8501,-0.24661481
Innset,68.659576,18.824753,-0.6476632
Einunna,62.231331,10.342027,-0.42794982
Fenestrelle,45.03594,7.049409,-0.34788615
Debant_1-M1,48.257999,16.389999,-0.35786763
Skjenaldfossen,63.293668,9.728589,-0.63940156
Saint-Jean-de-Maurienne,45.2719,6.3455,-0.4876507
Bele,63.017618,8.527644,-0.66424894
Aventino,42.004033,14.156813,-0.41764408
Mazamet,43.458,2.3893,-0.7534428
Avise UP_AVISE_1,45.700913,7.193059,-0.38078877
Fondovalle,46.376886,8.425713,-0.3868422
Predazzo,46.308814,11.599686,-0.2694975
Weinzödl,47.108388,15.392094,-0.22658545
Trebinje I Hydroelectric Power Plant Bosnia and Herzegovina,42.7338,18.4971,-0.10852259
Torrent,45.682972,8.708733,-0.4767899
Mandling,47.4,13.5667,-0.7359893
Eikelandsosen,60.255341,5.74083,-0.69045305
Tornavento,45.59677,8.754735,-0.4077959
Bösdornau Boesdornau-KW - Boesdornau Hydroelectric Power Plant Austria,47.15192,11.833298,-0.44648236
Saint-Girons,42.9756,1.1531,-0.5317199
Jordal,62.754863,8.315464,-0.62784636
Bergerfoss,60.227748,10.376135,-0.3310406
Mareges MAREGES - Mareges Hydroelectric Power Station France,45.39171,2.36446,-0.17383884
Gudåa,63.438872,11.616029,-0.55139637
Gisnafallet,62.694766,9.941145,-0.5834
Langdalselva,70.026561,22.099499,-0.6430343
Bargi UP_BARGI_CEN_1,44.117039,11.04338,-0.16451024
Prati vizze,46.85,11.3833333,-0.6562753
Malta unterstufe Malta-Unterstufe-KW - Malta Unterstufe (Moellbruecke) Hydroelectric Power Plant Austria,46.8332,13.360071,-0.5738294
Saint-Gervais-les-Bains,45.857,6.741,-0.6876941
Böckstein,47.79940564,13.04399014,-0.06614257
Marckolsheim MARCKOLSHEIM - Marckolsheim Hydroelectric Power Station France,48.15371,7.5898,0.120434046
Cunovo Hydroelectric Power Plant Slovakia - Cunovo Hydroelectric Power Plant Slovakia,48.02987,17.2254,-0.037920147
Bannalp/Oberrickenbach,46.88030374,8.421259962,-0.6218262
Ulvik II,60.575845,6.921271,-0.66870105
Reinfossen,66.349608,14.342784,-0.21714365
Sublin,46.26509974,7.040192582,-0.6642793
Håkvik,68.403304,17.42153,-0.39051378
Marcillac - barrage la Valette,45.215,2.038,-0.6462555
ALBESTI,45.216514,24.657876,-0.4952956
Refsdal,61.021375,6.567661,-0.54364187
Høyanger K5A,61.21888,6.063321,-0.42206445
Ulvund,62.834158,8.520459,-0.601887
Stechelberg,46.54472644,7.899907479,-0.6180712
Manosque voix Manosque-Voix Hydroelectric Power Station France - Manosque-Voix Hydroelectric Power Station France,43.85081,5.83276,-0.34544677
Gressoney,45.829667,7.82321,-0.46609536
Grytneselva,62.723486,8.114792,-0.47578776
Maneciu,45.332917,25.987917,0.6339812
Raukforsen,67.671732,16.060866,-0.47634
Grigno,46.016007,11.636892,-0.36838976
Au schönenberg,47.52398098,9.186791025,-0.32940653
Vilarinho furnas Vilarinho Furnas - G1 - Vilarinho das Furnas Hydroelectric Power Plant Portugal,41.763285,-8.209765,-0.4891339
Stalvedro aet,46.51741111,8.677666938,-0.3384071
Gjerdsvika,62.256071,5.583926,-0.5300825
Mallemort Mallemort Hydroelectric Power Station France - Mallemort Hydroelectric Power Station France,43.715,5.205,-0.31618318
Alto rabagão Rabagao - Alto Rabagao Hydroelectric Power Plant Portugal,41.737703,-7.853632,-0.097095065
Urdsdalselva,65.941912,13.064278,-0.20796816
Rasdalen,60.636289,5.963677,-0.6043361
Vadeni,45.057917,23.267917,-0.29356086
Grosotto Boscaccia,46.283001,10.259756,-0.29895446
ORLEA,45.592718,22.973351,-0.50011826
Stalden STALDEN - Stalden Hydroelectric Power Plant Switzerland,46.23022033,7.857193058,-0.5577062
Malgovert,45.61787,6.79074,-0.3023314
Talarn Talarn Hydroelectric Power Plant Spain - Talarn Hydroelectric Power Plant Spain,42.17969,0.91314,-0.050628286
Urke,62.212377,6.567568,-0.6084072
MONTELIMAR - Chateauneuf Du Rhone Hydroelectric Power Station France,44.499001,4.708,0.1684464
Vilar tabuaco Vilar-Tabuaco Hydroelectric Power Plant Portugal - Vilar-Tabuaco Hydroelectric Power Plant Portugal,40.9871,-7.5353,-0.21994798
Rana,66.294966,14.270422,-0.5857153
Grytendal,65.184825,12.798047,-0.58891165
St léonard St-Leonard Hydroelectric Power Plant Switzerland - St-Leonard Hydroelectric Power Plant Switzerland,46.26058771,7.44474053,-0.46546328
Turtmann,46.29540226,7.685998364,-0.6240579
Skoddeberg,68.625246,17.260847,-0.6391595
Hynna,63.057755,11.43934,-0.4631999
BEMBEZAR,37.903,-5.207,-0.30063558
Skogheim,61.675014,5.783221,-0.58880055
Ffestiniog Ffestiniog Pumped Storage Power Station Wales UK - Ffestiniog Pumped Storage Power Station Wales UK,52.980785,-3.968708,-0.28293866
Ramfoss,60.084174,9.816174,-0.55980617
GARLENI,46.667197,26.813902,-0.38146353
Isola palanzano,44.437255,10.194488,-0.48695654
Spina valbella,46.43113436,9.206999104,-0.66412705
Usma,62.633769,8.299117,-0.6128917
Gjetingsdalen,60.138493,6.240125,-0.61470604
Lot Lot Hydroelectric Power Station France - Lot Hydroelectric Power Station France,44.663,2.664,-0.3874833
Slind,63.192406,10.956678,-0.73477334
Dragasani,44.682917,24.292083,0.28689876
Pålsbu,60.433067,8.734342,-0.22390129
Hone,45.613561,7.738513,-0.38880646
Spina isola,46.43113436,9.206999104,-0.66412705
Livinhac-le-Haut,44.5968,2.2161,-0.70695186
Pikerfoss,59.721147,9.594435,-0.36600876
Isola serafini,45.089969,9.93657,-0.4522679
Spiez,46.69665104,7.664951472,-0.18622304
GOLESTI (Calinesti),44.807323,24.99551,-0.088628516
Livet-et-Gavet,45.0905,5.9188,-0.63656014
Sveg Sveg Hydroelectric Power Plant Sweden - Sveg Hydroelectric Power Plant Sweden,62.01812,14.2453105,0.10995271
Usta,60.567368,8.410259,-0.63503563
Osteren,69.311689,17.166028,-0.6312851
Venda Nova III / Frades II,41.692695,-8.027817,-0.5693805
Håen,63.113494,10.478311,-0.6447637
Solis,46.68192209,9.525213,-0.57830685
Licq atherey Licq-Atherey Hydroelectric Power Station France - Licq-Atherey Hydroelectric Power Station France,43.048,-0.886,-0.5475341
Gravfoss II,59.929421,9.946417,-0.39014062
Ustekveikja,60.529049,7.746783,-0.3569197
Osfallet,61.201663,11.506418,-0.6031468
Soazza,46.3424239,9.212166351,-0.69307244
Grunnåi,59.517958,8.671041,-0.6616454
Le Tech,42.4418,2.513,-0.7281128
Isolato Madesimo,46.443199,9.335009,-0.2623809
Ulset,62.621834,10.257691,-0.622474
Simmenfluh,46.67279879,7.622640841,-0.38127026
Arcesti,44.449583,24.312917,0.2779503
Le Palais-sur-Vienne,45.8737,1.3248,-0.67142916
BARAZAR 1,43.009998,-2.685,-0.7200252
VERNESTI,45.224081,26.733625,-0.28552786
Skravlåga,66.112053,13.53764,-0.439392
Osen,58.662373,6.617867,-0.6176291
Gresslifoss,63.053018,11.489542,-0.5700191
Silliboden,46.30442675,8.004178335,-0.615049
Isolato spluga ISOLATO SPLUGA,46.443064,9.334613,-0.3440961
Le Cannet-des-Maures,43.3739,6.3755,-0.5741761
Uvdal II,60.257442,8.92642,-0.63331825
Skogfoss,69.372953,29.694029,-0.47849727
Osdalen,61.992549,6.358703,-0.54020965
Seujet Seujet Hydroelectric Power Plant Switzerland - Seujet Hydroelectric Power Plant Switzerland,46.20311975,6.134471586,-0.16594292
Le Bourg-d'Hem,46.3006,1.8404,-0.68593544
Istrago,46.110463,12.880402,-0.44998673
BELESII,42.629002,-7.712,-0.07767483
Osbu,62.508165,8.473322,-0.25748956
Alto lindoso Alto Lindoso - G1 - Alto Lindoso Hydroelectric Power Plant Portugal,41.872,-8.2025,0.09001384
Alvadia,41.4564,-7.8103,-0.7722029
Vafos,58.895751,9.337293,-0.2771724
Sembrancher,46.079152,7.156727248,-0.4805411
Ulrichen,46.50312594,8.318531648,-0.4806241
Lazer le Lazer (Le) Hydroelectric Power Station France - Lazer (Le) Hydroelectric Power Station France,44.346,5.868,-0.4876267
Gravfoss I,59.931023,9.945466,-0.39755595
Osa,61.237602,11.517878,-0.41074228
MOVILENI,45.78295,27.341556,0.10662041
Galbeni,46.457917,26.952083,0.21077015
Seekraftwerk zervreila,46.57894959,9.119315564,-0.37386444
Vales,41.4419,-7.4985,-0.65607905
Vaksvik,62.450298,6.895947,-0.6307805
Lavours,45.8115,5.7724,-0.58988994
PROAZA 1,43.259998,-6.007,-0.64601225
Ormsetfoss,63.84787,10.682239,-0.7199673
Schlappin,46.88504801,9.878557901,-0.63945955
Valeira Valeira - G1 - Valeira Hydroelectric Power Plant Portugal,41.1605,-7.3742,0.17923802
Laval-de-Cère/Barrage de Brugale,44.9443,1.9359,-0.72953016
Valdra,59.727955,5.942801,-0.638477
Oltesvik,58.851993,6.123135,-0.32575914
Schiffmühle,47.48806753,8.267277979,-0.44036064
Torrão Torrao - G1 - Torrao Hydroelectric Power Plant Portugal,41.097355,-8.261137,-0.1310675
Laval cere & Laval de Cere  1 & 2 Hydroelectric Power Station France - Laval de Cere  1 & 2 Hydroelectric Power Station France,44.953,1.95,-0.5327761
GURA LOTRULUI,45.344738,24.275161,0.0058131837
Pintado,37.98416667,-5.95472222,-0.3278234
Oltedal,58.828059,6.055008,-0.6248511
Lasa,46.616614,10.700159,-0.2804928
Schiffenen,46.8827252,7.194219036,-0.12377128
Valen,59.82739,5.795447,-0.6873072
Ucanha,41.054,-7.7462,-0.6670388
Laval,45.2362,5.9815,-0.68942046
Grana,62.915995,9.680167,-0.650532
PUENTE BIBEY 4,42.3342,-7.2152,-0.6079466
Oldereid,67.129685,14.955136,-0.3038954
Schattenhalb,46.719447,8.184582968,-0.47809872
NOAPTES,45.125023,24.665071,-0.33541617
Touvedo Touvedo - Touvedo Hydroelectric Power Plant Portugal,41.8124,-8.354,-0.3722993
Larrau,43.01,-0.973,-0.73331946
Gogosu,44.622793,22.641357,-0.3884576
Govora,45.012083,24.29625,-0.11956697
Oksla,60.125942,6.568911,-0.59306955
Valken,67.119331,15.495843,-0.4474499
Lazzaro,43.69076,12.812658,-0.45802948
Govddesåga,66.923648,14.393596,-0.71230257
Schaffhausen,47.69312439,8.63042746,-0.100098506
Laroquebrou,44.9744,2.1934,-0.6906613
Valsøyfjord,63.121025,8.568069,-0.27237135
Oksebotn,60.738549,6.261966,-0.4656796
Sarelli,46.97709803,9.538658855,-0.5563464
Largue Largue Hydroelectric Power Station France - Largue Hydroelectric Power Station France,43.854,5.859,-0.23275883
Håverstad,58.505942,7.417104,-0.4806269
Arosa litzirüti,46.80004935,9.705911981,-0.5106777
Skollenborg,59.621986,9.667983,-0.5574887
Vamma,59.54261,11.169893,-0.1609667
Gosland,60.608276,6.344046,-0.5672739
Oftedal II,58.542997,6.709784,-0.45983076
Le piane,44.142257,11.163814,-0.43315732
Sambuco peccia,46.41564187,8.61147407,-0.6492421
Lardy Lardy Hydroelectric Power Station France - Lardy Hydroelectric Power Station France,44.662,2.583,-0.24900347
Arbon ARBON 1 - ArbonHydroelectric Power Plant Spain,43.477229,-6.730199,-0.44318897
Glomfjord,66.796875,14.000939,-0.2480904
Liptovská mara Liptovska MaraPS - Liptovska Mara Pumped Storage Hydroelectric Power Plant Slovakia,49.09823,19.48484,-0.240663
Torga,41.7061,-7.1175,-0.5849128
Oftedal I,58.542325,6.734958,-0.5722622
Vangjolo,60.603565,6.362556,-0.5650693
Sainte anne,46.53512976,7.08799404,-0.57566565
HPP Portile de Fier II,44.306999,22.568001,0.15150109
Håvardsvatn,60.10165,6.913308,-0.44996646
Laparan,42.6717259,1.7009906,-0.6014387
Offervann,70.360458,26.891966,-0.22940136
Sahli (Ruosalp),46.91761881,8.845498864,-0.57334757
Vangpollen,68.611578,15.58176,-0.16108368
Lantosque,43.9706,7.3049,-0.65182155
Terragido,41.2872,-7.7495,-0.5715024
Levane,43.552147,11.588433,-0.3767027
Nørlandselva,60.822291,5.381364,-0.3888429
Safien platz,46.67782429,9.315873833,-0.3913791
Sädvajaur sädva,66.467003,16.549485,0.30265352
Frunzaru,44.045417,24.57125,0.4733707
Langogne,44.7238,3.8338,-0.59172714
Vanndøla,61.599953,7.292476,-0.547609
Nyset,61.163283,7.750692,-0.32596716
REMOLINA 1,42.917,-5.05,-0.5994853
Hålandsfoss,61.330877,5.413983,-0.52848655
Ligonchio ozola,44.316254,10.341393,-0.60655504
SILS KHR,46.703999,9.466,-0.34009025
Varosa,41.1208,-7.7761,-0.3168396
GILAU (I and II),46.74472,23.37164,-0.30164996
Landry,45.5637,6.7617,-0.65737766
Uvdal I,60.243794,8.701658,-0.5828518
Nygård,68.475637,17.626088,-0.11543004
Venda Nova,41.6794,-7.9823,0.021800365
SEDRUN,46.639999,8.761,-0.4717053
São Pedro do Sul,40.7604,-8.0438,-0.6810388
Lanau Lanau Hydroelectric Power Station France - Lanau Hydroelectric Power Station France,44.891,3.003,-0.446891
HPP Portile de Fier I,44.673,22.532,0.09556113
Gjønaelva,60.260097,5.865826,-0.6290404
Torrejon,39.835871,-5.989523,-0.21568164
Høgefoss,58.951596,8.517097,-0.39244193
Nygard,60.892783,6.065015,-0.6084214
Rüchlig dotierzentrale,47.39942457,8.051028325,-0.476167
Laguiole,44.6943,2.8677,-0.7095522
Nye Verma,62.345564,8.046513,-0.59250325
MOROIENI,45.254715,25.41247,-0.62012327
Ryburg schwörstadt,47.58686194,7.83370777,0.13435638
Hønefoss,60.169989,10.25448,-0.30908242
Lacourt,42.9332,1.1708,-0.7605573
Augst,47.53676241,7.709688481,0.10257184
Nye Suvdøla,59.1495,8.815056,-0.5802392
FUGHIU,47.069443,22.070452,-0.39163622
Lovero,46.23777778,10.21527778,-0.7368377
Talhadas,40.647,-8.3177,-0.61912245
Russein,46.72028184,8.898568347,-0.48208183
La Soula,42.7225,0.41944444,-0.5573175
Nybuelvi,60.553377,9.183276,-0.5810155
Vassfossen,58.661989,8.062375,-0.5994667
Gjuva,60.929668,8.422985,-0.55460215
Ruppoldingen,47.31229156,7.877702174,-0.027617548
Sordo,41.26972222,-7.78861111,-0.40297982
BELESAR 1,42.628502,-7.7122,-0.22300518
La Roche-de-Rame,44.7659,6.617,-0.5519251
Vassenden,66.123043,13.257638,-0.5095054
Mallero,46.168995,9.869149,-0.19590703
Gjesdal,61.487222,6.120527,-0.55550236
Nybrufoss,59.667538,9.652135,-0.22335158
Høyanger K5B,61.218822,6.063635,-0.37569618
Skotfoss,59.207785,9.528109,-0.10003923
Rupperswil auenstein,47.41179666,8.11477179,-0.18892412
Ullestad,59.1262,6.270215,-0.48041704
Vila Cova,40.3797,-7.7283,-0.6158418
La Llagonne,42.5377,2.094,-0.6480187
FLORESTI (I and II),46.749503,23.476444,-0.1279861
Novle,59.831861,6.881373,-0.6847005
Vasstøl,59.708008,6.857516,-0.5433948
Rothenbrunnen,46.7699211,9.419593243,-0.3258706
BARRIOS DE LUNA 1 (MORA LUNA),42.85138889,-5.86416667,0.6939974
La Grave,45.0601,6.2836,-0.62739855
Malga ciapela,46.43392,11.976792,-0.43795946
"QUERENO GR, 1",42.417,-6.832,-0.3724008
Nore II,60.238241,9.00084,-0.46150196
Fasnakyle FASN-1,57.3272,-4.7946,-0.6671711
Rondchâtel,47.17103262,7.249745764,-0.63928014
Vassvikelva,59.913941,6.528615,-0.51358265
Hateg,45.59125,22.95875,0.53832364
Hpp bradisoru BRAD - Bradisor Hydroelectric Power Station Romania,45.3549,24.1053,0.2180305
La Bridoire,45.5299,5.7378,-0.6678107
Nore I,60.267223,8.959338,-0.23230183
Portas Las,42.11625,-7.212083,0.51800585
Lipovec Lipovec Hydroelectric Power Plant Slovakia - Lipovec Hydroelectric Power Plant Slovakia,49.13197,18.9114,-0.35655853
Robbia,46.34826422,10.06109217,-0.46181324
Aue dotierzentrale,47.46945285,8.309635082,-0.39933985
Gordona,46.292293,9.365335,-0.412764
Vaufrey,47.3405,6.9306,-0.62956643
Nordvik,62.869929,8.622095,-0.5878126
Couesque COUESQUE - Couesque Hydroelectric Power Station France,44.69609,2.58555,-0.18166353
Senhora do Salto,41.1274,-8.4324,-0.5162984
Ritom,46.51725677,8.675317564,-0.37522402
Norddalen,68.174304,17.919127,-0.4692883
Cornimont,47.9686,6.8651,-0.6306411
Senhora de Porto,41.56888889,-8.19611111,-0.3601011
REGUEIRO (MAO) 1,42.342999,-7.475,-0.6381464
Risi,47.09467832,9.056713556,-0.5351884
Arpasu,45.79375,24.595417,0.5031305
Nomeland,58.356703,7.904827,-0.3968999
Combe d'avrieux COMBE DAVRIEUX 1 - Aussois + Combe d'Avrieux Hydroelectric Power Station France,45.21348,6.72053,-0.305986
Vaugris Vaugris Hydroelectric Power Station France - Vaugris Hydroelectric Power Station France,45.495,4.826,0.22261442
Riddes,46.157692,7.209341,-0.3954184
BARCENA GR 1,42.57777778,-6.56083333,-0.3594521
Gravedona,46.146389,9.300937,-0.54387224
Ørteren,60.502923,7.862656,-0.2857975
SUGAG1 - Sugag (Tau) Hydroelectric Power Station Romania,45.776001,23.653999,-0.72231007
HPP-2 of the Cascade of the Kuban HPPs,44.3397,42.5067,-0.40576622
Pracomune,46.5478079,11.0070771,-0.6246963
Brügg,47.1191459,7.258099814,-0.16550344
Døla,63.951327,11.65664,-0.671487
Castasegna,46.33609811,9.515437008,-0.5973375
CASTREJON 1,39.852001,-4.474,-0.18765002
Deanie,57.4075,-4.84416667,-0.6222103
Tunnsjøfoss,64.690137,13.215878,-0.4088299
Calimanesti,45.074583,24.364583,0.004671558
Bodendorf mur,47.107688,14.065071,-0.3707091
Trysilfossen,61.750061,6.276408,-0.43615294
Ølmedal,59.499256,6.007593,-0.58473986
Devin Devin Hydroelectric Power Plant Bulgaria - Devin Hydroelectric Power Plant Bulgaria,41.72052,24.42502,-0.39820912
Novosibirskaya HPP,54.8503,82.9864,0.1385728
Døvikfoss,59.885624,9.909036,-0.33092877
"Poschiavino c,le",46.203898,10.133854,-0.46009356
CANELLES,41.958,0.634,-0.66195333
Dyrnesli,61.204094,5.811217,-0.39482543
Horná streda Horna Streda Hydroelectric Power Plant Slovakia - Horna Streda Hydroelectric Power Plant Slovakia,48.66046,17.85503,-0.25631726
Novotroitskaya HPP of the Cascade of the Kuban HPPs,45.3156,41.5311,-0.44665548
PENADRADA 1,42.854,-6.459,-0.7571168
HPP-2 Cascade HPP on the Tolmachyov River,52.6019,157.5031,-0.6518535
CHE RAUL ALB,45.156224,22.410357,0.34068233
Tryland,58.222591,7.335344,-0.6354194
Øljusjøen,61.003581,8.068592,-0.5601824
Bergstø,59.906073,6.497474,-0.527831
Dubnica Dubnica nad Vahom Hydroelectric Power Plant Slovakia - Dubnica nad Vahom Hydroelectric Power Plant Slovakia,48.96319,18.1451,-0.3217484
Cerna Principal,45.162083,22.732917,0.51288766
Pontecorvo,41.382916,13.686911,-0.4487508
Glendoe Hydro GLNDO-1,57.132999,-4.683,-0.6814043
Berild,62.447595,7.487445,-0.5618169
CARNESTI  II,45.546616,22.879027,-0.43720308
Kellerberg,46.67,13.6886,-0.66688293
Bodendorf paal,47.107717,14.065156,-0.37622175
Ondsk Hydroelectric Power Station,63.9174,34.1782,-0.41310814
Trollvikelva,69.525221,20.765212,-0.41984814
Øksenelvane,61.841527,5.802617,-0.2379917
Bergselva,69.299368,19.985893,-0.4466286
Ponte marm,46.376886,8.425713,-0.3868422
Egge,61.683966,6.521126,-0.6119129
AZUTAN,39.778999,-5.088,-0.20483401
CheLotru_LOTR1_CA - Lotru-Ciunget Hydroelectric Power Plant Romania,45.446999,23.768,0.1123537
KARDZHALI,41.6334,25.3381,-0.46300358
CAMARASA II 1,41.8749,0.8781,-0.25807637
Ust Illminsk (HPP),57.9683,102.6958,0.029978644
Gunibskaya HPP,42.4318,46.9879,-0.24054283
PONT DE REI 1,42.8384,0.739,-0.43101665
Uglich HPP,57.5275,38.2978,-0.32781464
Trollheim,63.001093,9.020321,-0.671873
Øgreyfoss,58.478973,6.030994,-0.41996503
Bürglen unterschächen,46.87652924,8.663371668,-0.40017977
Paleozerskaya HPP,62.4841,33.6737,-0.41566554
Buchs altendorf,47.15699679,9.467100771,-0.5850856
Ponte malon,46.5555556,12.4380556,-0.71637684
Verkhne-Svirskaya HPP,60.9204,34.1905,-0.43348497
Bischofshofen,47.407,13.2205,-0.11669774
Beznau,47.55780513,8.23714123,-0.00082515867
Domasa - DOMAŠA,48.9994658,21.6971662,-0.42487657
Colibita,47.165417,24.877917,0.1264474
Tolmachevskaya HPP-3,52.6286,157.4468,-0.42419794
Trollfjord I,68.362655,14.930794,-0.56824267
Åsmulfoss,64.677473,12.677895,-0.22293366
CINDESTI,45.272651,26.70468,-0.07914294
Ponte gardena,46.597121,11.530879,-0.33997047
Gotsatlinskaya HPP,42.5298,46.9177,-0.2648689
Rajan 1/2,40.26653611,20.52168611,-0.233644
Pavlodolskaya HPP,43.7085,44.5176,-0.046408955
PRADA 1,42.311001,-7.041,-0.42434806
CALDES 2,42.5046,0.8006,-0.4184545
Bjelland,58.405782,7.523531,-0.6650151
Gizeldonskaya HPP,42.9025,44.4601,-0.54669386
Trengereid,60.428801,5.623466,-0.32444185
Åskåra 2,61.801738,5.669953,-0.4138002
Beli Iskar + Mala Tsarkva + Simeonovo HPP,42.1373,23.5691,-0.2155133
Bingsfoss,59.989971,11.264708,-0.34637538
Aschach,48.3853,14.023,0.25206622
Ponte annibale,41.099714,14.220126,-0.42623287
Costeshti Stinka / Stanca,47.84125,27.225417,0.38073272
Pavlovskaya HPP,55.406,56.5556,-0.22041616
Knutfoss,64.522753,12.426384,-0.5701326
Broc,46.60985762,7.109306753,-0.5469149
Stalon Stalon G1 - Stalon Hydroelectric Power Station Sweden,64.94388889,15.83111111,-0.58297664
Dyrdalselva,61.116097,6.01307,-0.5902237
IVAILOVGRAD,41.5839,26.1075,-0.11317306
Trandal,62.262534,6.5004,-0.55441225
Åskåra 1,61.801738,5.669953,-0.4138002
SALAS,41.924,-7.943,-0.11161456
PONTENOVO 1,42.3746,-7.2351,-0.3963877
Farmhispania - Kozmálovce,48.26891,18.52822,-0.019931193
Ponte Vizzà,44.250215,9.679784,-0.5387933
Arnstein,47.0167,15.1667,-0.71006006
Bjerka,66.062707,13.997822,-0.59659314
Dynjanfoss,58.951934,8.394045,-0.49538252
Åselva,61.52042,6.340126,-0.57140857
Toverud,60.42073,10.384411,-0.49824902
Shkalle,41.579025,20.12165833,-0.44579345
C.H. SAHECHORES,42.6325,-5.2025,-0.45338243
Dversetelva,67.161093,15.405711,-0.49923056
Cumpanita,45.43642,24.57988,-0.57439154
Siriu,45.495417,26.250417,0.44043595
Gergebilskaya HPP,42.4542,47.0317,-0.16769959
Poduzhemskaya HPP,64.9117,34.2617,-0.31580845
Pont ventoux,45.141299,6.962786,-0.52831763
RIBADELAGO 2,41.9781,-6.1404,-0.3217859
Bjordalen,59.674243,8.558921,-0.5620578
DOBRESTI,45.309726,25.418143,-0.49029273
PORTO,42.161999,-6.921,-0.55372864
Tussa,62.107524,6.57182,-0.6691332
Tossevikelva,60.418858,10.049833,-0.5522972
Duvedalen,60.960885,5.48906,-0.6106704
Åsebotn,60.97561,6.063749,-0.5910415
SALIME 1 - Salime Hydroelectric Power Plant Spain,43.237,-6.847,-0.37273067
PORTODEMOUROS,42.855,-8.189,-0.27192345
C.H. RIALB 2.,41.93929,1.19562,-0.23389275
Pont st. martin,45.595361,7.794514,-0.48058584
Annabrücke Annabruecke Hydroelectric Power Plant Austria - Annabruecke Hydroelectric Power Plant Austria,46.561407,14.479829,-0.06588708
Verkhnetulomskaya HPP,68.6067,31.7478,-0.3618704
Qarrishta 1,41.21956111,20.30383333,-0.48894432
Røyrvikfoss,64.886275,13.562079,-0.35097745
DRAGOSLAVELE,45.33026,25.163888,-0.4672285
Tosdalen,65.28981,13.041161,-0.60867
Årøy I,61.276639,7.157259,-0.5093579
Putkinskaya HPP,64.9407,34.5407,-0.35487217
SIMILEASCA,45.187152,26.764864,-0.25325376
Bjølvo,60.440065,6.406111,-0.63302654
Dobšiná I-II,48.80591,20.38578,-0.259425
Pizzone,41.672525,14.036415,-0.65824884
Aldeadavila,41.209335,-6.686566,-0.34378073
Verkhoturskaya HPP,58.8532,60.7552,-0.16133985
C.H. MILLARES II GRUPO 1,39.25,-0.7667,-0.39240068
Sllabinje,40.96899722,20.51337222,-0.5374211
Rajakoski HPP,69.0228,29.0056,-0.33284324
CHE MOTRU,45.134775,22.806895,-0.4937754
Torsnes,60.239467,6.201726,-0.63540643
Bjørdal,62.134077,6.298791,-0.5956959
Årøy,61.27795,7.150454,-0.64669687
Zlatoličje Zlatolicje Hydroelectric Poqwer Plant Slovenia - Zlatolicje Hydroelectric Poqwer Plant Slovenia,46.44793,15.78693,-0.31760398
Gelbakh HEPP,43.1541,46.8521,-0.28796607
Daesti,45.17875,24.369583,0.1045926
Pieve vergonte,46.012976,8.260816,-0.5171383
Ujmani,42.940311,20.652053,0.118572116
Ezminskaya HPP,42.8388,44.6445,-0.23078665
Altenwörth Altenwoerth-KW - Altenwoerth Hydroelectric Power Plant Austria,48.374728,15.855343,0.2868445
Ajaure,65.509167,15.625556,-0.04199888
Rybinskaya HPP,58.0821,38.8249,-0.029539715
Torpa,61.006569,10.031814,-0.61355233
Årvik,60.17154,6.108996,-0.57541
C.H. ARNOYA,42.233093,-8.126675,-0.73071027
Alange,38.78625,-6.270417,0.2899491
Pietraporzio,44.343724,7.035322,-0.32217494
Verkterteriberskaya HPP,69.0912,35.0418,-0.38993737
Dragan remeti Dragan (Remeti) Hydroelectric Power Station Romania - Dragan (Remeti) Hydroelectric Power Station Romania,46.7889,22.7156,-0.041641466
Prelle,41.69380833,20.0131694,-0.57664496
Urdiceto,42.67719,0.270431,-0.52563953
Tonstad,58.658155,6.728166,-0.6403085
Årlifoss,59.686023,9.142329,-0.39506206
PORTODEMOUROS 1,42.855,-8.189,-0.27192345
Piedimulera,46.02408493,8.258972168,-0.3595355
Egorylykskaya HPP-2 of the Cascade of Kuban HPPs,45.1108,41.5506,-0.06321466
Altenmarkt,47.71944444,14.67222222,-0.24367896
Bjørkåsen,68.327861,16.786002,-0.6615966
Draganesti,44.177917,24.48375,-0.2937494
Egorylykskaya HPP of the Cascade of Kuban HPPs,45.0683,41.5967,-0.5351893
Driva,62.627288,8.893746,-0.6704273
Tolga,62.427683,11.086361,-0.57871383
Årdal Øvre,61.671474,6.424681,-0.5688157
Dokka,60.810641,10.135008,-0.26470914
Bjørgelva,69.144622,17.945353,-0.40510735
Pian della rocca,43.978948,10.545703,-0.5108127
Abwinden-Asten,48.248,14.4305,0.19935325
Tveitelva,60.164824,6.284669,-0.61679244
Ricobayo RICOBA II1 - Ricobayo Hydroelectric Power Plant Spain,41.5260254,-5.9845018,-0.056968298
CASTRO II - Castro Hydroelectric Power Plant Spain,41.575401,-6.1872,-0.14289598
Aguayo,43.095804,-4.000656,-0.59515107
Beznau-Wehrkraftwerk,47.5525,8.2286,-0.16073443
Fasnakyle Compensation Set,57.3272,-4.7946,-0.6671711
Bjørndalen,61.821713,5.799066,-0.42716748
Svartafors,58.450011,15.491865,-0.37428293
Toklev,59.362264,9.663048,-0.6436636
Åna-Sira,58.293734,6.453253,-0.43781427
Duge,59.128899,6.892177,-0.21736054
Pescara,42.213736,13.913504,-0.30746007
CEDILLO 1,39.663898,-7.54,-0.055542573
Tsimlyanskaya HPP,47.6061,42.1122,-0.025845893
Stenkullafors,64.29432,17.246873,-0.3333596
HPP-4 of the Cascade of Kuban HPPs,44.6647,42.0286,-0.20843644
Tokke,59.445572,8.040303,-0.62209964
Åmli-Nidelv,58.767697,8.48176,-0.2915001
Lura 1/3,41.81460833,20.21796944,-0.43836826
Dragefossen,67.023919,15.321611,-0.5867743
Bjørndalselva,61.5096,6.287082,-0.5314543
Perreres,45.876066,7.624305,-0.25557405
CENTRAL HIDRAULICA DOMENO,42.6758,-1.2395,-0.40908042
Barzia HPP,43.19,23.167,-0.72948456
ALBARELLOS GRUPO 1,42.4333,-8.1443,-0.51879036
Todøla,60.527584,9.177261,-0.6221317
Åmli-Gjøv,58.767746,8.481447,-0.39451241
Ribarroja Riba-Roja,41.2512192,0.4870597,-0.29824373
ZUJAR,38.917,-5.479,0.20859885
Peshqesh,41.705833,19.770278,-0.29908088
Penna,43.417645,11.723338,-0.44586486
Stadsforsen,62.990118,16.65472,-0.4225939
Oresheke,42.02874167,20.53076389,-0.48634765
Kleiva,59.739328,6.518956,-0.6274781
Hestefoss Kraftwerk,69.1175,29.2419,-0.16862625
Hällforsens,64.58337,18.69227,-0.28014702
Blådalselva,60.764629,5.385733,-0.5563114
Tolmachevskaya HPP-2,52.6054,157.4958,-0.5834495
Tjøtaelva,61.751706,5.951292,-0.45257032
Åmela,62.020561,5.839346,-0.58233094
Elan Valley Hydro Scheme,52.2946,-3.6144,-0.5515586
Pelos,46.5041667,12.4736111,-0.73544806
Dokkelva,62.679671,8.137279,-0.6983544
SUBCETATE,45.615251,23.012205,-0.007170984
Ikustsk,52.2367,104.3217,0.068669364
Villarino VLLRINO 1G - Almendra (Villarino) Hydroelectric Power Plant Spain,41.271328,-6.320278,-0.021332346
Stensele,65.054381,17.231956,0.087616555
Syversætre Foss,60.62985,12.030383,-0.45206073
Yerevan-3 HPP,40.1642,44.5009,-0.4837921
Tjøstheim,59.473793,6.473523,-0.64062494
Dale II,60.581955,5.823857,-0.6208411
Åmdal,59.363499,8.052367,-0.5967198
CERNADILLA,42.0208,-6.417,-0.3967337
Abelvattnet,65.545168,14.981899,-0.008169531
ARTIES 1,41.798,1.9543,-0.25981626
Tolmachevskaya HPP-1,52.6137,157.5746,-0.34114292
Pedesina,46.08189,9.549444,-0.48663566
Blåfalli III H,59.874602,6.073856,-0.63886166
Gabčíkovo Gabcikovo - Gabcikovo Hydroelectric Power Plant Slovakia,47.88004,17.53841,0.12748633
Usine du chanet,46.95925861,6.828886453,-0.66521406
Campocologno,46.231495,10.14443839,-0.4668634
Bisisthal,46.94662168,8.827997746,-0.58039856
Yerevan-1 HPP,40.191,44.484,-0.4282631
Tjørhom,58.881373,6.817814,-0.5823589
Blåfalli III L,59.874725,6.074131,-0.632361
Åkvisla,61.340634,10.341534,-0.4958833
CIJARA 1,39.373001,-5.016,-0.07933655
Villalcampo VILLALC 21 - Villalcampo Hydroelectric Power Plant Spain,41.491101,-6.084608,0.08831918
"Paterno' c,le",40.2333333,15.2333333,-0.5980458
Iovskaya HPP,66.6692,31.3894,-0.60286313
Kobbelv,67.621621,16.007076,-0.44834384
Earlstoun,55.11138889,-4.17444444,-0.6047988
Klisoura HPP,43.16859,23.15498,-0.49133027
Hoting,64.1167,16.1667,-0.64831936
Tatev,39.3956,46.2578,-0.4480763
Tjønnefoss,58.982861,8.533434,-0.54911447
Sylsjø,62.930266,12.151988,-0.29928002
Åkraelva,59.794126,6.093596,-0.6748374
COFRENTES HYDRO,39.247002,-1.094,-0.3025347
Blåfalli IV,59.930933,6.197613,-0.5259543
CORNATEL 1,42.471001,-6.813,-0.15034616
Pantano d'avio,46.178199,10.329159,-0.31108248
Scoreiu,45.77875,24.512917,0.2599728
Calancasca/Sassello,46.23920795,9.118549621,-0.66506886
Bocki,46.84096379,8.63214556,-0.6477384
Kalin + Kamenitsa + Pastra + Rila HPP,42.07,23.13,-0.7280146
Spandaryan,39.6494,45.85,-0.26421928
SCROPOASA,45.341494,25.430563,0.54287255
Tjodan,59.047854,6.647579,-0.37501398
Åbjøra,60.911585,9.368901,-0.5496462
Kokalyane HPP,42.58398,23.42819,-0.5941451
Irganayskaya HPP,42.7452,46.8316,-0.039290395
SASCIORI,45.821684,23.610768,-0.3553753
Pallanzeno,46.04202073,8.259487152,-0.4157082
Djupdal,59.939501,9.339152,-0.39864984
Bitsch,46.33364617,8.00759904,-0.428504
Valparaiso,41.993,-6.271,-0.17942986
Kaitakoski HPP,68.9386,28.6006,-0.099195525
Blåfalli V,59.919097,6.187562,-0.464671
Svetogorskaya HPP,61.1044,28.8394,-0.20617178
Shamb,39.4743,46.1306,-0.35757658
Tistedalsfoss,59.128023,11.43825,-0.5948874
Ytre Matre,59.823114,5.987583,-0.43149653
Valdecanas,39.77787,-5.612464,-0.13512813
Koprinka HPP (Kaplan),42.6125,25.3198,-0.23280203
Palazzolo sull'Oglio,45.61888889,9.90111111,-0.39106756
Stornorrfors Stornorrfors G1 - Stornorrfors Hydroelectric Power Station Sweden,63.85198,20.051344,-0.39028695
Horrmundsvalla,61.31305556,13.16,-0.53002185
The head HPP of the Ardon cascade of Zaramagh hydroelectric power stations,42.7053,43.9744,0.12581353
Syzran HPP,53.1484,48.4297,-0.31059298
The Palocorg hydropower plant,64.2218,34.3363,-0.31350052
Sevan,40.5522,44.9513,-0.44287875
Tinnkraft,59.989813,8.700788,-0.6367807
Kobbholm,69.762373,30.706416,-0.1385288
Kostolná Kostolna Hydroelectric Power Plant Slovakia - Kostolna Hydroelectric Power Plant Slovakia,48.86096,17.96874,-0.31264788
Dividalen,68.875556,19.560557,-0.61420643
Ytre Alsåker,60.384801,6.499802,-0.517919
Biasca,46.33498852,8.982649599,-0.6742026
Palazzo,39.799101,15.90748,-0.49009678
Blåfalli Vik,59.844023,5.994117,-0.5886112
Kamskaya HPP,58.1146,56.3289,0.07773278
Central Hidroelectrica de Conso,42.166873,-7.175245,-0.18348981
Ilava Ilava Hydroelectric Power Plant Slovakia - Ilava Hydroelectric Power Plant Slovakia,49.00567,18.23494,-0.2582476
Storfinfors Storfinnforsen Hydroelectric Power Station Sweden - Storfinnforsen Hydroelectric Power Station Sweden,63.597923,16.1205895,-0.08914261
Bergsbotn,69.433207,17.483038,-0.23271523
Tinfos II,59.565626,9.26308,-0.31842747
Kashhatau HPP of the Cascade of Nizhne-Cherekskiye HPPs,43.3304,43.6463,-0.3457763
Qanaqer HPP,40.2226,44.5134,-0.49230275
Central de l'embassament de Darnius Boadella,42.34038429,2.83505879,-0.55201817
Paisco,46.030996,10.345862,-0.30982533
VELLE GRUPO 2,42.3589,-7.851,0.314698
Cuileig Hydro Scheme,57.7633,-5.0392,-0.7046843
Hričov Hricov Hydroelectric Power Plant Slovakia - Hricov Hydroelectric Power Plant Slovakia,49.25737,18.68102,-0.032450657
Birsfelden,47.55986094,7.626364606,0.1915453
Storavan bergnäs krv,65.6833333,18.1666667,0.32796216
Tinfos I,59.568963,9.26405,-0.26222736
Harzdan,40.5078,44.7606,-0.41235724
CORTES 1,39.242199,-0.8782,-0.5197215
CERBURENI,45.192216,24.661323,-0.43170133
Vossedalselvi,60.646363,6.10383,-0.4746119
Sagefossen,61.614778,5.678216,-0.5309925
Central de l'embassament de La Baells,42.11826235,1.879835414,-0.58638984
Ozieri Monte Lerno,40.585962,9.001224,-0.29145178
Knyazhegub Hydroelectric Power Plant,66.8638,32.376,-0.30303353
Boen Foss,58.245048,8.1401,-0.15193252
Aleko Aleko Hydroelectric Power Plant Bulgaria - Aleko Hydroelectric Power Plant Bulgaria,42.1194,24.289,-0.47556168
Svistukhinskaya HPP of the Cascade of Kuban HPPs,44.7417,41.9011,-0.32188213
Timbra,61.752008,6.585757,-0.48091415
Arzni,40.2968,44.5875,-0.46877342
Bogna,64.228736,12.025878,-0.61857307
Voldsetelva,63.871533,10.796528,-0.5089911
Drumjohn,55.24805556,-4.32638889,-0.6220702
Orte,42.517131,12.523069,-0.48481473
Balsorano,41.80388889,13.55888889,-0.6042543
Berlifoss,58.945844,8.482479,-0.54898214
Hojum Hojum Hydroelectric Power Plant Sweden - Hojum Hydroelectric Power Plant Sweden,58.2802,12.2785165,-0.34458032
Kolymskaya HPP,62.0583,150.4167,-0.2672513
Bondo,46.33399639,9.55121329,-0.61806643
Alexander Stambolyski Hydro Power Site,43.1213,25.171,0.3791074
Tevla,63.39412,11.913236,-0.6138991
Viulfoss,60.194522,10.322398,-0.49664307
Errochty ERRO-1,56.707001,-4.02,-0.50426453
Kløvtveit,60.976254,5.280915,-0.44161192
Argel,40.3786,44.6069,-0.4267315
Bortel oberstufe,46.29345117,8.088158871,-0.6661249
Sage,61.482112,7.440386,-0.6258584
Orichella Timpagrande Calusia UP_ORTICA_1,39.17553,16.780345,-0.48119316
Deveggåe,60.251962,8.83648,-0.5543306
Hjalta,63.1837,17.0968,-0.40283915
Kondopoga Hydroelectric Power Station,62.1948,34.2617,-0.47542617
Dittielva,68.656321,18.784474,-0.53670603
Tenneelva,62.070161,5.830044,-0.5415566
Klosterfoss,59.198381,9.609542,-0.36570552
Shirokovskaya HPP,58.8345,57.7925,-0.1267975
Vittingfoss,59.474488,10.004542,-0.3095343
Vlushe,40.506225,20.310079,-0.4674316
Nus,45.7395178,7.4459142,-0.33381423
Ladce,49.04976,18.29794,-0.2850949
Sengileevskaya HPP of the Cascade of the Kuban HPPs,45.0175,41.6727,-0.1696908
Borgund,61.061044,7.822617,-0.5822921
Kirchbichl-M1,47.515999,12.088,-0.03954046
Hermansboda,62.5418,15.8434,-0.39346617
Unteraa lungerersee,46.82143519,8.174462349,-0.6950261
PEAREII,42.465,-7.724,-0.025695466
Tafjord 5,62.195096,7.517685,-0.032865368
Røstefoss,62.507535,11.263389,-0.44040912
Virakelva,68.377169,17.123301,-0.5999217
Vau i Dijes,42.0137,19.6359,-0.13544558
Nove,45.9766667,12.3033333,-0.41200116
Kongsfjord I,70.598729,29.057905,-0.5781997
Krasnopolyanskaya HPP,43.6629,40.1744,-0.48916215
HPP Tsankov kamak,41.83225,24.42183,-0.34954005
Kongsfoss,59.89513,9.911384,-0.5485655
Serebryanskaya HPP-2,68.9869,35.6978,-0.12226073
Central de l'embassament de Pasteral I,41.98449599,2.600532576,-0.2736845
Borregaard,59.276365,11.129869,-0.17505966
Kráľová Kralova Hydroelectric Power Plant Slovakia - Kralova Hydroelectric Power Plant Slovakia,48.19048,17.8285,-0.18768081
Tafjord 4,62.232343,7.429693,-0.51411474
Krpeľany Kreplany Hydroelectric Power Plant Slovakia - Kreplany Hydroelectric Power Plant Slovakia,49.12796,19.0955,-0.12285622
Vinkelfallet,61.532876,10.141178,-0.5368207
Ulez,41.6796,19.8936,0.13927698
Bannwil,47.22937261,7.732298272,-0.0005772545
"S,EST IIG1",42.414001,-7.6496,0.1611376
Nembia,46.076602,10.908474,-0.31715584
Bolarque 1/2/3,40.362584,-2.819307,-0.30239287
Klaus,47.8314,14.1572,-0.46066236
Brummbach linthal,46.92764054,9.002303541,-0.43124887
Tafjord 3,62.149826,7.43549,-0.5816836
Unteraa melchaa,46.87706055,7.998592231,-0.70071507
Dinorwig,53.118744,-4.113624,-0.45581603
Vinje,59.625305,7.853282,-0.6429608
Topojan 1/2,41.98756111,20.52793889,-0.4944071
Krasnoyarsk,55.9367,92.2956,0.1626656
Central de l'embassament de Sant Ponç,41.96268329,1.605051744,-0.026262304
Nazzano,42.20055556,12.61138889,-0.23769024
Hylte,57.0025,13.26333333,-0.157727
Naturno UP_CNTRLNTRNO_11,46.651148,10.993403,-0.39914894
Nizhnetulomskaya HPP,68.8217,32.8192,-0.2655751
Batak Batak Hydroelectric Power Plant Bulgaria - Batak Hydroelectric Power Plant Bulgaria,41.91922,24.19305,-0.5881671
PAMPANEIRA 1,36.939999,-3.343,-0.5634548
Krivoporozhskaya HPP,65.0334,33.6675,-0.3068728
Tafjord 2,62.205012,7.445873,-0.60536194
Dalsfos,58.96678,9.313175,-0.5115142
Vindedal,61.121005,7.330941,-0.15131497
Stravaj 2,41.0057,20.425,-0.58378404
Bözingen,47.15450871,7.266550789,-0.49275762
Culligran,57.42555556,-4.7025,-0.6033418
VIELHA 1,42.70888889,0.79722222,-0.33630776
Central de l'embassament de Sau,41.96761928,2.414154641,-0.32509214
Dalvatn,59.690494,6.570213,-0.46345302
Tya,63.032098,11.703237,-0.609546
Braskereidfoss,60.706254,11.791752,-0.11143197
CURTEA DE ARGES,45.144537,24.670473,-0.16690913
Dauremål,61.829094,5.78213,-0.34253445
Alarcon Alarcon Hydroelectric Power Plant Spain - Alarcon Hydroelectric Power Plant Spain,39.565,-2.113056,-0.123156875
Tafjord 1,62.226405,7.421345,-0.49864283
Kuban (Kurshavskuyu) Pumped Storage Power Plant Russia,44.2269,42.3436,-0.3802959
Vikeså,58.640929,6.08579,-0.60283935
Dalchonzie,56.3734,-4.0411,-0.64560276
Harsprånget Harspranget G1 - Harspranget Hydroelectric Power Station Sweden,66.885309,19.818399,-0.17764439
Dalelva,60.12831,6.233554,-0.3580443
Central de l'embassament de Susqueda,41.98538029,2.571035327,-0.57977647
CHE MALAIA,45.35365,24.02453,-0.31451923
Urspring,47.71598,10.825785,0.32376176
Saratovskaya HPP,52.0481,47.7622,0.060322322
Mucone,39.4716,16.4056,-0.6578797
Bremgarten zufikon,47.34365443,8.345628025,0.014309348
Søråni,58.849841,7.819366,-0.60779697
VILLANUA,42.706001,-0.52,-0.57383615
Muschioso,44.295555,10.570198,-0.5720605
Braunau-Simbach,48.244,13.006,0.41536114
Serebryanskaya HPP-1,68.8426,35.5683,-0.31830323
Uppenborn 2,48.5152,12.101,-0.3910706
Chanza,37.5586685,-7.520417,0.25593343
Sørfjord II,68.037607,16.690698,-0.115214474
Visegrad Hydroelectric Power Plant Bosnia and Herzegovina,43.7603,19.2891,0.25325093
Dolgarrog,53.1912,-3.8426,-0.35010135
Brattingfoss,64.046234,11.082015,-0.6119402
Kuban-1 (Kurshavskuyu) Hydroelectric Power Plant Russia,44.2764,42.4722,-0.37345302
Trebinje II Hydroelectric Power Plant Bosnia and Herzegovina,42.7066,18.3805,-0.24336855
Bärenburg,46.59019154,9.421427226,-0.16057937
Brigels tavanasa/Mutteins,46.75806217,9.071746229,-0.535881
Muzzone Coghinas ,40.719766,9.101024,-0.3471517
Uppenborn,48.473474,11.95481,-0.22147264
Tunnsjø,64.695063,13.64173,-0.643066
Kuban-3 (Barsuchkovsky) Hydroelectric Power Plant Russia,44.6006,42.2319,-0.32875812
Sørfjord I,68.060656,16.668725,-0.3299378
Stugun,63.1625,15.6245,-0.41042745
Kopswerk I - Kops I Hydroelectric Power Plant Austria,46.976121,10.05145,-0.6422094
Harrsele,64.000342,19.566667,-0.6442254
Kolsvik,65.209196,12.796868,-0.5993429
CASTRELO GRUPO 1,42.2917,-8.1136,-0.32794508
Bratsberg,63.357887,10.447937,-0.69816387
Bärenwerk,47.2166667,12.8166667,-0.60990644
Brennerwerk-M1,47.126999,11.453,-0.18661678
Shkopet,41.6796,19.8305,-0.67994463
Unteropfingen,48.0612649,10.1284379,-0.59334046
Trælandsfos,58.348279,6.964348,-0.42905927
SOMES CALD,46.73178,23.35068,-0.47074074
Myllykosken vesivoimalaitos VVA2,60.76694444,26.77111111,0.0056611695
Porsi Porsi G3 - Porsi Hydroelectric Power Plant Sweden,66.428961,20.653796,-0.28071406
COSTISA,46.770213,26.61912,-0.39301455
Langed,58.924253,12.307601,-0.46319953
Montta,64.82055556,26.01388889,-0.2863812
Langbjörn Langbjorn Hydroelectric Power Plant Sweden - Langbjorn Hydroelectric Power Plant Sweden,63.6366335,16.78694,-0.68184334
Fivelandselva,59.674717,6.418735,-0.62552226
Prästforsens krv,60.668611,17.076944,-0.4644608
Gargilesse-Dampierre,46.5061,1.6202,-0.67746454
Wolfenschiessen,46.9032,8.3942,-0.5509388
Merikoski,65.02166667,25.4825,-0.34640074
Lanforsen,60.53111111,17.41638889,-0.40202385
Melo,61.462083,23.437917,-0.38707906
Germ,42.7767,0.4407,-0.62136894
Landafors,61.25,16.6333333,-0.6460722
Kjosfoss,60.747019,7.134844,-0.46833086
Ramsele,63.541981,16.45496,-0.4744793
Genissiat GENISSIAT - Genissiat Hydroelectric Power Station France,46.05271,5.81285,0.025451368
Matarakoski,67.5847,26.7453,-0.14270788
Randi,66.706406,19.516481,-0.21712491
CLABUCET,45.5661,25.0937,0.11576764
Laholm,56.5121,13.0437,-0.31310496
Tiefencastel west,46.66440166,9.562703474,-0.368253
Wildegg brugg,47.46884602,8.169881131,-0.43060645
Mankala,60.92694444,26.26805556,-0.17515634
Morasco,46.376886,8.425713,-0.3868422
Rebnisjaure rebnis krv,66.499046,17.107241,-0.62398976
Sagelva,63.462784,11.512801,-0.49731046
Laforsen,61.937373,15.521949,-0.45218375
Gerstheim GERSTHEIM - Gerstheim Hydroelectric Power Station France,48.40385,7.72775,0.14717475
Fjellet,59.400865,9.550383,-0.5693263
Maalismaa,65.31083333,25.69361111,-0.34550935
Kymmen,59.974327,12.757321,-0.0040559443
Rengard,64.933513,20.046481,-0.5282903
Wiesti,46.02437926,7.752570265,-0.28656977
Lieksankoski,63.3362,30.03768,-0.52906394
Gervans Gervans Hydroelectric Power Station France - Gervans Hydroelectric Power Station France,45.136,4.806,0.07052519
Kvistforsen,64.744883,20.863433,-0.49762577
Montorio UP_MONTORIO_1,42.58555556,13.70888889,-0.5869485
Wassen,46.7156914,8.610146972,-0.4974848
Ritsem Ritsem G1 - Ritsem Hydro Power Station Sweden,67.729796,17.48494,-0.2809725
Verzasca tenero,46.18165823,8.853309454,-0.52337056
Leuhunkoski,62.66777778,25.26916667,-0.34062842
Kjensvatn,66.057335,14.243865,-0.5450793
Kvarnsveden,60.4858035,15.43714285,-0.33255997
Rottnen,59.7925,13.10166667,-0.54561496
Leppikoski,64.45555556,27.88722222,-0.31686044
Gignac,43.66361111,3.55722222,-0.23122114
Krångede Krangede Hydroelectric Power Plant Sweden - Krangede Hydroelectric Power Plant Sweden,63.14623,16.0706,-0.1772435
LSV Harjavallan vesivoimalaitos,61.33777778,22.11555556,0.1068241
Juveln,63.7167,13.15,0.07919103
Rebordelo,41.7556,-7.1764,-0.4087055
Kuusankoski hydropower plant,60.9075,26.64944444,-0.32264602
Skogaby,56.530556,13.183333,-0.54248
NUEVO CHORRO,36.914799,-4.771129,-0.1155867
CLOPOTIVA,45.498403,22.842011,-0.52877903
Vedeld,62.182051,5.793378,-0.5881287
Raiva Raiva - Raiva Hydroelectric Power Plant Portugal,40.3095,-8.2488,-0.019169647
Kuurna,62.70527778,29.8725,-0.37574667
Fjelna,63.199304,9.006507,-0.63618165
Juktans Storjuktan- Dammen,65.292975,17.2233,-0.28816545
Golinhac Golinhac Hydroelectric Power Station France - Golinhac Hydroelectric Power Station France,44.606,2.605,-0.6069024
Nansa Falls (Peña de Bejo hdam - Rozadio ror - Celis ror - Herrerías ror),43.133094,-4.3884443,-0.29283518
Skymnäs,59.94472222,13.53166667,-0.26231173
Giuncaggio,42.1921,9.3824,-0.6602509
Pracana Pracana - Pracana Hydroelectric Power Plant Portugal,39.5649,-7.8123,-0.09273244
Kurkiaska,67.285,26.72861111,-0.50699246
OLIANA 3,42.12055556,1.30694444,0.71861917
Hölleforsen,62.950833,16.667778,-0.032267462
Ponte do Bico,41.6062,-8.4271,-0.20015849
Kurittukoski,67.85861111,26.71472222,-0.07178455
Montelungo,41.405919,13.985517,-0.58296853
Gour Noir (Le) Hydroelectric Power Station France - Gour Noir (Le) Hydroelectric Power Station France,45.071,2.067,-0.6685487
Soderfors,60.3833,17.2333,-0.53961235
Fjone,59.21679,8.451892,-0.45898476
Ponte de Jugais,40.3848,-7.705,-0.6927064
Kuokkastenkoski,63.54111111,28.95361111,-0.64152986
MERISANI,44.956083,24.763985,-0.3767745
ORELLANA,38.986,-5.538,0.14254168
Montjovet,45.707963,7.67411,-0.37074995
Pocinho Pocinho - G1 - Pocinho Hydroelectric Power Plant Portugal,41.1343,-7.1141,0.018154608
Kuhankoski,62.37583333,25.9475,-0.21098365
Höljes Holjes Hydroelectric Power Station Sweden - Holjes Hydroelectric Power Station Sweden,60.9509665,12.545216,-0.18313472
Grand maison GRAND MAISON 1 - Grand Maison Pumped Storage Hydroelectric Power Station France,45.20597,6.11719,0.212599
Pinhel,40.8243,-7.0832,-0.5627105
Korkeakoski,60.53138889,26.9075,-0.23666753
Solleftea,63.167911,17.277051,-0.2934021
Blybergs kraftverk,61.146912,14.146147,-0.2586702
Picote I / Picote II,41.379,-6.3525,-0.26520553
Kolsi,61.27333333,22.355,-0.11141576
Grandrif,45.5205,3.8348,-0.6702561
Veytaux,46.4198999,6.9287696,-0.49596202
Boden Boden Hydroelectric Power Station Sweden - Boden Hydroelectric Power Station Sweden,65.8078,21.6716,-0.020818697
Kokkosniva,67.22305556,27.32111111,-0.05245354
Pereira,40.9199,-7.9648,-0.6723456
Kjeldalselva,69.290812,19.910354,-0.5083285
Veiski,67.331657,15.976916,-0.07685604
Faimingen,48.558394,10.411764,-0.1916599
Penide,41.5489,-8.5372,-0.33620209
Kiltua,63.828,27.8391,-0.6026214
"Vissoie ""groupe auxiliaire""",46.20993765,7.585969834,-0.38168603
Penacova,40.2975,-8.2487,-0.5473887
Killinkoski,62.4,23.8667,-0.43187794
Grangent Grangent Hydroelectric Power Station France - Grangent Hydroelectric Power Station France,45.467,4.248,-0.18900155
Järkvissle,62.80183,16.637707,-0.6696537
Monastero,46.171791,9.430139,-0.5535542
Skoga,60.04472222,13.52805556,-0.5398711
Grandval Grandval Hydroelectric Power Plant France - Grandval Hydroelectric Power Plant France,44.9219,3.0745,-0.14326711
Vouvry,46.33612447,6.881481154,-0.5700964
Pego do Altar,38.418,-8.3919,-0.1018283
Kierikki,65.35944444,25.91,-0.5924643
Fjæremsfoss,63.321965,10.436126,-0.5362572
Skedvi,60.398171,15.808669,-0.43114835
Järnvägsforsen,62.48861111,15.55444444,-0.5990069
Pedrógão,38.1101,-7.6296,0.06849518
Keltti hydropower plant,60.87361111,26.61444444,-0.03757042
Guchen,42.8567,0.3213,-0.73017156
Järpströmmen,63.344498,13.460305,0.056187853
Kelukoski,67.45555556,26.59833333,-0.22553264
Paradela Paradela - Paradela Hydroelectric Power Plant Portugal,41.7686,-7.9504,-0.0026528137
Skallböle,62.364099,16.962161,-0.3135109
Moline,46.058609,11.786595,-0.4393584
Ovadas,41.0558,-8.2487,-0.62045383
Kattilakoski,63.47,23.30638889,-0.5877022
Karsefors,56.501729,13.11362,-0.4681427
Zvornik Hydroelectric Power Plant Serbia - Zvornik Hydroelectric Power Plant Serbia,44.3679,19.1067,0.18159786
Flatenfoss 2,58.629922,8.688104,-0.12371318
Odivelas,38.1852,-8.1153,-0.15045552
Katerman vesivoimalaitos,64.09611111,28.97388889,-0.42283598
Banja / Banjë,40.96,20.068,0.26867118
Kattstrupeforsen,63.326439,14.579856,-0.28928328
Hauteluce,45.7642,6.6156,-0.6560481
Waldhalde,47.17916527,8.628475867,-0.61475843
Skagern – gullspang,58.986325,14.106716,-0.43439227
Kjela,59.736731,7.434555,-0.57752585
Nunes,41.825,-6.9544,-0.6003944
Hautefage Hautefage Hydroelectric Power Station France - Hautefage Hydroelectric Power Station France,45.06,1.994,-0.761495
Karjalankoski,63.04472222,28.30416667,-0.5002605
MANICESTI,45.027604,24.704904,-0.41221616
Maën Perreres,45.8717692,7.6067958,-0.56575876
Kilforsen Kilforsen Hydroelectric Power Plant Sweden - Kilforsen Hydroelectric Power Plant Sweden,63.5423,16.7629,-0.3738205
Gaillac,43.9165,1.8862,-0.5862447
Montargil,39.0542,-8.1766,-0.0815727
Kaltimo,62.807917,30.179583,0.12429582
ASHTA 2,42.01168611,19.55194167,0.18178889
Morino,41.87305556,13.45583333,-0.58479774
MIHAILESTI,44.327175,25.946302,-0.43407363
Walibach,46.45215195,8.215139487,-0.5115721
Gambsheim,48.682,7.919,0.33256555
Miranda,41.4886,-6.2656,-0.30783695
Sils,63.73444444,16.42583333,-0.648038
Kaitfors,63.694,23.4009,-0.59030783
Kinna,57.509323,12.683843,-0.5565635
Kiste,59.242816,9.811942,-0.59824395
Meimoa,40.2597,-7.1389,0.049557105
Hermillon HERMILLON,45.28424,6.35799,-0.15133177
Kaihua,66.35,26.85,-0.666531
Sillre,62.77138889,16.71027778,-0.57873064
Untra,60.43888889,17.34,-0.5150757
Molare,44.613917,8.606257,-0.60399973
Maranhão,39.0152,-7.9756,-0.12624641
Klippen,65.88888889,14.98944444,-0.5235034
Kaaranneskoski,66.647,24.4266,-0.588851
Mese UP_MESE_1,46.304613,9.376503,-0.35132262
Sikfors,65.525764,21.183168,-0.31315768
Korsselbränna,64.467447,15.532646,-0.607408
Hillion,48.5028,-2.6463,-0.6172579
Lindoso,41.8595,-8.2704,-0.5471727
Kinnforsen,66.127928,13.61361,-0.45988584
KAVO Koivukoski III,64.22333333,27.78444444,-0.44946027
Lugasu,47.059583,22.30375,-0.3557961
Krakerud,59.97972222,13.56361111,-0.4201833
Janeiro de Cima,40.0655,-7.8055,-0.5044685
Jylhama,64.57875,26.76625,-0.6245486
Selsfors,64.74194444,20.63055556,-0.17438968
Flatenfoss 3,58.629862,8.687982,-0.09024518
Wernisberg,46.99621882,8.651244257,-0.540594
Hospitalet l' Hospitalet (L') Hydroelectric Power Station France - Hospitalet (L') Hydroelectric Power Station France,42.588,1.797,-0.2985995
Inverno da Calheta,32.7215,-17.1789,-0.31784922
Juotas,63.5,22.5333,-0.5089706
Krangfors,64.75,20.4666667,-0.5921908
Kinso,60.351842,6.757931,-0.48698995
Wettingen dotieranlage,47.45672815,8.32116358,-0.20015772
Meduno,46.2180556,12.7980556,-0.49231982
Jumisko,66.3333,28.15,0.1657139
Seitevare Seitevare G1 - Seitevare Hydroelectric Power Station Sweden,66.976846,18.573706,-0.08757599
Idanha-a-Nova,39.9447,-7.2011,-0.27571294
Blasjön,64.74166667,14.25444444,-0.6490185
Krokströmmen Krokstrommen Hydroelectric Power Plant Sweden - Krokstrommen Hydroelectric Power Plant Sweden,62.04222222,14.89805556,-0.4111834
Juankoski,63.0675,28.33861111,-0.30355385
Flittig,59.323002,9.53647,-0.61083156
Guilhofrei,41.5811,-8.1428,-0.7055072
Kroppstadfors,59.75833333,12.35972222,-0.4170669
Isohaara,65.797083,24.549583,-0.4553953
Raduszec Stary,52.0293,15.0719,0.011245227
Rusfors,64.717559,18.242239,-0.5222237
Allement Allement Hydroelectric Power Station France - Allement Hydroelectric Power Station France,46.112,5.422,0.091718614
Ardon,46.216721,7.256573,-0.3645882
Niingen,68.53702,17.028627,-0.47896576
Arniberg,46.76899448,8.665904129,-0.7058423
Rheinau,47.63891024,8.601661178,-0.53627783
Vemundsbotn,60.857432,5.696332,-0.54369
Babeni,44.920417,24.250417,0.48834687
Albaret-le-Comtal,44.8674,3.1442,-0.7173393
Beresti,46.187083,27.18375,0.4641039
Neverdalsåga,66.822241,13.980626,-0.4249379
Vrhovo HE Vrhovo 1 - Vrhovo Hydroelectric Power Plant Slovenia,46.04415,15.22365,-0.051903747
Curbans CURBANS - Curbans Hydroelectric Power Station France,44.42078,6.02016,0.13083714
Reichenau,46.83773371,9.447331014,-0.12982774
Aigle AIGLE 6 - L'Aigle Hydroelectric Generating Station France,45.24373,2.22483,-0.06666761
PETRESTI,45.906206,23.558358,-0.1749662
Cusset jonage Cusset-Jonage Hydroelectric Power Station France - Cusset-Jonage Hydroelectric Power Station France,45.79,5.025,0.18869294
Småvatna,69.684261,22.154025,-0.3201879
Nessane,61.13531,6.272163,-0.42125916
Varilhes,43.0551,1.6343,-0.72863466
Refrain,47.18769382,6.873117372,-0.6114924
Gallicano,44.057349,10.4452,-0.49041703
SAN PEDRO 2,42.45222222,-7.71361111,-0.23362732
 Centrale Hydroéléctrique d'Arrens,42.9474,-0.2179,-0.65398943
SAN JUAN 1,40.373001,-4.312,0.12182835
Vengåa,62.558565,7.842979,-0.50981224
Neselva,61.694729,6.373533,-0.37813535
"Realta, Rothenbrunnen",46.764823,9.417847,-0.5094586
SAN AGUSTIN 1,42.15333333,-7.07,-0.7127156
Vuolenkoski ve,61.07972222,26.1825,-0.34191665
Venna,63.34793,9.281183,-0.69837254
Nes,60.603391,9.064691,-0.6575386
DONZERE MONDRAGON - Bollene Hydroelectric Power Station France,44.304001,4.742,0.1395732
Rathausen,47.0817754,8.314332515,-0.34596694
BUHUSI,46.722069,26.671456,-0.37608895
Voikkaa hydropower plant,60.93833333,26.5975,-0.15469249
Vesle Kjela,59.787693,7.251534,-0.52822334
Val beynette Val Beynette Hydroelectric Power Station France - Val Beynette Hydroelectric Power Station France,45.416,2.372,-0.34627578
SACADAT,47.066488,22.148016,-0.36946455
Nedre Vinstra,61.564563,9.792926,-0.6676102
PITESTI,44.845314,24.904656,-0.11212466
Pradella,46.80481973,10.33134418,-0.28286704
Solkan HE Solkan 1 - Solkan Hydroelectric Poqwer Plant Slovenia,45.98441,13.65506,-0.1802092
Verla 1 ja 2,61.06277778,26.63972222,-0.4568825
Hovland,61.593455,5.443195,-0.6164555
Aegina,46.46817414,8.369523304,-0.47912428
Nedre Tessa 2,61.846032,8.961143,-0.48938477
Ponte brolla,46.18559009,8.751208893,-0.3792475
BRETEA,45.667992,23.001966,-0.34752628
Veslefallet,61.383113,11.142157,-0.61756825
Vanttauskoski,66.36875,26.689583,0.1858681
PLOPI,45.63866,23.011972,-0.4059899
Nedre Tessa 1,61.846025,8.96078,-0.49575078
Pont de la Tine,46.34778507,7.044325779,-0.6305244
Plave HE Plave - Plave II Hydroelectric Poqwer Plant Slovenia,46.05256,13.60608,-0.3042159
Hunderfossen,61.219683,10.439034,-0.5251045
Valajaskoski,66.424004,25.540001,-0.12486881
Smådøla,61.736211,8.936282,-0.59434557
Vessingfoss,62.996363,11.826643,-0.60461223
Nedre Svultingen,61.154509,5.350066,-0.60514885
Grytten,62.500671,7.776139,-0.5373419
Plons,47.05405739,9.40001024,-0.4975541
Vajukoski,67.69611111,26.80444444,-0.18227755
Egets Egets Hydroelectric Power Station France - Egets Hydroelectric Power Station France,42.955,0.565,-0.739397
Gardona,46.597121,11.530879,-0.33997047
Nedre Røssåga,66.052027,13.774634,-0.6656873
Luzenac,42.7199,1.7426,-0.69401395
Plessurwerk,46.84043063,9.542505418,-0.5275832
Vaaja,62.24472222,25.88722222,-0.49109048
Am löntsch,47.05663848,9.049114634,-0.50211924
Domène,45.2044,5.8371,-0.46992588
BASCOV,44.89636,24.847892,-0.1449923
BAICULESTI,45.058839,24.688304,-0.4079897
Nedre Porsa,70.401409,23.627292,-0.596909
Plan dessous,46.49920897,6.385808677,-0.6409393
Utanen,64.73638889,26.47777778,-0.27939272
Eguzon Eguzon Hydroelectric Power Station France - Eguzon Hydroelectric Power Station France,46.455,1.613,-0.471843
Nedre Otta,61.792927,9.383549,-0.56677794
Valentine,43.09666667,0.70083333,-0.3664225
Piottino,46.43833096,8.83996336,-0.35012943
Uljua,64.3333,25.85,-0.66827655
Vestfossen,59.733039,9.872011,-0.41937822
Viddal,62.138258,6.611988,-0.63864434
Nedre Nea,63.155303,11.235879,-0.6734576
Pintrun,46.815254,9.348688,-0.6189382
Ožbalt HE Ozbalt 1 - Ozbalt Hydroelectric Poqwer Plant Slovenia,46.57729,15.40599,-0.14094357
BACAU,46.541997,26.948323,-0.28375715
Tyrvään vesivoimalaitos,61.32861111,22.84694444,-0.1701368
Amsteg,46.76675965,8.672923364,-0.58197534
HE Moste 1 - Moste Hydroelectric Power Plant Slovenia,46.417,14.133,-0.6996266
Paltinu,45.249583,25.735417,0.6284164
Nedre Markevatn,61.462957,5.322115,-0.20701602
Peuffeyre,46.26598336,7.061717565,-0.6404561
Uzerche,45.4242,1.5653,-0.5452966
Tampella ve,61.5037,23.7659,-0.29786122
Grønsdal,60.44001,5.860706,-0.6765409
Gargnano UP_GARGNANO_1,45.703881,10.686097,-0.27475873
Nedre Leiråga,66.441674,13.86279,-0.39658028
 Aguieira - G1 - Aguieira Hydroelectric Power Plant Portugal,40.340285,-8.196778,0.073592044
Petite vaux,46.488904,6.40504,-0.5655522
Avrig,45.745417,24.39125,-0.014384107
Vestrebotn,60.995104,5.722891,-0.40157348
Tammerkoski,61.4991,23.7871,-0.2470247
Piatra Neamt,46.932917,26.337917,0.2680111
Enchanet Enchanet Hydroelectric Power Station France - Enchanet Hydroelectric Power Station France,45.082,2.194,-0.5133366
Nedre Fiskumfoss,64.543207,12.454644,-0.22633691
Palü,46.37249504,10.02897447,-0.50526494
Entraygues-sur-Truyère,44.6548,2.5787,-0.745553
Budeasa,44.91625,24.82125,0.2839752
Taivalkoski,65.931,24.714001,-0.053764086
Foyers falls Foyers FOYE-1 - Foyers Pumped Storage Power Station Scotland UK,57.2553615,-4.493152,-0.44883937
Gerosa,42.957348,13.412282,-0.38882858
PANGARATI,46.925769,26.215466,-0.22305788
Grøslandselva,60.417901,9.375481,-0.6257674
Vemork,59.86944,8.493679,-0.5506735
Nedre Bersåvatn,60.168571,6.671918,-0.31757167
Kachlet,48.5797112,13.4082738,-0.05574836
Pallazuit,45.98108849,7.189492432,-0.12874594
Mokrice,45.87102,15.67196,-0.27100292
Garbhaig Hydro Scheme,57.6813,-5.5196,-0.6776555
Tainionkoski Tainionkoski Hydroelectric Power Plant Finland - Tainionkoski Hydroelectric Power Plant Finland,61.210576,28.782635,-0.34171018
Spjutmo,61.083948,14.318083,-0.38325274
Zielisko,51.62166667,14.76111111,-0.5081788
Racaciuni,46.337083,27.04625,0.57789767
Suldal I,59.651863,6.824512,-0.59537876
Forno zoldo,46.34083333,12.20111111,-0.4767323
Nedalsfoss,62.957739,12.098549,-0.52253264
Eygliers Eygliers Hydroelectric Power Station France - Eygliers Hydroelectric Power Station France,44.672,6.65,-0.3969196
Orsières,46.02109359,7.142307646,-0.53612226
Melje Melje Hydroelectric Poqwer Plant Slovenia - Melje Hydroelectric Poqwer Plant Slovenia,46.56087,15.67309,-0.0913948
Seitenoikea,64.59222222,28.41611111,-0.2889068
Grøvla,61.499777,5.975762,-0.4936543
Eymoutiers,45.7111,1.7405,-0.66453415
Nea,63.032064,11.703242,-0.6095844
Olivone,46.53967951,8.949111449,-0.65629315
Suldal II,59.651863,6.824512,-0.59537876
Seitakorva,66.40583333,27.33027778,-0.0088638365
SEROS II 1,41.46861111,0.46194444,-0.48157188
Slunkajavrre,67.807909,16.115713,-0.61680675
Włocławek Wloclawek - Wloclawek Hydroelectric Power Plant Poland,52.6564,19.1339,0.0503317
Naddvik,61.176752,7.626967,-0.1432488
Oelberg,46.80170595,7.167340809,-0.4631726
Gryto,60.414314,6.25049,-0.58845794
Ruskeakoski,62.42694444,30.4425,-0.41061133
Sundsbarm,59.498545,8.633632,-0.57773
Faux-la-Montagne,45.7431,1.9351,-0.69488186
SEIRA HYDROELECTRIC PLANT ,42.478026,0.4360963,-0.4836636
Gråsjø,62.933703,9.125257,-0.38878232
Mørre,63.927744,10.233434,-0.50144863
Obermatt,46.8425235,8.372585756,-0.6727049
Strzegomino,54.3202,17.2311,-0.6444747
Raasakka,65.33444444,25.41166667,-0.2764954
Sundsfjord,66.971196,14.157405,-0.57741344
Hove,61.066514,6.589224,-0.6840848
ROZNOV,46.848185,26.508258,-0.29512054
Straszyn,54.2742,18.5633,-0.5431232
SALIME 3 - Salime Hydroelectric Power Plant Spain,43.237,-6.847,-0.37273067
Hylen,59.557855,6.602344,-0.5640972
Oberems (Argessa),46.2815,7.6953,-0.4688457
KW Öpfingen,48.29463,9.830391,-0.41576642
Mølleelva,69.950044,23.06281,-0.480306
Pälli,64.84333333,26.19388889,-0.44602832
CARNESTI  I,45.535967,22.87017,-0.44051847
Oiesti,45.23495,24.655669,-0.47624594
Ternberg,47.9333,14.35,-0.68270427
Nuova biaschina,46.36495121,8.928785368,-0.4371607
Albignawerk löbbia,46.37495221,9.658900883,-0.17259307
Pyhäkoski,64.84611111,26.04027778,-0.18761529
Tresna Tresna Hydroelectric Power Plant Poland - Tresna Hydroelectric Power Plant Poland,49.7473,19.2075,-0.08056326
Svandalsflona,59.850284,6.962739,-0.6205672
GALLETO,42.5427,12.7208,-0.45488217
Hopselva,60.31221,5.669692,-0.69174844
SOBRADELO 2,42.4139,-6.9191,-0.33062574
Alqueva,38.197508,-7.496394,0.11726831
Mydalen,59.715441,8.699349,-0.60551965
Niederurnen,47.12358202,9.042165024,-0.67737484
Puntarikoski,62.825417,29.475417,-0.5939427
Solina Solina - Solina Pumped Storage Hydroelectric Power Plant Poland,49.3958323,22.4606916,-0.64875835
Fessenheim FESSENHEIM - Fessenheim Hydroelectric Power Station France,47.91466,7.57067,0.111532554
Medvode HE Medvode 1 - Medvode Hydroelectric Poqwer Plant Slovenia,46.14578,14.41438,-0.11524005
KW Gundelsheim,49.280578,9.156055,-0.29029283
Niederried Niederried-Radelfingen Hydroelectric Power Plant Switzerland - Niederried-Radelfingen Hydroelectric Power Plant Switzerland,47.00317218,7.241135671,-0.24519795
Muoidejohka,66.811343,14.644825,-0.5222445
Svardøla,61.490419,6.983725,-0.42352134
Porttipahta,68.10875,26.722083,-0.5394406
Krško HE Krsko 1 - Krsko Hydroelectric Power Plant Slovenia,45.97461,15.48091,-0.36986318
Svartdalen,60.790566,5.418863,-0.6863691
Niederenbach,46.9957287,9.087131055,-0.3313084
Mosvik,63.726499,10.865013,-0.72767603
Portimokoski,66.37861111,23.78416667,-0.43011293
CALIMANESTI (Olt),45.240308,24.346887,0.11669532
Felletin,45.8905,2.1825,-0.48075128
Vuzenica HE Vuzenica 1 - Vuzenica Hydroelectric Poqwer Plant Slovenia,46.59257,15.15301,-0.23746312
Veiteberg,61.618866,6.642294,-0.49968955
Neuhausen,47.67988066,8.614946567,-0.4725876
PACLISA,45.562186,22.8975,-0.19889829
Mosbakka,59.639354,6.298696,-0.63919914
Pirttikoski,66.33972222,27.15361111,-0.26884377
Vuhred HE Vuhred 1 - Vuhred Hydroelectric Poqwer Plant Slovenia,46.58659,15.27548,-0.24060644
Foix,42.9654,1.6102,-0.47197607
Ovcar Banja Hydroelectric Power Plant Serbia - Ovcar Banja Hydroelectric Power Plant Serbia,43.8995,20.1803,-0.3727831
Sromowice Wy?ne,49.4068,20.3336,0.040305592
Smeland,58.669051,7.450992,-0.6332102
Moflåt,59.883233,8.684686,-0.4119744
Fontan,44.0215,7.5448,-0.6711266
Mühleberg Muehleberg Hydroelectric Power Plant Switzerland - Muehleberg Hydroelectric Power Plant Switzerland,46.9691475,7.284493974,0.14112449
Veka,59.503556,6.535517,-0.6495914
Petajaskoski / Petäjäskoski,66.27222222,25.3375,-0.15728965
Mariborski otok HE Mariborski otok 1 - Mariborski Otok Hydroelectric Poqwer Plant Slovenia,46.56804,15.60415,-0.24077168
Santiago Jares,42.39305556,-7.08888889,-0.3392942
Svartelva,63.637554,10.132666,-0.765715
Fucine,45.239148,7.375412,-0.53706926
Salt de Freser,42.3642447,2.174705208,-0.64562947
Midtre Tessa,61.842305,8.960191,-0.50352
Mörel,46.35218065,8.041830887,-0.39510748
Ramnicu Valcea,45.120417,24.375417,-0.0016643676
Permantokoski,66.4925,26.12722222,-0.28785294
Racova,46.695417,26.712917,-0.5640023
RAURENI,45.071415,24.361505,-0.2631944
Furlo,43.683959,12.644054,-0.28599483
Midtlæger,59.833807,6.9935,-0.43661255
Mutt,46.01146382,7.738553163,-0.53103137
Peltokoski,62.42,30.43916667,-0.6547168
Rakowice,51.1294,15.5766,-0.41133866
Middøla,59.929771,8.748934,-0.62311596
Jettenbach,48.177714,12.381857,-0.058475655
Murg säge,47.11350488,9.219385013,-0.07976853
Svartisen,66.724509,13.931344,-0.2168436
Pankakoski,63.32638889,30.13805556,-0.33343813
OSTROVU MARE,45.524151,22.859883,-0.4571937
Smardzewice,51.4739,20.0061,0.017792182
Inningen M1,48.29,10.83,-0.49251685
Mesna,61.115301,10.454126,-0.40824115
Grytåga,65.803544,12.72901,-0.3624194
Murg plätz,47.09244923,9.207882246,-0.631791
Aletsch,46.35397488,8.042760235,-0.36123717
Pamilo Heinajoki,62.807917,30.529583,-0.51157504
Gaur GAUR-1,56.6785,-4.5085,-0.55582494
SANTA MARINA 1,42.668999,-6.512,-0.5456829
Fontpédrouse,42.463,2.1949,-0.4506607
Meråker,63.407563,11.776733,-0.6702889
Murg gödis,47.10844844,9.214736312,-0.6751509
Palokki,62.56194444,28.625,-0.43695948
Grøa,62.639218,8.730667,-0.62508184
Fos,42.8607,0.7473,-0.57182765
RUCAR,45.40486,25.15259,-0.5293964
Svartkulp,59.729116,6.627519,-0.20159586
Melkefoss,69.399382,29.7873,-0.520701
Mottec,46.15303624,7.619988428,-0.28403327
Pahkakoski,65.35833333,26.03833333,-0.31708854
Svelgen I,61.771111,5.297622,-0.14506194
Hunsfoss,58.265174,7.966342,-0.20356019
Rusanesti,43.920417,24.625417,0.498855
Hovatn,58.983853,7.67232,-0.6974208
Fumel,44.5079,0.9804,-0.698992
Mela,64.254483,12.545905,-0.6527128
Gaudalami - Piana degli Albanesi,37.9937488,13.2882915,-0.32905158
Morobbia,46.16806361,9.016899527,-0.6435403
Ossauskoski,66.155998,25.125,-0.21407703
Airolo,46.5285,8.6088,-0.15820763
Roznow Roznow Hydroelectric Power Plant Poland - Roznow Hydroelectric Power Plant Poland,49.7614,20.6631,0.105146214
Raul Mare (Retezat) Hydroelectric Power Station Romania - Raul Mare (Retezat) Hydroelectric Power Station Romania,45.3391,22.7213,-0.04451796
Alfta,61.341075,16.006847,-0.5679306
Ackersand,46.24000507,7.874575928,-0.42652133
Vallabregues VALLABREGUES - Beaucaire Hydroelectric Power Station France,43.82415,4.64349,0.18110637
Mel,61.350357,6.573761,-0.50345117
Garrogie,57.1859,-4.4818,-0.61450136
Montcherand,46.72720572,6.513486623,-0.5783803
Oksava,63.75,25.3333,-0.44755948
He Plave 1 - Plave I Hydroelectric Poqwer Plant Slovenia,46.05083333,13.59555556,-0.3371963
Grønvollfoss,59.658549,9.207749,-0.3391077
Mavcice HE Mavcice 1 - Mavcice Hydroelectric Power Plant Slovenia,46.18387,14.40805,0.035481524
Mauranger,60.127577,6.337427,-0.59963995
Montbovon,46.48795246,7.048316905,-0.4479641
Nuojua,64.57722222,26.71361111,-0.2132791
SOBRON 1,42.76722222,-3.10027778,-0.026259836
Svean,63.279212,10.472662,-0.4950858
,41.57708333333287,15.735416666666053,-0.28918975591659546
,52.71458333333268,9.777083333332767,-0.6766415238380432
,50.59791666666609,21.91041666666598,-0.6256518959999084
,50.618749999999416,5.939583333332877,-0.27550336718559265
,39.827083333332915,33.285416666665746,-0.4058309495449066
,53.660416666666016,57.768749999998654,-0.6042135953903198
,52.293749999999356,10.83124999999947,-0.6545930504798889
,43.585416666666156,-7.606250000000244,-0.6486307978630066
,63.47708333333254,-18.968750000000085,-0.5443329811096191
,36.7354166666663,29.35208333333253,-0.5373547077178955
,52.41458333333269,18.402083333332683,-0.5423508882522583
,63.422916666665856,57.406249999998685,-0.554502546787262
,61.427083333332526,55.20624999999876,-0.5774630308151245
,65.19791666666583,58.822916666665336,-0.6611483693122864
,66.98958333333252,40.2229166666657,-0.6131333708763123
,62.57291666666583,10.947916666666089,-0.530300498008728
,50.86041666666606,25.439583333332592,-0.5567511916160583
,44.50208333333282,19.410416666665952,-0.5585601925849915
,54.622916666666,27.281249999999147,-0.7047437429428101
,39.93958333333291,-8.635416666666941,-0.6708245873451233
,38.77291666666622,28.68124999999918,-0.38355863094329834
,70.13541666666575,19.82291666666597,-0.5826249718666077
,42.71458333333286,11.614583333332773,-0.5558220148086548
,65.22291666666584,-20.86875000000003,-0.5937216877937317
,36.802083333332945,40.92708333333232,-0.3166734278202057
,53.59374999999936,23.010416666665915,-0.6749648451805115
,20.9979166666665,50.68541666666551,-0.24143415689468384
,57.73124999999928,49.15208333333218,-0.6287051439285278
,49.68958333333273,22.83124999999927,-0.6270812749862671
,41.56874999999956,42.40624999999891,-0.6892353892326355
,47.681249999999444,-2.1520833333337066,-0.6529676914215088
,60.28541666666591,41.26458333333232,-0.6395642757415771
,48.40208333333278,36.28124999999906,-0.48917993903160095
,52.197916666666046,54.960416666665395,-0.5843135714530945
,65.38541666666586,50.42708333333217,-0.6455637216567993
,66.17708333333246,58.57708333333199,-0.648016631603241
,68.73541666666577,25.489583333332572,-0.6360510587692261
,54.493749999999345,23.589583333332623,-0.5322287082672119
,59.068749999999284,58.847916666665384,-0.536781370639801
,49.2479166666661,25.37291666666587,-0.672114372253418
,52.48958333333268,34.4020833333324,-0.6765164136886597
,49.493749999999395,2.6520833333329676,-0.5111005902290344
,49.74791666666608,29.989583333332458,-0.14329169690608978
,68.10624999999916,29.856249999999136,-0.6327143311500549
,39.147916666666255,31.422916666665827,-0.4963051378726959
,48.47291666666611,23.272916666665903,-0.6778163313865662
,68.96041666666578,63.91458333333189,-0.6428437829017639
,70.66874999999908,28.6979166666658,-0.4762263298034668
,64.42291666666583,47.27291666666551,-0.6673075556755066
,52.4520833333327,-1.6854166666670378,-0.6441338062286377
,67.91458333333244,55.422916666665394,-0.6436275243759155
,67.13958333333247,16.70624999999933,-0.4750729501247406
,40.84791666666622,-5.41458333333361,-0.48554736375808716
,57.868749999999295,31.3562499999991,-0.6751278042793274
,54.193749999999355,-7.697916666666942,-0.7089436650276184
,39.06458333333291,-2.0395833333336664,-0.36901363730430603
,51.87708333333271,7.847916666666124,-0.499346524477005
,58.8645833333326,26.502083333332592,-0.7164310216903687
,52.843749999999346,25.835416666665903,-0.663515567779541
,40.864583333332895,15.652083333332708,-0.5202155113220215
,51.83958333333269,29.70624999999916,-0.5515772104263306
,55.78541666666599,24.739583333332547,-0.6908522248268127
,54.064583333332685,51.87291666666544,-0.5493416786193848
,48.97291666666609,54.88958333333212,-0.3417114019393921
,51.118749999999395,28.48124999999914,-0.7126414775848389
,48.18958333333274,0.2437499999996646,-0.600196123123169
,34.110416666666346,64.44791666666526,-0.18341398239135742
,46.543749999999456,2.660416666666265,-0.6986353397369385
,42.54374999999953,-1.6687500000003865,-0.5285399556159973
,58.002083333332614,33.13124999999914,-0.6548845171928406
,53.197916666666046,33.71874999999909,-0.6541695594787598
,64.35624999999916,51.02291666666551,-0.6335262060165405
,27.03958333333312,40.23124999999902,-0.32299384474754333
,65.28541666666578,14.168749999999362,-0.549976646900177
,57.13124999999932,38.327083333332325,-0.6457807421684265
,61.352083333332565,43.93541666666562,-0.6608511805534363
,56.91458333333261,33.44374999999911,-0.6548327803611755
,58.91874999999928,24.297916666665916,-0.4539472162723541
,50.64374999999939,2.4270833333328876,-0.5525708198547363
,67.5479166666658,29.3270833333325,-0.6620679497718811
,64.32708333333248,32.027083333332456,-0.5944053530693054
,65.26458333333251,-14.760416666666801,-0.4631686508655548
,61.185416666665894,58.347916666665355,-0.5848987102508545
,53.78541666666602,-9.485416666666906,-0.6068362593650818
,50.79374999999942,26.99374999999921,-0.7171127796173096
,58.92291666666593,24.868749999999206,-0.4278371036052704
,63.43958333333253,25.65624999999926,-0.6712960004806519
,61.131249999999255,37.64374999999907,-0.6252899169921875
,38.56041666666628,40.96041666666568,-0.34539535641670227
,55.36041666666598,-3.031250000000312,-0.6042135953903198
,35.74374999999966,51.69791666666543,-0.11898729205131531
,25.902083333333128,58.45208333333197,-0.10594330728054047
,64.33958333333251,-17.052083333333456,0.0743059515953064
,40.53124999999954,9.485416666666111,-0.5382750630378723
,58.4187499999993,31.156249999999176,-0.5090292096138
,66.53958333333247,51.00208333333214,-0.6728342771530151
,69.16874999999906,21.339583333332595,-0.5603429675102234
,28.40208333333309,60.09791666666536,-0.14421625435352325
,67.20208333333247,61.86458333333198,-0.381245493888855
,52.22291666666603,37.0520833333324,-0.606041669845581
,32.4812499999997,49.76874999999887,-0.26841434836387634
,65.6520833333325,56.69791666666535,-0.6834328174591064
,55.968749999999346,58.406249999998664,-0.6344882845878601
,44.65208333333283,19.731249999999335,-0.6921569108963013
,45.69791666666615,0.6145833333329449,-0.6608443260192871
,44.985416666666175,38.54791666666563,-0.48504066467285156
,61.72708333333253,54.62291666666539,-0.5621347427368164
,75.91874999999902,61.14791666666531,
,41.49791666666619,-4.022916666667015,-0.5229823589324951
,37.89374999999958,21.63958333333261,-0.5873075127601624
,40.91874999999953,-4.664583333333666,-0.5245321393013
,48.56874999999942,6.72291666666618,-0.644335150718689
,64.16458333333252,10.83124999999947,-0.6265212893486023
,60.22708333333255,55.90208333333206,-0.5986402630805969
,56.66041666666599,40.91041666666561,-0.6299290060997009
,40.31874999999959,30.13124999999917,-0.5057407021522522
,61.702083333332546,47.393749999998846,-0.6372511982917786
,67.01041666666579,57.48541666666537,-0.6215741038322449
,40.639583333332915,15.839583333332683,-0.4796309471130371
,53.947916666665996,44.068749999998936,-0.619695246219635
,50.32291666666608,23.0604166666659,-0.5934573411941528
,62.21874999999922,42.385416666665634,-0.6858511567115784
,32.07291666666636,44.03958333333224,-0.21300815045833588
,53.947916666665996,17.92708333333269,-0.60677170753479
,40.472916666666244,40.66458333333233,-0.2912556231021881
,57.45624999999927,51.37708333333216,-0.6580016016960144
,62.085416666665886,12.464583333332769,-0.5965608954429626
,37.26458333333297,-5.668750000000244,-0.3629020154476166
,46.12708333333277,26.122916666665844,-0.6001492142677307
,32.931249999999686,66.21874999999858,-0.19561123847961426
,75.6895833333323,59.80624999999866,
,70.39374999999907,29.393749999999102,-0.6376119256019592
,55.89791666666597,47.172916666665536,-0.5905413031578064
,61.26041666666591,45.61041666666559,-0.6667651534080505
,26.593749999999783,60.693749999998595,-0.1236136257648468
,71.4020833333324,54.143749999998725,-0.4867458641529083
,50.86041666666606,44.51041666666558,-0.6353388428688049
,40.01458333333289,47.71041666666556,-0.14736349880695343
,48.03958333333276,-4.464583333333649,-0.7093154191970825
,42.010416666666195,-0.4354166666670664,-0.5519953370094299
,39.70624999999957,-0.9395833333337293,-0.30948007106781006
,56.95624999999932,29.793749999999164,-0.6509531140327454
,61.99374999999923,45.881249999998886,-0.5944808721542358
,66.36041666666583,55.71041666666534,-0.6849860548973083
,52.41458333333269,-3.347916666666947,-0.6217172145843506
,58.9354166666659,16.00624999999937,0.03469919413328171
,46.2937499999995,29.02291666666585,-0.4630824327468872
,64.90208333333251,-20.160416666666745,-0.061183057725429535
,53.060416666666015,25.97708333333253,-0.6756278276443481
,47.75624999999943,25.497916666665898,-0.6707921028137207
,67.74374999999912,30.318749999999145,-0.64581298828125
,40.71458333333288,30.85208333333241,-0.7225983738899231
,53.75624999999932,52.30208333333209,-0.658882737159729
,42.906249999999524,24.714583333332595,-0.6316033005714417
,53.847916666666016,17.502083333332678,0.4990714192390442
,65.19791666666583,-17.872916666666782,-0.1169767677783966
,34.56458333333295,46.752083333332195,-0.43762052059173584
,50.77291666666608,12.06041666666607,-0.3307330310344696
,19.152083333333245,43.339583333332286,-0.2303408980369568
,51.77291666666604,42.76874999999898,-0.6519939303398132
,51.677083333332725,8.602083333332814,-0.6503056883811951
,55.03541666666599,59.02708333333202,0.05500286445021629
,42.072916666666195,27.331249999999127,-0.6658702492713928
,60.60208333333258,54.15208333333206,-0.5909145474433899
,41.06041666666622,23.481249999999246,-0.4801190495491028
,32.37291666666636,52.489583333332156,-0.20161627233028412
,63.514583333332546,36.17708333333235,-0.6565902233123779
,33.789583333333006,59.31874999999872,-0.3494475483894348
,48.48541666666609,0.2645833333329506,-0.684248149394989
,55.8562499999993,8.793749999999447,-0.7202743291854858
,40.039583333332914,21.014583333332578,-0.6129692196846008
,59.243749999999274,40.59374999999897,-0.6547698974609375
,46.660416666666116,5.4812499999995055,-0.5961956977844238
,29.84791666666643,56.752083333332045,-0.1935640424489975
,42.33958333333285,19.160416666665952,0.48108479380607605
,39.90624999999955,40.043749999998965,-0.48545196652412415
,63.02291666666584,32.49791666666578,-0.6631415486335754
,54.66458333333268,31.502083333332415,-0.6686514616012573
,53.706249999999336,-9.635416666666915,-0.6380105018615723
,42.67708333333285,-1.7770833333336782,-0.47122764587402344
,48.477083333332764,-4.072916666666997,-0.6938828229904175
,47.34374999999943,31.514583333332464,-0.5498349666595459
,62.01041666666587,28.310416666665816,-0.6439579129219055
,53.418749999999356,8.747916666666129,-0.7097864151000977
,50.768749999999386,15.997916666666043,-0.5165277719497681
,60.331249999999216,34.36874999999907,-0.7141996026039124
,31.610416666666357,43.93958333333229,-0.26219120621681213
,56.814583333332635,34.98958333333243,-0.6541575789451599
,74.71874999999902,58.56458333333203,0.27189192175865173
,49.6729166666661,21.68958333333259,-0.7059847712516785
,53.456249999999365,59.79791666666538,-0.49694034457206726
,64.85208333333252,57.26458333333207,-0.6053208708763123
,65.66874999999916,13.547916666666081,-0.6523773670196533
,18.789583333333248,43.21041666666562,-0.194044828414917
,49.189583333332756,-1.1812500000003465,-0.6603397727012634
,57.356249999999285,30.71874999999912,-0.7009524703025818
,52.806249999999345,19.556249999999324,-0.5258298516273499
,26.139583333333128,59.58124999999869,-0.006913753692060709
,34.8354166666663,48.618749999998776,-0.3039608895778656
,50.006249999999405,44.818749999998886,-0.5351941585540771
,39.97291666666622,41.65624999999898,-0.5903234481811523
,62.95624999999922,48.52708333333223,-0.555644690990448
,65.01874999999916,50.897916666665516,-0.6667632460594177
,67.27708333333244,65.43541666666528,-0.571548342704773
,37.10624999999962,21.99374999999924,-0.5967748761177063
,67.1479166666658,64.30624999999863,-0.587527334690094
,51.73124999999936,0.47708333333295627,-0.30067843198776245
,25.185416666666445,42.660416666665604,-0.26376548409461975
,38.03541666666626,-3.127083333333672,-0.39619266986846924
,64.47291666666584,-20.422916666666733,-0.05681848153471947
,57.36041666666595,47.927083333332234,-0.5588597655296326
,57.8395833333326,33.102083333332445,-0.4405144453048706
,42.91041666666619,41.61874999999898,-0.7076742053031921
,56.98541666666598,49.28124999999883,-0.6711212992668152
,59.022916666665964,37.752083333332365,
,51.5645833333327,19.047916666665998,-0.7334499955177307
,56.29791666666599,57.96874999999869,-0.633741021156311
,66.64791666666578,21.20208333333261,-0.6174525618553162
,43.71041666666617,27.572916666665833,-0.6413374543190002
,62.33124999999922,11.339583333332738,-0.5443599820137024
,61.1604166666659,28.460416666665846,
,53.61458333333268,-2.1687500000003297,-0.32742640376091003
,59.85624999999925,10.260416666666174,-0.7052740454673767
,64.27708333333251,14.710416666666049,-0.19171935319900513
,63.27708333333255,43.40208333333223,-0.6430368423461914
,26.602083333333145,37.59791666666567,-0.20394159853458405
,31.518749999999706,62.73958333333195,-0.14691689610481262
,62.88541666666585,24.714583333332595,
,64.11874999999917,55.2895833333321,-0.6752163767814636
,55.68124999999932,59.097916666665334,-0.6238093972206116
,53.39791666666603,7.135416666666202,-0.6768735647201538
,43.91458333333285,27.331249999999127,-0.6487215757369995
,55.031249999999346,59.018749999998654,
,55.364583333332675,59.58541666666537,-0.6059610247612
,43.272916666666184,0.08124999999964189,-0.14670652151107788
,54.56041666666601,9.139583333332865,-0.7127165794372559
,50.86458333333272,2.8229166666662877,-0.6725816130638123
,67.72291666666577,35.44374999999902,-0.6625030040740967
,66.66458333333247,50.781249999998806,-0.6681545376777649
,58.66458333333261,11.356249999999449,-0.6701874136924744
,61.74791666666588,7.322916666666172,-0.555383563041687
,53.197916666666046,9.564583333332791,-0.5390206575393677
,50.372916666666065,32.21458333333243,-0.5284286141395569
,55.968749999999346,41.8770833333323,-0.6689095497131348
,50.86874999999939,26.468749999999144,-0.547224760055542
,48.822916666666096,1.5645833333329051,-0.6512675881385803
,56.097916666666,49.918749999998816,-0.3737030625343323
,63.90624999999918,-18.677083333333396,-0.41574373841285706
,34.54374999999967,62.977083333332,-0.49495479464530945
,62.78124999999918,13.210416666666076,-0.10863593965768814
,65.81458333333248,58.993749999998705,-0.6406000256538391
,50.97708333333272,21.26458333333258,-0.5462915301322937
,59.83958333333255,16.91874999999933,-0.6159958839416504
,63.56458333333252,52.73124999999877,-0.5366119742393494
,44.714583333332826,12.085416666666104,-0.1388966143131256
,38.12708333333296,42.58958333333222,-0.4965521991252899
,49.23541666666607,44.335416666665566,-0.47134852409362793
,67.13958333333247,44.62291666666559,-0.7058795690536499
,52.63124999999935,53.77708333333211,-0.6101222038269043
,56.65208333333261,22.447916666665943,-0.7290953993797302
,45.71041666666613,26.302083333332572,-0.7437435388565063
,57.31458333333263,51.30624999999878,-0.6050976514816284
,56.98541666666598,44.42291666666557,-0.6715158224105835
,52.897916666666,-8.302083333333599,
,51.22291666666607,46.73124999999891,-0.16987134516239166
,52.03958333333272,53.743749999998776,-0.5968616008758545
,62.93541666666589,35.04791666666574,-0.634246289730072
,56.85208333333265,59.493749999998606,-0.6375100612640381
,55.76874999999931,21.152083333332623,-0.6107341051101685
,52.83541666666604,26.16041666666584,-0.6265496015548706
,60.21874999999924,7.381249999999455,-0.39381444454193115
,52.152083333332705,27.78541666666584,-0.7517647743225098
,49.91458333333275,12.781249999999401,-0.6701086163520813
,31.243749999999697,66.96458333333184,-0.21733920276165009
,75.94374999999897,60.914583333332025,
,60.672916666665934,44.410416666665604,-0.6427465081214905
,48.5854166666661,38.93958333333228,-0.5506020188331604
,34.135416666666295,61.93541666666526,-0.18435579538345337
,51.17291666666605,18.164583333332644,-0.6375725865364075
,28.889583333333043,65.65624999999856,-0.15125736594200134
,49.189583333332756,16.627083333332646,-0.27181756496429443
,77.54791666666563,16.83124999999933,0.21839775145053864
,41.18124999999957,41.089583333332335,-0.693350613117218
,42.68958333333288,-8.010416666666913,-0.6533193588256836
,48.1104166666661,-1.4312500000003183,-0.6067454814910889
,56.960416666665985,-3.6437500000003245,-0.6782059073448181
,43.189583333332855,24.79791666666594,-0.5795348882675171
,42.918749999999484,21.739583333332575,-0.3674408197402954
,58.93124999999927,15.885416666666005,-0.11677120625972748
,49.489583333332746,9.043749999999477,-0.6803451180458069
,52.477083333332715,49.48958333333218,-0.482038676738739
,49.41041666666607,6.964583333332854,-0.6474819183349609
,54.40624999999936,23.193749999999227,-0.6245492100715637
,59.881249999999284,48.627083333332195,-0.637948751449585
,42.10624999999955,43.756249999998964,-0.5706633925437927
,51.7520833333327,13.006249999999396,-0.51993727684021
,47.331249999999464,-1.7458333333337066,-0.6633386015892029
,55.8812499999993,41.8770833333323,-0.6675834655761719
,64.03541666666581,28.060416666665784,-0.6190457940101624
,36.44374999999962,51.06458333333216,-0.4198582172393799
,49.793749999999406,18.535416666666006,-0.63028484582901
,30.956249999999724,66.24791666666525,-0.22893154621124268
,46.99791666666612,6.30208333333283,-0.6383510828018188
,36.55208333333295,57.83541666666536,-0.29292675852775574
,49.77708333333274,7.452083333332838,-0.4880622923374176
,38.58958333333292,28.060416666665784,-0.45811405777931213
,62.635416666665854,24.06041666666587,-0.6730590462684631
,68.20624999999913,66.18958333333187,-0.6295222640037537
,78.5770833333323,14.114583333332718,0.258417546749115
,58.2020833333326,49.52291666666554,-0.6359364986419678
,58.372916666665915,36.06874999999905,-0.7046303749084473
,65.14791666666581,44.73541666666554,-0.6525527238845825
,66.57708333333247,26.393749999999216,-0.658050000667572
,54.79374999999934,48.52291666666547,-0.5333176851272583
,57.293749999999285,58.25624999999871,-0.5883368849754333
,64.00208333333256,55.01041666666538,-0.6597931981086731
,48.28958333333276,22.731249999999218,-0.5685109496116638
,64.31458333333248,-16.53958333333347,0.07993361353874207
,26.889583333333128,40.28541666666566,-0.2555463910102844
,63.01458333333253,44.84374999999891,-0.6064249873161316
,38.29374999999958,29.856249999999136,-0.5265374183654785
,52.231249999999335,27.256249999999195,-0.5018808841705322
,20.739583333333176,44.052083333332206,-0.19155800342559814
,65.96041666666582,42.58958333333222,-0.6862260699272156
,50.960416666666084,59.24791666666536,-0.5169714689254761
,67.41874999999914,59.30624999999867,-0.6262483596801758
,56.08958333333264,53.45624999999876,-0.6487761735916138
,50.47291666666607,25.672916666665888,-0.6350374221801758
,53.439583333332706,-6.989583333333626,-0.6791934967041016
,59.66458333333256,45.57708333333224,-0.5883579850196838
,58.75624999999926,9.077083333332807,-0.5758823752403259
,38.29791666666624,56.74374999999875,-0.5443583130836487
,47.247916666666114,6.343749999999573,-0.7073549032211304
,33.37708333333298,66.87291666666519,-0.33997249603271484
,53.81874999999933,51.29374999999882,-0.5887256860733032
,38.41874999999959,35.85624999999907,-0.46787506341934204
,60.34374999999924,41.91041666666564,-0.6796497106552124
,49.72291666666608,1.4354166666662422,-0.559012234210968
,32.57708333333301,64.03541666666524,-0.19366894662380219
,52.61041666666602,49.01458333333218,-0.48956596851348877
,54.127083333332685,38.08958333333237,-0.5740870237350464
,49.793749999999406,21.660416666665977,-0.5300534963607788
,40.77291666666624,26.71874999999918,-0.5077016353607178
,38.67708333333292,29.139583333332524,-0.26737186312675476
,42.66458333333283,-2.2062500000003524,-0.500037431716919
,43.40208333333284,20.73541666666594,-0.7357469201087952
,34.34374999999964,48.66874999999885,-0.24037377536296844
,52.281249999999375,40.03541666666564,-0.5591689944267273
,61.33124999999923,33.218749999999055,-0.5844570994377136
,54.91458333333266,-8.181250000000261,-0.5253046154975891
,48.293749999999406,19.702083333332638,-0.5103700160980225
,61.87291666666587,12.143749999999415,-0.5825861692428589
,29.618749999999743,52.19374999999879,-0.2616213262081146
,52.827083333332695,6.96041666666619,-0.586110532283783
,52.968749999999375,58.76041666666529,-0.5568504929542542
,36.07708333333294,46.49791666666553,-0.298366904258728
,37.90208333333293,47.53124999999883,-0.5677969455718994
,48.264583333332766,57.4729166666654,-0.38762855529785156
,39.268749999999535,22.5187499999993,-0.5717259645462036
,36.44791666666628,51.29791666666548,-0.29315096139907837
,63.83124999999918,59.356249999998646,-0.6360401511192322
,35.75624999999963,52.897916666665424,-0.522500216960907
,66.18541666666582,33.38958333333247,
,60.81458333333258,56.45208333333206,-0.6165619492530823
,62.377083333332514,59.127083333331996,-0.6091568470001221
,51.34374999999937,34.80208333333237,-0.5480079054832458
,63.843749999999204,-18.047916666666794,-0.5523583889007568
,57.5395833333326,-1.868750000000347,-0.5850080251693726
,23.802083333333147,38.82708333333235,-0.18400146067142487
,66.46874999999915,30.86041666666583,
,33.39374999999966,67.41041666666514,-0.3409859538078308
,55.285416666666,26.80624999999918,-0.6724216938018799
,64.66041666666584,12.15208333333271,-0.3178015947341919
,39.42708333333291,31.081249999999162,-0.4852258861064911
,65.97708333333247,-17.252083333333445,-0.5943834781646729
,27.393749999999763,65.18124999999858,-0.12907738983631134
,37.36458333333294,42.32708333333223,-0.4516141712665558
,61.44791666666589,27.447916666665833,-0.42848318815231323
,64.77708333333248,40.810416666665645,-0.652309775352478
,62.86458333333256,10.752083333332791,-0.6859006881713867
,36.172916666666275,44.79791666666559,-0.3791510760784149
,37.497916666666256,43.03541666666561,-0.4713154435157776
,65.96874999999918,44.92291666666559,-0.5971389412879944
,56.01874999999932,34.14374999999907,-0.6300457119941711
,33.40208333333302,46.09791666666555,-0.2905952036380768
,42.35624999999952,43.59791666666561,-0.6547926068305969
,68.26458333333247,61.085416666665246,-0.6135676503181458
,21.95624999999985,50.931249999998776,-0.23874899744987488
,28.864583333333044,51.36874999999883,-0.17137177288532257
,35.76041666666628,49.297916666665536,-0.5779808759689331
,57.4437499999993,55.997916666665354,-0.5955080389976501
,61.427083333332526,11.706249999999413,-0.5868229269981384
,48.06874999999945,38.89791666666571,-0.5183541774749756
,44.01874999999951,17.185416666665958,-0.5823165774345398
,42.843749999999524,19.72291666666601,-0.6639916896820068
,55.91041666666599,25.022916666665903,-0.06731566786766052
,42.93958333333284,27.227083333332498,-0.6008911728858948
,54.14791666666601,-1.585416666667015,-0.7216878533363342
,47.106249999999434,4.3979166666662195,-0.6352072358131409
,61.68541666666587,31.72708333333247,-0.6777719855308533
,35.989583333332966,51.11458333333218,-0.07444173842668533
,56.44791666666599,8.31458333333279,-0.6691758632659912
,49.54791666666609,1.8520833333329274,-0.486072838306427
,53.75208333333266,22.62291666666593,-0.6642981767654419
,66.5104166666658,57.54374999999868,-0.6366786360740662
,51.86874999999937,26.99791666666587,-0.598127007484436
,37.4312499999996,-8.752083333333587,-0.5095009803771973
,48.05624999999943,34.17291666666576,-0.4702066481113434
,51.7812499999994,-9.645833333333513,-0.5936122536659241
,59.802083333332604,30.602083333332498,-0.503108024597168
,56.11041666666598,-3.735416666666992,-0.6939776539802551
,53.497916666666,-6.36875000000029,-0.6327089667320251
,30.314583333333047,54.293749999998795,-0.18278314173221588
,45.56874999999949,11.522916666666106,-0.6283676624298096
,63.985416666665884,30.097916666665807,-0.42627274990081787
,53.79374999999934,10.360416666666138,-0.692358672618866
,35.16458333333299,52.72708333333218,-0.09869322180747986
,52.44374999999938,58.29374999999871,-0.5263540744781494
,69.2395833333325,19.006249999999337,
,49.760416666666096,29.306249999999125,-0.585302472114563
,60.34374999999924,56.01458333333209,-0.6550171971321106
,55.047916666666005,-6.9145833333336375,-0.6616538166999817
,40.706249999999585,33.19791666666575,-0.5249695777893066
,61.481249999999235,8.63124999999951,0.6341853141784668
,43.27708333333285,41.41874999999893,-0.5569708943367004
,54.18124999999934,55.568749999998715,-0.5303699970245361
,51.03124999999939,33.12291666666574,-0.6847506761550903
,56.697916666665996,46.62708333333219,-0.706213116645813
,57.639583333332624,28.377083333332504,-0.6348402500152588
,31.189583333333058,41.92291666666562,-0.2778184115886688
,65.73124999999914,57.41874999999869,-0.684851884841919
,51.31874999999938,14.897916666666022,-0.6080012321472168
,63.99791666666586,49.922916666665486,-0.6198238134384155
,34.22291666666633,66.16041666666527,-0.36705976724624634
,30.80624999999971,40.681249999998975,-0.2975887954235077
,40.36458333333287,15.760416666666,-0.6015267968177795
,54.347916666665995,9.506249999999483,-0.6384420990943909
,65.72708333333247,53.68541666666547,-0.6268125176429749
,40.706249999999585,-0.17708333333368384,-0.4108084440231323
,67.04791666666581,52.41041666666547,-0.5862746834754944
,65.67708333333249,16.297916666666023,-0.5298738479614258
,35.49791666666629,51.34791666666547,-0.20989404618740082
,63.78958333333251,-18.86041666666676,0.035489749163389206
,55.472916666665974,10.014583333332808,-0.5322268605232239
,49.189583333332756,3.318749999999568,-0.7443714141845703
,66.90208333333246,60.55208333333198,-0.6567165851593018
,74.968749999999,59.40624999999873,-0.1116207018494606
,66.40624999999913,49.085416666665445,-0.6603455543518066
,53.197916666666046,0.2979166666663104,-0.6060157418251038
,31.631249999999692,62.99374999999862,-0.18699434399604797
,53.21874999999938,34.76041666666572,-0.6748834252357483
,51.831249999999365,46.206249999998924,-0.5475658774375916
,67.02708333333248,16.48958333333266,
,62.76458333333256,57.91041666666537,-0.619879961013794
,36.57291666666627,51.55624999999882,-0.6390987634658813
,50.02291666666607,54.756249999998715,-0.4918212890625
,67.23541666666583,50.60208333333215,-0.6582648158073425
,47.389583333332766,-0.1895833333337009,-0.4477873146533966
,39.25208333333292,-3.102083333333667,-0.39480146765708923
,52.22708333333269,4.956249999999527,
,49.652083333332754,22.689583333332532,-0.6376513838768005
,47.552083333332774,22.435416666665958,-0.551137387752533
,67.31041666666579,29.468749999999122,-0.6689260005950928
,50.98124999999936,10.335416666666104,-0.5460038781166077
,48.59374999999941,15.318749999999369,-0.14060987532138824
,35.047916666666296,47.14791666666551,-0.4956934452056885
,34.314583333332976,48.743749999998805,-0.35231858491897583
,61.21874999999924,29.656249999999172,-0.621540904045105
,42.85208333333286,19.322916666665947,-0.735467791557312
,68.05624999999914,37.647916666665736,-0.5594102144241333
,39.67291666666621,-0.9187500000003581,
,51.25208333333271,39.52291666666565,-0.5068811178207397
,42.10624999999955,-0.6687500000003865,-0.588511049747467
,66.1187499999992,-15.864583333333487,-0.5081764459609985
,54.96041666666601,-3.79791666666702,-0.6798721551895142
,45.78541666666616,21.422916666665937,-0.5698692798614502
,50.99374999999939,24.322916666665947,-0.6245332360267639
,64.88541666666583,-23.614583333333343,-0.5103117227554321
,42.66041666666617,19.789583333332644,-0.720338761806488
,32.78541666666634,47.560416666665525,-0.22327964007854462
,37.635416666666295,30.052083333332494,-0.22046689689159393
,65.34374999999915,-15.52708333333348,-0.3621015250682831
,48.185416666666086,31.18124999999912,-0.4698704183101654
,71.80624999999907,52.9395833333321,-0.3779224753379822
,18.539583333333233,41.84791666666561,-0.15535111725330353
,49.593749999999424,49.93124999999881,-0.42180272936820984
,28.847916666666414,57.75208333333203,-0.20467709004878998
,60.79374999999924,59.193749999998715,-0.5519666075706482
,60.4645833333326,24.747916666665844,-0.6258587837219238
,60.38124999999921,34.25208333333245,-0.638805091381073
,31.51041666666638,47.44791666666557,-0.33359643816947937
,54.99374999999933,-7.831250000000266,-0.6753339767456055
,52.193749999999376,32.6729166666658,-0.6844583749771118
,54.964583333332676,25.952083333332496,-0.6480671167373657
,57.822916666665975,28.343749999999172,-0.5415730476379395
,41.63958333333289,48.618749999998776,-0.6105867028236389
,66.5104166666658,30.56458333333248,-0.17790180444717407
,43.77708333333283,4.314583333332877,-0.4953377842903137
,20.614583333333222,52.114583333332114,-0.25008925795555115
,38.9645833333329,47.01041666666552,-0.24642004072666168
,37.64791666666627,30.872916666665812,
,26.27291666666645,59.53124999999871,-0.1644030511379242
,62.06874999999921,-7.243750000000289,-0.5681325197219849
,50.735416666666055,26.889583333332492,-0.5561015605926514
,39.385416666666245,39.77291666666565,-0.451520174741745
,58.46041666666592,28.402083333332456,-0.7003961205482483
,64.7270833333325,-20.37708333333342,0.06123381853103638
,63.53124999999923,46.61874999999886,-0.6649886965751648
,66.01874999999916,15.347916666666068,-0.6114544868469238
,54.81874999999933,58.16458333333204,-0.6422768831253052
,49.63958333333274,21.485416666665998,-0.703112781047821
,48.797916666666104,9.66458333333284,-0.5099878907203674
,47.84791666666609,33.73124999999913,-0.4638565480709076
,44.70624999999946,40.52291666666562,-0.6384389400482178
,39.88958333333289,40.039583333332295,-0.24427856504917145
,63.09791666666586,55.956249999998704,-0.5929509997367859
,59.80624999999927,57.95208333333204,-0.6222437620162964
,37.022916666666276,30.260416666665837,-0.24303308129310608
,54.22291666666601,33.722916666665725,-0.6685795783996582
,49.081249999999415,38.56874999999903,-0.5759665966033936
,56.25208333333266,56.15624999999872,-0.6314117312431335
,65.08958333333246,58.22291666666535,-0.642423689365387
,43.35624999999953,-0.010416666667055097,-0.6436715722084045
,55.11458333333267,34.65624999999909,-0.6851028203964233
,28.935416666666427,60.360416666665344,-0.1878727823495865
,56.08124999999932,34.47291666666578,-0.712478756904602
,63.964583333332506,-17.685416666666754,-0.4213673770427704
,53.468749999999346,29.243749999999153,-0.6423866152763367
,52.33541666666601,40.04791666666562,-0.5273380875587463
,55.52708333333266,31.92708333333249,-0.7184875011444092
,52.14374999999935,11.718749999999403,-0.6394438743591309
,50.16041666666606,33.08124999999907,-0.5403252243995667
,66.94374999999914,64.20208333333193,-0.6114627122879028
,46.74374999999944,14.331249999999386,-0.6036322116851807
,49.85208333333275,19.997916666665983,-0.6394866108894348
,44.21041666666615,4.035416666666265,-0.40053123235702515
,51.08541666666603,24.3645833333326,-0.5125068426132202
,53.36041666666602,7.481249999999506,-0.6567412614822388
,65.67708333333249,20.09791666666595,-0.4939470589160919
,64.92708333333249,-22.964583333333362,-0.5197792053222656
,42.40624999999955,21.46874999999926,-0.545521080493927
,53.37708333333269,-1.9895833333336834,-0.686664342880249
,64.06458333333251,10.477083333332757,-0.6859556436538696
,57.21874999999932,29.16458333333247,-0.69452965259552
,64.05208333333255,-21.427083333333396,-0.45672836899757385
,25.364583333333137,64.26874999999853,-0.021397287026047707
,30.018749999999724,54.66874999999879,-0.18339592218399048
,59.61458333333259,41.26874999999899,-0.6937611699104309
,62.46458333333256,55.54374999999877,-0.6053959727287292
,53.431249999999324,53.114583333332085,-0.6070574522018433
,40.722916666666215,19.706249999999297,-0.5014579892158508
,42.8562499999995,11.018749999999443,-0.5531904101371765
,57.91041666666595,30.6979166666658,-0.6015536189079285
,63.01458333333253,34.80208333333237,-0.09798859804868698
,60.052083333332575,8.014583333332808,-0.4966990649700165
,51.45624999999941,10.852083333332756,-0.1923496574163437
,65.66874999999916,60.94374999999863,-0.6568095684051514
,70.09791666666578,27.427083333332543,-0.5678929686546326
,69.22291666666578,23.68124999999918,-0.5842020511627197
,43.53541666666617,41.57291666666563,-0.5164972543716431
,40.618749999999544,-3.5645833333336436,-0.5808072090148926
,37.12291666666629,55.05208333333206,-0.458784282207489
,46.75624999999946,30.510416666665776,
,63.12708333333256,50.04374999999885,-0.6012868285179138
,47.993749999999416,28.122916666665844,-0.5598369240760803
,53.23958333333271,-4.306250000000317,-0.6769167184829712
,65.8979166666658,-19.364583333333425,-0.5641173124313354
,48.6479166666661,28.26874999999913,-0.5017953515052795
,27.48958333333308,60.41874999999865,-0.14641612768173218
,52.097916666666016,38.08541666666571,-0.5386306643486023
,38.93541666666625,-0.6354166666669983,-0.5154085159301758
,39.73124999999958,-8.81875000000025,-0.643791675567627
,62.343749999999204,9.802083333332801,-0.5206547975540161
,44.422916666666175,16.14374999999933,-0.6960628628730774
,58.54374999999925,24.77708333333254,-0.6253987550735474
,37.66041666666629,44.152083333332286,-0.3276669383049011
,40.472916666666244,39.46041666666568,-0.36069634556770325
,59.44791666666591,5.539583333332899,
,38.80624999999959,43.85624999999893,0.20794884860515594
,57.147916666665935,13.772916666666047,-0.6654529571533203
,57.693749999999305,55.48541666666537,-0.6611735224723816
,61.764583333332546,7.0270833333328255,-0.5128656029701233
,51.97291666666605,37.73124999999899,-0.5898721218109131
,39.214583333332904,26.968749999999172,-0.5977284908294678
,51.18958333333272,5.814583333332848,-0.5467162132263184
,43.6979166666662,39.86874999999898,-0.7362602949142456
,63.53124999999923,-19.35208333333341,-0.25292763113975525
,67.30208333333249,44.75208333333225,-0.6207289099693298
,62.42291666666589,9.306249999999437,-0.5043747425079346
,56.9687499999993,14.797916666666051,
,48.81458333333277,55.039583333332075,-0.3538219630718231
,53.18124999999937,29.05208333333251,-0.6632919907569885
,45.99374999999945,26.193749999999195,-0.6050021648406982
,39.385416666666245,33.26458333333247,-0.20524722337722778
,41.88541666666619,46.1520833333322,-0.5528228282928467
,43.44791666666618,11.085416666666049,-0.6905151605606079
,33.360416666666346,64.8395833333319,-0.25949254631996155
,65.40624999999915,49.00624999999886,-0.6402378678321838
,54.94791666666599,33.135416666665805,-0.5932372808456421
,52.718749999999346,11.852083333332814,-0.5030470490455627
,61.010416666665904,58.018749999998676,-0.6099269390106201
,62.93958333333254,52.86458333333209,-0.575981616973877
,52.78541666666606,27.560416666665873,-0.07588037103414536
,63.26041666666584,42.89791666666565,-0.6560806632041931
,36.81041666666628,44.57708333333227,-0.3064243793487549
,63.79791666666587,12.368749999999466,5.0282629672437906e-05
,65.27708333333251,32.431249999999096,-0.6524879336357117
,50.91458333333269,8.102083333332814,-0.4813133180141449
,54.93541666666598,24.902083333332566,-0.6731749773025513
,68.10208333333244,57.49374999999869,-0.5067920088768005
,50.8187499999994,11.181249999999466,-0.6863676905632019
,41.36874999999953,-3.902083333333649,-0.636536717414856
,55.38958333333263,22.54791666666591,-0.6775538921356201
,65.5104166666658,40.47291666666564,-0.681279182434082
,45.90624999999945,26.74791666666587,-0.6481913924217224
,31.647916666666365,63.027083333331966,-0.1893131285905838
,30.181249999999732,51.981249999998795,-0.26047274470329285
,35.15624999999963,45.58958333333219,-0.32496798038482666
,56.45624999999929,-3.472916666667004,-0.6500698328018188
,40.706249999999585,21.04791666666591,-0.12186690419912338
,42.947916666666195,19.79791666666594,-0.6921518445014954
,65.35624999999916,51.33124999999882,-0.6943627595901489
,45.98541666666613,29.418749999999136,-0.5227851271629333
,54.09374999999933,18.43124999999938,-0.5752829909324646
,60.2020833333326,10.710416666666134,-0.42348626255989075
,48.03958333333276,-3.9854166666669917,-0.7305155396461487
,36.660416666666265,60.38124999999863,-0.20250043272972107
,47.05624999999946,5.968749999999545,-0.6861900687217712
,48.902083333332776,1.6729166666662818,-0.6244548559188843
,44.02291666666618,43.93541666666562,-0.20188534259796143
,49.26458333333277,26.25624999999926,-0.5665558576583862
,61.74791666666588,50.69374999999883,-0.6032198071479797
,66.40208333333246,15.964583333332685,-0.6077376008033752
,53.202083333332695,7.556249999999551,-0.6315966844558716
,38.18541666666625,29.397916666665846,-0.6960033774375916
,52.0562499999994,8.568749999999481,-0.4951469302177429
,33.54374999999966,58.302083333332035,-0.20611025393009186
,67.25208333333244,50.67291666666546,-0.6469732522964478
,64.71874999999919,-15.3854166666668,-0.3003646731376648
,64.46041666666582,-20.218750000000053,-0.1862080842256546
,57.36458333333261,14.581249999999386,-0.5882723927497864
,49.68958333333273,26.660416666665867,-0.675833523273468
,55.93958333333264,44.01041666666563,-0.630789041519165
,42.60208333333288,44.38958333333221,-0.20948462188243866
,39.231249999999584,27.314583333332504,0.4352726638317108
,56.3937499999993,31.772916666665793,-0.59129399061203
,57.61041666666596,25.95624999999924,-0.7042034268379211
,25.622916666666473,61.906249999998664,-0.11726513504981995
,28.914583333333077,60.35624999999867,-0.14633989334106445
,53.48541666666602,55.48541666666537,-0.6527611017227173
,52.306249999999366,37.681249999999004,-0.5542115569114685
,54.93541666666598,30.118749999999125,-0.6111400127410889
,32.77291666666636,43.46874999999894,-0.21876996755599976
,54.2937499999993,35.59374999999908,-0.6438600420951843
,49.37708333333275,24.627083333332592,-0.5572577714920044
,54.65624999999931,45.79791666666554,-0.5499936938285828
,76.31458333333232,67.30208333333186,0.14970098435878754
,35.08541666666631,49.14374999999884,-0.32404449582099915
,52.95624999999934,-1.2895833333336666,-0.6735929846763611
,59.122916666665915,50.83958333333211,-0.6689199209213257
,36.46874999999961,30.110416666665795,0.13981188833713531
,67.5229166666658,25.53958333333256,
,36.252083333332955,32.5187499999991,-0.6121422648429871
,64.52291666666582,56.61041666666542,-0.47100648283958435
,60.21041666666593,23.777083333332598,-0.11121907085180283
,64.0312499999992,47.160416666665554,-0.6356253027915955
,39.03124999999961,39.2479166666657,-0.5051154494285583
,38.72708333333291,31.8604166666658,-0.5957849025726318
,51.106249999999385,-3.9895833333336843,-0.7088861465454102
,54.53958333333267,34.86458333333243,-0.6956392526626587
,59.78541666666592,56.76874999999871,-0.6454674601554871
,59.44374999999926,5.5354166666662366,
,42.38124999999957,42.3229166666656,-0.5900942087173462
,68.6354166666658,33.80624999999907,-0.6489062309265137
,64.73124999999916,-20.360416666666733,-0.007368585094809532
,66.23958333333246,22.185416666665958,-0.626552164554596
,52.97708333333272,7.368749999999492,-0.747222363948822
,70.05624999999907,28.48124999999914,-0.6105153560638428
,31.793749999999694,56.86041666666534,-0.20725023746490479
,63.08958333333255,55.502083333332074,-0.6432698965072632
,32.56041666666638,49.76874999999887,-0.4378577768802643
,54.51041666666602,48.08958333333217,-0.5595693588256836
,56.468749999999304,39.677083333332355,-0.6349848508834839
,43.885416666666146,23.53958333333256,
,56.472916666665974,54.268749999998754,-0.6281728744506836
,57.681249999999295,58.98541666666538,-0.6470008492469788
,65.1645833333325,-20.902083333333394,-0.5541141629219055
,55.92291666666596,37.98958333333232,-0.33690670132637024
,55.29791666666598,31.493749999999096,-0.6923955082893372
,66.4604166666658,57.660416666665384,-0.6847296953201294
,56.397916666666,10.843749999999458,-0.5791924595832825
,56.5437499999993,9.689583333332791,-0.6347854733467102
,56.07291666666596,26.185416666665873,-0.6283312439918518
,65.21458333333248,18.777083333332598,-0.4963049590587616
,40.01458333333289,36.2104166666657,-0.4368329644203186
,51.231249999999385,5.42708333333286,-0.49564632773399353
,45.79791666666614,48.50208333333219,-0.6287655234336853
,52.13958333333268,53.68958333333214,-0.6021366119384766
,27.14374999999979,62.47291666666529,-0.15576694905757904
,50.66458333333274,-3.6395833333336616,-0.7070646286010742
,55.48124999999933,26.2812499999992,
,48.81458333333277,14.931249999999377,-0.6903507113456726
,62.643749999999216,40.122916666665645,-0.6902191638946533
,63.702083333332524,28.868749999999128,-0.58910071849823
,66.04374999999914,44.79374999999894,-0.6779581904411316
,31.793749999999694,50.53541666666547,-0.28546664118766785
,49.652083333332754,22.83541666666593,-0.6839244961738586
,64.85208333333252,-14.002083333333502,-0.49222129583358765
,46.810416666666136,1.1395833333329222,-0.21603989601135254
,64.2020833333325,45.67291666666554,
,54.910416666665974,9.268749999999528,
,45.25208333333283,27.71874999999923,
,59.510416666665904,48.75624999999885,-0.6449317932128906
,38.15624999999961,29.418749999999136,-0.6598549485206604
,46.12708333333277,22.79374999999925,-0.4280155301094055
,42.797916666666204,18.09791666666601,-0.6194297075271606
,63.80208333333253,47.04374999999888,
,55.63541666666598,43.68124999999895,-0.6832367181777954
,52.36874999999937,-9.218750000000256,-0.6754195690155029
,49.03958333333275,0.7479166666662708,-0.7470276355743408
,50.65208333333271,23.71874999999929,-0.6547328233718872
,48.66458333333277,35.92291666666577,-0.4972720742225647
,53.60208333333267,-1.927083333333684,-0.48614415526390076
,63.01041666666587,48.80208333333217,-0.6527856588363647
,45.114583333332796,15.989583333332632,-0.674216091632843
,52.68958333333269,44.693749999998886,-0.4808393120765686
,51.86874999999937,-9.752083333333589,-0.6422913074493408
,64.03541666666581,13.706249999999441,-0.6058326959609985
,46.13541666666613,-0.9020833333336782,-0.6882802844047546
,51.5437499999994,-0.4979166666670665,-0.2885670065879822
,55.35624999999932,-3.947916666666941,-0.7438700199127197
,56.7062499999993,47.98958333333217,-0.5523660182952881
,68.34374999999912,66.10624999999854,-0.5781744718551636
,44.08124999999947,27.447916666665833,
,53.23958333333271,54.193749999998744,-0.5963581800460815
,65.66041666666581,-22.793750000000014,-0.35364922881126404
,65.05624999999921,26.0687499999992,-0.6423985958099365
,61.07708333333256,57.58541666666537,-0.5896903872489929
,45.310416666666164,38.10208333333233,-0.19638076424598694
,53.38541666666601,-9.572916666666911,-0.48612573742866516
,51.831249999999365,-10.127083333333529,
,50.222916666666066,24.106249999999278,-0.6368852257728577
,58.152083333332605,29.847916666665803,-0.6981403231620789
,42.04374999999955,-0.28125000000039785,-0.46298643946647644
,52.71041666666604,44.785416666665604,-0.56465744972229
,49.231249999999406,57.65624999999872,-0.4576686918735504
,34.90208333333296,36.62708333333239,-0.37691187858581543
,27.07708333333308,60.02708333333199,-0.12986154854297638
,50.08124999999942,17.997916666666043,-0.5660654306411743
,22.55208333333318,57.639583333331984,-0.10709096491336823
,61.656249999999226,36.14791666666573,-0.693803608417511
,67.53541666666578,44.72291666666558,-0.6613674759864807
,42.152083333332875,-8.622916666666923,-0.6298719048500061
,54.89374999999931,28.689583333332482,-0.09709235280752182
,61.32708333333257,46.127083333332244,-0.7132154107093811
,72.38958333333238,53.985416666665394,-0.08686624467372894
,40.76041666666622,26.306249999999235,-0.5181607604026794
,65.0145833333325,40.83124999999902,-0.6367696523666382
,49.48124999999942,29.847916666665803,-0.46316373348236084
,64.51041666666586,-19.568750000000076,-0.49131280183792114
,50.18541666666604,26.297916666665913,-0.6706362366676331
,42.810416666666185,-5.410416666666946,-0.5922693610191345
,61.53958333333258,41.38958333333223,-0.6201663017272949
,37.38541666666628,45.87708333333223,-0.10647911578416824
,41.618749999999544,45.59791666666561,-0.44569501280784607
,65.67708333333249,-22.835416666666703,-0.3602544367313385
,44.72291666666613,21.535416666665977,-0.6968997120857239
,37.356249999999626,54.53124999999874,-0.16614879667758942
,34.59791666666629,48.88124999999886,-0.5127515196800232
,57.85208333333261,14.818749999999424,-0.7154003977775574
,70.36874999999912,30.256249999999085,-0.6406005024909973
,64.7270833333325,-18.08541666666673,-0.08178260922431946
,58.739583333332575,40.989583333332284,-0.6194242238998413
,36.822916666666295,31.80208333333249,-0.6760552525520325
,63.28958333333252,46.11874999999892,-0.48653754591941833
,64.63541666666586,-14.918750000000157,-0.4696713387966156
,54.59374999999931,38.606249999999015,-0.587153434753418
,32.07291666666636,34.939583333332365,-0.3491719961166382
,52.41458333333269,6.581249999999528,-0.5468816161155701
,60.85208333333252,22.610416666665937,-0.6624217629432678
,44.20208333333283,21.277083333332623,-0.4956526458263397
,53.82291666666599,-9.02291666666693,-0.724001407623291
,48.03124999999942,24.76041666666592,-0.618475079536438
,47.95208333333276,40.33124999999898,-0.5284603238105774
,49.96041666666607,27.481249999999193,-0.6704120635986328
,51.018749999999365,18.856249999999278,-0.6971012949943542
,29.047916666666406,61.435416666665326,-0.09430763125419617
,43.10208333333285,44.322916666665606,-0.4640326201915741
,56.372916666665965,14.002083333332678,-0.5222169160842896
,47.452083333332766,53.51874999999879,-0.24818164110183716
,50.468749999999424,27.61874999999915,-0.6311728358268738
,60.481249999999235,38.027083333332314,-0.7225092053413391
,62.85208333333255,34.62291666666572,
,48.89374999999941,8.447916666666117,-0.7154449224472046
,66.25208333333248,33.39791666666579,-0.6713188290596008
,68.18958333333245,16.814583333332703,-0.5575534701347351
,59.09374999999927,43.556249999998926,-0.6755393743515015
,39.88958333333289,35.735416666665714,-0.4791285991668701
,50.456249999999386,-3.6687500000003572,-0.6628676652908325
,31.439583333333037,41.885416666665606,-0.28262627124786377
,47.27708333333277,22.756249999999252,-0.522784948348999
,64.59791666666584,-18.806250000000063,-0.49632498621940613
,54.08124999999935,-9.427083333333568,-0.615066409111023
,30.681249999999707,56.689583333332024,-0.20099350810050964
,43.00208333333284,44.02708333333226,-0.7364542484283447
,58.443749999999234,-4.764583333333633,-0.5989441275596619
,53.85624999999934,17.185416666665958,-0.6220704913139343
,34.99374999999962,65.68958333333194,-0.20461256802082062
,38.4812499999996,41.03541666666561,-0.11145061999559402
,55.902083333332676,14.185416666666073,-0.6761578917503357
,52.12291666666607,19.61041666666597,-0.6621443629264832
,53.51458333333266,-8.685416666666926,-0.6410247683525085
,67.18958333333248,61.443749999998666,-0.6208018660545349
,41.75208333333286,46.02291666666554,-0.5317263603210449
,55.86458333333263,13.24791666666607,-0.6954647302627563
,63.84791666666587,-19.239583333333425,-0.258176326751709
,66.14374999999913,19.9562499999993,-0.5774722099304199
,48.589583333332754,6.843749999999516,-0.36774197220802307
,63.01041666666587,18.197916666666,-0.694490373134613
,49.62291666666607,38.27708333333234,-0.6376319527626038
,53.16458333333269,18.78958333333267,-0.6254554390907288
,69.20208333333244,61.102083333331976,-0.5834388732910156
,52.497916666666036,-9.418750000000243,-0.6683688163757324
,52.16874999999939,24.368749999999263,-0.5952911376953125
,50.65208333333271,29.985416666665795,-0.6916505098342896
,51.37291666666606,10.872916666666127,-0.6371824741363525
,58.368749999999274,29.343749999999115,-0.687027096748352
,57.65624999999928,47.460416666665566,-0.5960472822189331
,44.72291666666613,17.760416666666,-0.5583956837654114
,64.76041666666583,-17.552083333333428,0.06890354305505753
,27.11874999999975,64.52291666666522,-0.13976916670799255
,31.993749999999682,45.97708333333222,-0.32769790291786194
,64.36041666666584,30.143749999999162,-0.6468644738197327
,59.122916666665915,28.489583333332543,-0.6104661822319031
,62.502083333332536,42.4854166666656,-0.5963917374610901
,53.739583333332696,51.39374999999878,-0.5541689395904541
,80.05208333333232,19.668749999999278,0.05448305606842041
,67.47291666666578,65.80208333333186,-0.6042332053184509
,50.63541666666606,38.38124999999905,-0.43254414200782776
,62.98541666666587,58.29374999999871,-0.5841254591941833
,64.48124999999915,20.189583333332678,-0.6520441174507141
,49.42291666666609,17.960416666665964,-0.5638998746871948
,45.56874999999949,8.23541666666614,-0.708365797996521
,57.66458333333261,29.964583333332477,-0.6622454524040222
,36.63958333333294,53.10624999999877,-0.5852552652359009
,49.714583333332726,16.731249999999363,-0.6548606753349304
,67.36458333333249,61.647916666665324,-0.6265082359313965
,67.7812499999991,65.88958333333187,-0.5158681869506836
,68.55624999999912,34.99791666666572,-0.6217129826545715
,26.106249999999775,41.918749999998965,-0.2281283140182495
,43.67291666666616,27.193749999999167,-0.5700676441192627
,44.43541666666616,26.25624999999926,-0.341436505317688
,52.32708333333271,54.19791666666537,-0.5384059548377991
,42.98124999999951,-3.422916666667021,-0.48365747928619385
,54.02708333333267,26.543749999999193,-0.6480956077575684
,55.48541666666598,-3.4687500000003406,-0.6567107439041138
,33.76874999999968,49.21874999999877,-0.4830757677555084
,20.73124999999987,43.91458333333224,-0.1705368608236313
,39.96874999999956,26.935416666665844,-0.5431177616119385
,43.622916666666164,20.17291666666597,-0.6079578995704651
,51.956249999999386,33.493749999999096,-0.6185063719749451
,63.422916666665856,43.61874999999889,-0.6164413094520569
,39.83124999999957,33.28958333333241,-0.4236558675765991
,59.6479166666659,38.52291666666568,
,45.83958333333281,19.08958333333265,-0.5380790829658508
,64.10208333333254,20.39791666666593,-0.5913951992988586
,37.185416666666285,47.32291666666558,-0.4736652970314026
,66.78541666666581,63.58541666666528,-0.6604312658309937
,48.435416666666086,7.185416666666185,-0.7302448153495789
,63.322916666665876,49.49374999999883,-0.5796380639076233
,41.00624999999957,45.22291666666558,-0.5508300065994263
,60.539583333332565,54.1187499999987,-0.585707426071167
,40.53124999999954,-3.0354166666670035,-0.5137608647346497
,45.33124999999949,5.127083333332877,-0.5052374601364136
,45.85624999999947,25.802083333332547,-0.4351763129234314
,46.84374999999945,-0.7812500000003695,-0.6557083129882812
,60.74791666666591,34.764583333332354,-0.6267661452293396
,51.277083333332726,4.214583333332911,-0.11155793815851212
,61.77708333333257,56.46874999999869,-0.5788101553916931
,55.789583333332644,24.627083333332592,-0.5236409902572632
,66.56458333333245,46.297916666665564,-0.6778960824012756
,42.914583333332835,42.977083333332246,-0.4644968807697296
,61.96458333333253,10.010416666666146,-0.56537926197052
,59.52291666666589,32.227083333332416,-0.7196428775787354
,31.947916666666366,62.36458333333192,-0.1704116016626358
,27.089583333333106,54.414583333332125,-0.06142377853393555
,40.931249999999544,-3.5520833333336834,-0.45854640007019043
,77.58958333333234,23.214583333332598,0.056854866445064545
,59.04791666666595,45.11874999999887,-0.661041796207428
,65.28124999999918,59.547916666665344,-0.6170880198478699
,52.52708333333269,41.07708333333226,-0.4786411225795746
,32.18958333333301,45.581249999998896,
,61.997916666665894,47.872916666665496,-0.5635722875595093
,61.82708333333257,52.76458333333209,-0.6438590288162231
,59.518749999999265,30.897916666665765,-0.578618049621582
,54.86041666666601,50.86041666666549,-0.6145299673080444
,46.49374999999947,39.20624999999901,-0.4446417987346649
,30.76874999999971,50.16874999999885,-0.12149160355329514
,38.493749999999615,21.93541666666593,-0.6791106462478638
,65.44374999999914,-14.73541666666682,-0.5025280714035034
,31.160416666666354,58.231249999998674,-0.15566453337669373
,53.985416666666005,-8.893750000000265,-0.705435037612915
,63.597916666665846,15.497916666666017,-0.6310110688209534
,60.42291666666593,46.31874999999885,-0.7117845416069031
,57.41458333333264,-2.1979166666670267,-0.6258955597877502
,69.86041666666574,28.0104166666658,-0.6818300485610962
,34.60208333333296,46.92708333333218,-0.3949580192565918
,44.48541666666615,28.493749999999206,-0.5296639800071716
,55.518749999999294,49.22291666666552,-0.508346438407898
,63.52708333333252,42.25624999999897,-0.6225159168243408
,37.24374999999961,-3.777083333333649,-0.5639441609382629
,55.05624999999933,-6.564583333333615,-0.6790717840194702
,66.26874999999912,56.893749999998704,-0.5563346147537231
,40.78958333333292,-2.2770833333337066,-0.4860934615135193
,45.53958333333281,37.71041666666567,-0.6125936508178711
,59.41874999999925,30.90624999999914,-0.6358106732368469
,52.193749999999376,48.47291666666549,-0.29873257875442505
,49.12291666666609,-1.2770833333337064,-0.72170490026474
,35.38541666666631,61.997916666665304,-0.27051109075546265
,53.068749999999376,26.27291666666588,-0.682121217250824
,61.547916666665884,59.33124999999871,-0.595547616481781
,48.03541666666613,53.827083333332126,-0.43854936957359314
,39.41041666666623,41.068749999998964,-0.3569863736629486
,57.43958333333262,39.118749999999004,-0.6698603630065918
,68.18958333333245,24.51041666666592,-0.6394955515861511
,61.98541666666587,54.55624999999878,-0.5808767676353455
,48.327083333332766,32.54791666666577,-0.32199645042419434
,52.968749999999375,15.760416666666,-0.5420726537704468
,42.09374999999953,43.4145833333323,-0.6052616238594055
,62.76874999999916,28.722916666665835,-0.5478447079658508
,66.24791666666584,16.331249999999386,-0.5196994543075562
,56.85624999999932,30.20208333333244,-0.6979326009750366
,32.22708333333302,51.60624999999879,-0.3484204411506653
,66.5020833333325,29.243749999999153,-0.6171368956565857
,53.556249999999345,-9.031250000000256,-0.5795830488204956
,55.23958333333268,41.60624999999899,-0.6486072540283203
,51.43958333333273,36.28958333333239,-0.6787121295928955
,61.8312499999992,14.139583333332752,-0.6806738972663879
,32.58541666666637,67.57291666666517,-0.2909969091415405
,53.01874999999935,-1.760416666667055,-0.6569933891296387
,56.6687499999993,22.493749999999263,-0.5040867328643799
,48.793749999999434,13.952083333332695,-0.5752277970314026
,52.08124999999939,20.16874999999931,-0.564473569393158
,66.72708333333246,28.24374999999918,-0.562283992767334
,56.960416666665985,22.10208333333261,-0.6424629092216492
,60.59791666666592,57.28124999999869,-0.6473525762557983
,57.193749999999284,22.377083333332568,-0.44495391845703125
,64.93541666666582,-21.08541666666673,-0.547858715057373
,42.9437499999995,27.264583333332524,-0.6679069399833679
,66.9479166666658,15.914583333332697,
,60.06041666666591,56.90208333333203,-0.6458351612091064
,60.01041666666594,45.44791666666557,-0.641365110874176
,57.347916666665974,58.69791666666534,-0.5836325287818909
,50.13124999999941,55.88958333333209,-0.4497220814228058
,47.856249999999434,15.577083333332693,-0.5930202007293701
,54.04374999999934,18.418749999999307,-0.6835267543792725
,49.15208333333275,-0.6229166666670664,-0.6412871479988098
,64.88541666666583,-17.422916666666765,0.005854453891515732
,53.03124999999937,57.72291666666542,-0.5890302062034607
,58.78958333333257,51.41458333333215,-0.6310180425643921
,66.06874999999914,17.38124999999934,
,65.72291666666585,51.43958333333211,-0.6384165287017822
,68.87291666666579,35.847916666665746,-0.675520122051239
,57.97708333333262,52.414583333332125,-0.6547608375549316
,34.63124999999966,45.50208333333222,-0.27750495076179504
,37.92291666666627,35.85624999999907,-0.559661865234375
,56.36874999999931,34.44791666666574,-0.6923934817314148
,41.08541666666622,-0.07708333333371797,-0.40505319833755493
,69.28124999999912,26.939583333332475,-0.6292974352836609
,49.13124999999945,36.97291666666572,-0.5684224367141724
,45.352083333332835,38.777083333332364,-0.43330419063568115
,50.51041666666603,32.59791666666575,-0.5867862105369568
,67.5854166666658,28.96458333333254,-0.6380757093429565
,47.556249999999444,38.51458333333239,-0.5781424641609192
,42.50624999999952,19.59791666666601,-0.3703823685646057
,68.76458333333247,58.57291666666536,
,41.277083333332875,-8.702083333333603,-0.635963499546051
,48.93541666666608,10.618749999999466,-0.5156373381614685
,37.927083333332924,12.927083333332718,-0.4321793019771576
,68.36458333333243,62.27708333333195,-0.6174666881561279
,56.043749999999314,52.414583333332125,-0.6519968509674072
,43.62708333333283,43.94791666666558,-0.7154536843299866
,47.8104166666661,27.756249999999223,-0.3971215784549713
,56.57291666666597,56.939583333332024,-0.6019951701164246
,51.78541666666605,50.343749999998835,-0.4158570170402527
,46.752083333332806,-1.6812500000003754,-0.6171025633811951
,64.06458333333251,51.97708333333215,-0.6010535955429077
,48.01874999999944,23.847916666665864,-0.6418851613998413
,56.7895833333326,39.556249999999004,-0.6601581573486328
,31.002083333333037,51.539583333332075,-0.22358565032482147
,47.452083333332766,38.38124999999905,-0.5510514378547668
,40.71874999999955,31.5395833333325,-0.29437777400016785
,34.8979166666663,52.32291666666546,-0.22304531931877136
,62.94791666666587,54.806249999998776,-0.5309454202651978
,40.16041666666623,-4.9895833333336554,-0.4312272071838379
,69.10208333333249,32.41874999999911,-0.3531108498573303
,59.98958333333256,52.814583333332074,-0.6392975449562073
,45.1520833333328,14.035416666666036,-0.6956456899642944
,62.512499999999214,12.154166666666042,-0.1867680549621582
,65.18541666666582,-16.94375000000008,-0.014282363466918468
,48.78541666666608,40.96041666666568,-0.5416862964630127
,22.73124999999982,57.522916666665395,-0.18915973603725433
,63.27291666666585,32.57291666666571,-0.14216186106204987
,36.10624999999965,49.28958333333215,-0.2763652205467224
,53.23124999999936,9.685416666666127,-0.6834899187088013
,43.18124999999949,-4.90208333333365,-0.7217859625816345
,43.231249999999505,0.04791666666628202,-0.5792748928070068
,48.26874999999943,57.768749999998654,-0.32387518882751465
,46.75624999999946,4.831249999999528,-0.6027902364730835
,48.89791666666606,23.343749999999257,-0.6548363566398621
,44.23958333333283,18.872916666666015,-0.6819591522216797
,63.93124999999918,-18.418750000000074,-0.32570648193359375
,53.23124999999936,-3.572916666666998,-0.538422703742981
,51.65208333333272,-3.314583333333672,-0.6582122445106506
,38.189583333332955,57.00624999999874,-0.48794829845428467
,63.39791666666586,55.61458333333203,-0.5894264578819275
,63.48958333333251,29.58124999999915,-0.6748310923576355
,65.16874999999914,-18.38541666666677,-0.15142355859279633
,17.70208333333324,49.78541666666552,-0.24918906390666962
,58.39791666666592,33.21041666666573,-0.6320180892944336
,64.43541666666584,11.181249999999466,-0.7417916059494019
,41.16458333333289,48.364583333332206,-0.2358580380678177
,63.90624999999918,54.53958333333205,-0.5798696279525757
,60.87708333333256,24.83541666666593,-0.4322458505630493
,65.15208333333248,-15.85625000000013,-0.07611125707626343
,45.21041666666616,15.814583333332736,-0.5935450196266174
,67.8520833333325,60.335416666665296,-0.5696507096290588
,57.11041666666597,10.193749999999454,-0.5634064674377441
,66.02708333333248,27.622916666665812,-0.6688981652259827
,64.03958333333253,24.197916666665947,-0.6746686100959778
,56.291666666665996,14.654166666666072,-0.6697114706039429
,41.00208333333286,45.21874999999895,-0.4444825053215027
,53.168749999999356,21.59374999999926,-0.5960640907287598
,50.57291666666605,10.506249999999426,-0.5658426284790039
,42.39791666666618,20.289583333332644,-0.5573793053627014
,46.40208333333278,24.68124999999924,-0.5387213230133057
,61.41874999999923,12.60624999999942,-0.6055205464363098
,55.152083333332634,-2.1979166666670267,-0.6784947514533997
,38.672916666666254,-8.806250000000233,-0.5349071025848389
,75.60208333333236,58.285416666665334,
,55.26041666666601,-3.877083333333673,-0.6709119081497192
,59.510416666665904,38.23124999999902,-0.413439005613327
,48.57708333333279,27.135416666665858,-0.07094316184520721
,67.40208333333248,15.377083333332674,-0.5640888810157776
,68.83541666666582,63.01041666666527,-0.5534716248512268
,64.2895833333325,40.18541666666561,-0.6277040243148804
,53.918749999999335,27.54791666666588,-0.21369606256484985
,63.52708333333252,37.064583333332365,-0.6645009517669678
,53.75208333333266,42.818749999998964,-0.3994193971157074
,36.46874999999961,29.41041666666584,-0.5641205906867981
,45.74791666666615,14.706249999999384,-0.6516236066818237
,51.97708333333273,29.831249999999187,-0.5188135504722595
,42.172916666666225,-2.8854166666670262,-0.5410275459289551
,51.88958333333272,43.022916666665644,-0.43258339166641235
,59.031249999999275,33.4645833333324,-0.6726911067962646
,49.95208333333277,59.03541666666535,-0.4457642436027527
,66.74791666666582,15.710416666666019,-0.604540228843689
,36.96041666666627,37.031249999999034,-0.40539243817329407
,48.1104166666661,55.13958333333205,-0.3730292022228241
,44.814583333332834,42.71458333333226,-0.27579692006111145
,79.52708333333231,18.295833333332638,0.31257227063179016
,67.0395833333325,56.552083333332035,-0.6572535037994385
,64.70624999999919,-20.79791666666668,-0.5165075063705444
,19.431249999999896,42.54791666666566,-0.17210783064365387
,45.09791666666616,17.102083333332725,-0.656006932258606
,65.93958333333251,46.377083333332244,-0.6946476697921753
,38.21874999999961,29.177083333332465,-0.3938060402870178
,47.722916666666116,38.08958333333237,-0.5295682549476624
,64.39374999999922,51.956249999998754,-0.6346330046653748
,47.52291666666608,-1.9479166666670267,-0.6485967040061951
,54.772916666666,24.614583333332543,-0.5628452301025391
,54.431249999999345,32.66041666666581,-0.7171861529350281
,36.71041666666627,42.28541666666558,-0.34103572368621826
,22.277083333333174,50.22291666666549,-0.2411416918039322
,45.83541666666614,4.618749999999608,-0.40596804022789
,50.247916666666036,11.939583333332735,-0.6620253920555115
,37.08541666666628,57.23541666666537,-0.27815985679626465
,51.60208333333274,-3.347916666666947,-0.36234068870544434
,66.58124999999919,57.83541666666536,-0.6855050325393677
,41.06874999999953,37.10208333333239,-0.6113170981407166
,43.23541666666617,-5.093750000000283,-0.730165421962738
,44.714583333332826,33.85208333333238,-0.5250742435455322
,65.36041666666584,58.10624999999868,-0.6560041308403015
,48.74374999999941,14.49374999999941,-0.6322634816169739
,52.722916666666016,20.472916666665952,-0.649427056312561
,43.71041666666617,41.38958333333223,-0.6816040873527527
,60.997916666665915,45.785416666665576,-0.6617233157157898
,65.66041666666581,48.39374999999881,-0.685805082321167
,60.985416666665905,45.406249999998884,-0.6443367004394531
,52.768749999999386,53.86458333333212,-0.6143288612365723
,43.61041666666615,40.68958333333227,-0.6413667798042297
,27.639583333333064,53.039583333332075,-0.09240725636482239
,55.65624999999932,29.181249999999185,-0.7106621265411377
,38.518749999999606,42.41041666666558,
,35.28124999999963,64.70624999999859,-0.316858172416687
,52.656249999999396,-3.931250000000347,-0.6534920930862427
,64.5062499999992,39.98958333333231,-0.6264727115631104
,56.44791666666599,9.59374999999946,-0.6523988246917725
,30.785416666666382,35.30624999999907,-0.1781540960073471
,37.18124999999959,32.23124999999908,-0.5264005661010742
,44.82291666666615,38.14374999999902,-0.6761592030525208
,60.8854166666659,39.15208333333237,-0.6944921612739563
,75.49791666666565,61.8437499999986,0.0797632709145546
,67.00624999999913,26.41458333333253,-0.6552495956420898
,57.46458333333262,13.656249999999373,-0.5170336961746216
,52.90624999999936,47.035416666665554,-0.4848814904689789
,62.78124999999918,54.53958333333205,-0.6249877214431763
,38.33958333333291,41.839583333332286,-0.5014978051185608
,26.927083333333133,58.4312499999987,-0.11801718920469284
,51.20208333333272,20.052083333332604,-0.6657277345657349
,54.87291666666602,53.43541666666547,-0.6293681859970093
,39.10624999999958,37.243749999999004,-0.4151090681552887
,47.8604166666661,12.435416666666072,
,60.42291666666593,33.28958333333241,-0.7085461616516113
,49.00624999999944,38.51874999999902,-0.7026918530464172
,40.87708333333291,40.11458333333232,-0.7091425061225891
,66.47708333333246,49.73958333333218,-0.661950409412384
,43.41041666666617,0.8145833333329618,-0.6091680526733398
,43.631249999999525,40.81458333333227,-0.7173394560813904
,54.15208333333267,20.30208333333263,-0.7007968425750732
,53.368749999999366,51.0729166666655,-0.627751350402832
,45.33124999999949,17.897916666665992,-0.4572184085845947
,64.48541666666583,-15.610416666666824,
,51.86874999999937,21.522916666665903,-0.5358747839927673
,39.739583333332924,42.89374999999898,-0.4734155237674713
,65.68124999999915,14.581249999999386,-0.6021212935447693
,60.60208333333258,55.21458333333206,-0.6118685603141785
,48.856249999999434,24.54791666666591,-0.6781377196311951
,52.47291666666604,24.114583333332604,-0.6851786971092224
,49.73124999999944,39.00208333333233,-0.5831106305122375
,56.122916666665986,36.664583333332416,-0.6787769198417664
,45.83541666666614,26.064583333332536,-0.5839740037918091
,58.04374999999927,-4.977083333333638,
,64.68124999999915,11.810416666666043,-0.7282882928848267
,31.102083333333056,61.14791666666531,-0.13867917656898499
,56.34374999999931,25.064583333332564,-0.6987133026123047
,63.27291666666585,45.918749999998916,-0.7107678651809692
,62.27708333333255,43.260416666665606,-0.6600947380065918
,23.38124999999986,58.10624999999868,-0.1739104688167572
,63.239583333332504,42.83958333333226,-0.6482389569282532
,63.431249999999174,43.26458333333226,-0.5864223837852478
,57.902083333332605,33.97708333333242,-0.6269881129264832
,60.735416666665884,41.61041666666566,-0.5446581840515137
,55.414583333332665,43.564583333332244,-0.5628914833068848
,61.83958333333253,47.518749999998846,-0.6514227390289307
,38.29374999999958,23.693749999999252,-0.44986093044281006
,40.347916666666244,40.039583333332295,-0.6257590055465698
,63.30208333333251,44.22708333333222,-0.6559031009674072
,51.08958333333271,36.44791666666575,-0.4374151825904846
,63.89374999999917,58.58124999999864,-0.6259000301361084
,26.610416666666456,62.66041666666528,-0.1208648532629013
,47.58541666666609,29.48124999999919,-0.4154253900051117
,38.639583333332915,36.06874999999905,-0.5168315172195435
,35.51041666666631,48.32291666666555,-0.37754198908805847
,49.98124999999941,36.05624999999901,-0.6313809752464294
,57.42291666666595,-2.3520833333336952,-0.6918131113052368
,60.17708333333257,8.027083333332795,-0.36946189403533936
,56.76041666666595,40.78124999999895,-0.5757943391799927
,68.53124999999909,19.589583333332683,-0.5815126299858093
,50.25208333333275,47.927083333332234,-0.5050720572471619
,53.67291666666599,8.877083333332791,-0.6738588213920593
,61.472916666665924,53.59791666666538,-0.6036868095397949
,43.756249999999525,3.102083333332899,-0.5889073014259338
,45.064583333332806,34.6145833333324,-0.12697692215442657
,61.11041666666592,23.3020833333326,-0.6305474638938904
,51.80208333333273,53.33124999999876,-0.5694568157196045
,36.32291666666631,48.156249999998856,-0.42004311084747314
,64.21874999999918,55.58958333333208,-0.6047634482383728
,69.83124999999907,25.514583333332524,-0.5941659212112427
,37.99791666666629,39.93958333333234,-0.44268494844436646
,47.718749999999446,-2.4437500000003354,-0.6058421730995178
,42.60208333333288,19.45624999999927,-0.6000056862831116
,60.87291666666592,15.022916666666017,
,43.18541666666619,-8.389583333333604,-0.7298599481582642
,38.910416666666244,29.039583333332473,-0.46919164061546326
,66.90208333333246,20.58124999999933,-0.6060841083526611
,53.410416666666,53.77708333333211,-0.6274352669715881
,62.8812499999992,45.54791666666555,-0.6369589567184448
,36.69791666666628,41.85624999999893,-0.29299476742744446
,45.131249999999476,2.997916666666185,-0.7143261432647705
,50.052083333332725,38.14374999999902,-0.6004866361618042
,36.66458333333298,52.531249999998714,-0.4183238744735718
,49.36041666666608,11.422916666666055,-0.6018003225326538
,45.64791666666617,10.197916666666117,-0.25295013189315796
,45.68124999999949,0.6937499999996248,-0.7123311758041382
,60.143749999999265,36.70208333333241,-0.7027113437652588
,72.16874999999905,55.114583333332085,-0.5310785174369812
,72.76041666666578,55.314583333332045,-0.5816823244094849
,60.76874999999925,54.9229166666654,-0.6491815447807312
,64.43124999999918,56.61874999999875,-0.6108332276344299
,50.172916666666076,46.285416666665526,-0.33851540088653564
,52.035416666666016,24.456249999999272,-0.5739770531654358
,66.05624999999915,-22.23958333333337,-0.55191570520401
,53.24791666666602,57.71458333333203,-0.5616834163665771
,51.42291666666605,4.7729166666662195,-0.6064902544021606
,36.51041666666627,53.08541666666547,-0.3652702867984772
,42.885416666666195,-7.072916666666913,-0.727194607257843
,39.493749999999565,33.352083333332466,-0.4647495746612549
,59.56041666666589,46.1520833333322,-0.6436381936073303
,35.32708333333297,25.11041666666591,-0.24158740043640137
,48.07708333333275,8.410416666666121,-0.6325604319572449
,28.0479166666664,52.06041666666548,-0.47340142726898193
,68.34374999999912,36.093749999999,-0.6445451378822327
,44.62291666666618,23.964583333332538,-0.5467179417610168
,50.37708333333273,16.18541666666601,-0.6742004156112671
,62.17708333333254,49.468749999998806,-0.6612535119056702
,36.16041666666629,46.977083333332246,-0.22485966980457306
,58.04374999999927,51.08958333333214,-0.6625146269798279
,62.10624999999921,28.631249999999195,-0.6312810778617859
,58.69791666666593,28.531249999999115,-0.7117000818252563
,66.99374999999915,30.36458333333246,-0.6322766542434692
,34.114583333332966,64.33541666666525,-0.2672794461250305
,44.21458333333284,15.252083333332678,-0.6286827325820923
,64.30208333333252,26.38541666666592,-0.6313844919204712
,58.99791666666592,27.164583333332555,-0.7273041009902954
,38.3687499999996,-3.9437500000003345,-0.5571492314338684
,20.527083333333216,42.102083333332274,-0.13734906911849976
,65.27291666666585,-14.010416666666826,-0.4356827139854431
,61.78124999999923,52.360416666665486,-0.6218135952949524
,58.914583333332565,36.25624999999903,-0.6529867053031921
,41.03541666666622,41.18958333333231,-0.7166102528572083
,58.31874999999929,28.002083333332507,-0.5331710577011108
,58.26041666666595,39.66041666666563,-0.65824294090271
,43.02708333333287,18.856249999999278,-0.5793852210044861
,66.73541666666583,26.6854166666659,-0.6180048584938049
,29.197916666666412,59.58541666666537,-0.11169663071632385
,22.4145833333332,52.2645833333321,-0.23712985217571259
,67.45624999999913,55.014583333332126,-0.6410739421844482
,55.58958333333266,38.94791666666569,-0.588630199432373
,52.76458333333269,-0.8770833333337293,-0.3447500169277191
,46.03124999999946,15.981249999999337,-0.5542065501213074
,47.78958333333278,36.389583333332354,-0.48932334780693054
,42.5229166666662,-8.527083333333564,-0.7302186489105225
,52.96041666666601,6.606249999999562,-0.6471916437149048
,54.52291666666599,44.62708333333225,-0.6326059699058533
,52.889583333332695,11.32708333333275,-0.5048678517341614
,62.46458333333256,43.67708333333229,-0.6646584868431091
,40.52291666666623,-8.664583333333553,-0.6175827980041504
,36.42291666666629,47.09791666666552,-0.5611721873283386
,49.93541666666608,11.289583333332729,-0.4871686100959778
,31.131249999999703,44.83958333333226,-0.2310454100370407
,50.53958333333273,-4.414583333333609,-0.769186794757843
,52.00208333333271,-1.2979166666669926,-0.580058217048645
,57.28124999999931,22.30624999999929,-0.7123960852622986
,56.62708333333262,45.63124999999888,-0.6452230215072632
,57.7020833333326,35.17291666666574,-0.672431230545044
,65.75208333333251,54.56041666666541,-0.640881359577179
,35.78124999999963,50.88124999999879,-0.298968642950058
,38.42708333333295,-3.9437500000003345,-0.45398858189582825
,62.47708333333254,6.443749999999539,-0.6316834688186646
,42.072916666666195,43.16458333333227,-0.6371161341667175
,68.31874999999911,37.13124999999899,-0.5140412449836731
,49.7354166666661,18.622916666665986,-0.4098527729511261
,37.66041666666629,-2.6770833333336834,-0.25633150339126587
,66.55208333333249,22.00624999999931,-0.6779703497886658
,48.78541666666608,33.04374999999905,-0.5729038119316101
,41.75624999999953,-5.227083333333638,-0.4087197482585907
,47.327083333332766,22.30624999999929,-0.6190449595451355
,52.76458333333269,-0.8020833333337122,-0.572117269039154
,52.935416666666,12.40208333333274,-0.605506181716919
,62.95208333333251,42.18541666666561,-0.6155049800872803
,50.91458333333269,-1.2687500000003809,-0.5037052631378174
,56.89374999999933,29.752083333332504,-0.6966255307197571
,40.78124999999956,8.39374999999947,-0.5523387789726257
,49.26458333333277,25.01458333333258,-0.6665727496147156
,46.75624999999946,5.293749999999534,-0.7552556991577148
,63.94374999999921,-17.785416666666777,-0.3959349989891052
,39.227083333332935,-8.622916666666923,-0.5662097930908203
,40.06874999999957,32.59374999999912,-0.10431602597236633
,66.82291666666579,45.485416666665564,-0.6790512204170227
,57.09791666666595,33.73124999999913,-0.6823329925537109
,43.893749999999514,-0.8562500000003581,-0.6733049750328064
,67.61458333333246,55.4812499999987,-0.6661795973777771
,34.439583333333,36.014583333332354,-0.308012455701828
,67.00624999999913,22.402083333332598,-0.6673773527145386
,52.48124999999936,24.206249999999244,-0.6206473708152771
,54.8687499999993,29.402083333332506,-0.4926430583000183
,54.74374999999936,58.81458333333202,-0.4725726544857025
,59.7729166666659,49.797916666665486,-0.6237399578094482
,54.310416666666036,35.40208333333237,-0.6598551869392395
,48.53541666666611,23.218749999999257,-0.7578553557395935
,40.36458333333287,16.522916666666017,-0.39213135838508606
,58.91874999999928,42.381249999998886,-0.6050496697425842
,58.53124999999927,38.53541666666567,
,59.38124999999924,37.42708333333231,-0.6734088063240051
,62.802083333332526,14.10624999999939,-0.6083866357803345
,79.24791666666565,18.45624999999933,0.025288231670856476
,48.185416666666086,27.79374999999916,-0.059472519904375076
,43.760416666666195,17.23124999999939,-0.5972576141357422
,54.45208333333267,38.48124999999902,-0.5462422966957092
,38.635416666666245,-7.422916666666936,-0.1292298585176468
,46.814583333332806,28.897916666665818,-0.5754033923149109
,38.089583333332946,21.956249999999212,-0.6195272207260132
,69.71041666666582,28.943749999999174,-0.6388429999351501
,57.64791666666596,31.59791666666581,-0.6784793734550476
,57.756249999999305,34.91874999999908,-0.2128356397151947
,32.789583333333006,58.885416666665414,-0.2250300496816635
,64.6562499999992,-17.077083333333462,0.047432463616132736
,38.4812499999996,44.80624999999889,-0.47851797938346863
,57.32708333333264,47.88541666666546,-0.637168824672699
,54.493749999999345,58.285416666665334,-0.645193874835968
,33.49791666666633,67.16874999999852,-0.421635240316391
,52.277083333332726,49.08124999999882,-0.6041382551193237
,55.614583333332654,56.73958333333209,-0.5322762131690979
,37.0062499999996,50.435416666665496,-0.49005013704299927
,35.089583333332975,57.272916666665374,-0.15209046006202698
,56.92291666666598,13.643749999999386,
,49.72708333333274,19.664583333332615,-0.6756598353385925
,59.322916666665904,24.65208333333254,-0.618572473526001
,56.043749999999314,30.118749999999125,-0.7144509553909302
,55.35624999999932,41.61041666666566,-0.686076283454895
,50.085416666666084,19.9562499999993,-0.45631349086761475
,44.14374999999949,18.635416666665975,-0.6213153600692749
,51.5687499999994,39.58124999999896,-0.5930638909339905
,43.885416666666146,40.50208333333231,-0.5058333277702332
,64.33541666666585,35.12708333333242,-0.6484337449073792
,52.13541666666603,0.1395833333329506,-0.6838483810424805
,49.68124999999941,20.922916666665994,-0.5785018801689148
,57.98541666666593,47.514583333332205,-0.6768032908439636
,78.56041666666563,17.568749999999312,
,63.86874999999919,40.931249999998975,-0.6048410534858704
,49.68541666666608,58.50208333333196,-0.4417920410633087
,67.63541666666583,40.56874999999894,-0.6395456194877625
,50.785416666666045,37.59791666666567,-0.6294212341308594
,54.272916666666035,-7.489583333333599,-0.6930254101753235
,46.41041666666614,40.98124999999896,-0.4677836000919342
,57.45624999999927,10.18958333333282,-0.7034154534339905
,57.247916666665965,23.047916666665937,-0.7435814142227173
,48.05208333333276,-2.535416666667032,-0.704778790473938
,49.71041666666606,44.36041666666562,-0.46257442235946655
,67.84374999999919,58.160416666665306,-0.5875191688537598
,60.164583333332594,32.8270833333324,-0.6154621839523315
,59.927083333332554,34.98541666666577,-0.6229331493377686
,60.97291666666589,47.718749999998884,-0.647115170955658
,41.27291666666623,23.43541666666593,-0.5908498764038086
,34.55208333333299,38.010416666665684,-0.22944802045822144
,59.03958333333257,17.331249999999354,-0.33173781633377075
,68.81874999999911,62.40208333333193,-0.6178063154220581
,49.60624999999943,1.8729166666662136,-0.6070983409881592
,46.16458333333279,22.764583333332556,-0.6335950493812561
,45.36874999999947,1.0895833333329106,-0.7297632694244385
,52.106249999999385,16.38124999999937,-0.6769121885299683
,51.956249999999386,0.44791666666625923,-0.5670108199119568
,63.456249999999216,9.889583333332807,-0.6821432709693909
,66.4479166666658,21.03124999999929,-0.5790019631385803
,38.07291666666626,47.22291666666552,-0.3421996831893921
,50.25624999999942,55.52291666666539,-0.5369394421577454
,60.33958333333259,50.19791666666547,-0.6533816456794739
,64.4645833333325,18.18541666666601,-0.6150875687599182
,25.65208333333311,42.606249999998965,-0.26515766978263855
,53.58541666666605,43.52708333333223,-0.7262883186340332
,54.81874999999933,-6.302083333333627,-0.6800545454025269
,54.939583333332685,31.518749999999127,-0.6346362233161926
,57.11041666666597,35.69791666666572,-0.7002871036529541
,46.268749999999464,40.41041666666566,-0.4712666869163513
,43.556249999999515,-5.8979166666669585,-0.23251089453697205
,47.40624999999944,16.952083333332666,-0.6372396349906921
,55.93958333333264,8.872916666666127,-0.671610951423645
,48.97291666666609,-0.08541666666707215,-0.5741278529167175
,54.3770833333327,44.16458333333224,-0.4978562593460083
,68.13541666666576,66.13541666666524,-0.053556013852357864
,49.760416666666096,5.3937499999995,-0.6193834543228149
,51.12708333333271,10.660416666666151,-0.5350450277328491
,59.752083333332564,58.347916666665355,-0.577002763748169
,60.0479166666659,8.131249999999511,-0.4889084994792938
,65.1645833333325,14.531249999999405,-0.5980377793312073
,61.38958333333258,35.347916666665725,-0.731436550617218
,44.44791666666618,0.3979166666662763,-0.5750489234924316
,66.42291666666581,18.78958333333267,-0.5226249098777771
,43.23541666666617,44.506249999998914,-0.4578253924846649
,69.31041666666576,49.68958333333219,-0.622808575630188
,52.26874999999935,48.89374999999884,-0.6092877388000488
,39.16041666666627,42.71874999999889,-0.42361679673194885
,55.189583333332656,29.927083333332487,0.11459843069314957
,34.30624999999967,66.21458333333192,-0.4132314920425415
,47.86874999999945,-4.222916666666975,-0.3072672188282013
,37.51458333333294,34.60624999999908,-0.5175572037696838
,37.34791666666627,27.77291666666585,0.3287861943244934
,56.22291666666596,56.74374999999875,-0.6595706343650818
,54.87291666666602,-6.547916666666936,-0.6777840852737427
,68.16041666666581,26.16874999999916,-0.5639933347702026
,42.65624999999953,45.847916666665554,-0.408400297164917
,41.87708333333287,34.26874999999908,-0.2143891602754593
,52.09374999999936,21.472916666665924,-0.6968778371810913
,46.33541666666611,25.102083333332583,-0.6437231302261353
,47.247916666666114,10.231249999999475,-0.5812901258468628
,53.23124999999936,-1.4229166666669926,-0.3246072232723236
,61.71874999999922,45.177083333332256,-0.634283185005188
,64.2645833333325,57.89374999999868,-0.5735208988189697
,62.53124999999922,6.672916666666168,-0.10394340753555298
,27.406249999999773,58.160416666665306,-0.14168274402618408
,62.98124999999922,54.64374999999876,-0.5972556471824646
,66.1729166666658,55.568749999998715,-0.6472336649894714
,52.16458333333269,-7.935416666666951,-0.7000012397766113
,38.38958333333294,-1.8729166666669526,-0.09137744456529617
,52.74374999999934,27.143749999999184,-0.5598856210708618
,55.51041666666598,37.42708333333231,-0.5575492978096008
,56.55624999999932,59.86458333333197,-0.5999004244804382
,59.83958333333255,33.11874999999909,-0.6585821509361267
,33.68124999999967,52.268749999998725,-0.15171511471271515
,53.03124999999937,-2.9854166666670205,-0.6836373209953308
,53.64374999999938,23.747916666665898,0.08771122992038727
,68.94791666666576,26.622916666665876,-0.5772145986557007
,63.45208333333255,26.593749999999176,-0.6821596622467041
,67.60624999999914,39.68124999999901,-0.5998608469963074
,57.89791666666598,31.38124999999914,-0.6537749767303467
,49.86458333333276,16.73958333333266,-0.7067660093307495
,35.91041666666632,46.22291666666555,-0.3896452784538269
,48.42708333333278,0.10624999999959071,-0.6508690714836121
,54.58541666666599,-1.8229166666669983,-0.5770869851112366
,38.91874999999961,56.03958333333205,-0.17170313000679016
,64.96874999999918,13.006249999999396,-0.6766170263290405
,56.672916666665955,22.368749999999263,-0.5933673977851868
,61.3687499999992,52.5020833333321,-0.6566678285598755
,51.289583333332736,59.722916666665355,-0.5330948233604431
,44.83124999999948,15.777083333332712,-0.6908740401268005
,53.40208333333269,-1.789583333333695,-0.6691291928291321
,36.10624999999965,46.50208333333216,-0.4146847128868103
,51.6645833333327,6.081249999999499,-0.7187163233757019
,48.856249999999434,24.877083333332536,-0.6189544796943665
,39.21874999999957,-6.8479166666669755,0.15315721929073334
,36.12291666666629,43.69791666666557,-0.3823026418685913
,49.48541666666608,29.656249999999172,-0.5741558074951172
,52.47291666666604,-8.602083333333553,-0.66754150390625
,34.07291666666633,57.42291666666535,-0.187530517578125
,52.931249999999345,20.572916666665943,-0.6184588670730591
,52.560416666666036,54.110416666665394,-0.486907958984375
,33.31458333333302,49.07291666666549,-0.34105566143989563
,33.03541666666636,46.643749999998896,-0.1972079575061798
,79.57291666666563,14.21874999999943,-0.04921308532357216
,47.872916666666114,24.977083333332587,-0.7103351354598999
,50.6145833333327,22.302083333332632,-0.648789644241333
,62.643749999999216,42.25624999999897,-0.6327716708183289
,63.702083333332524,48.97708333333218,-0.6442351341247559
,32.01458333333303,55.96041666666537,-0.18590490520000458
,57.531249999999275,34.0270833333324,-0.6528508067131042
,66.97708333333249,16.906249999999343,-0.5375095009803772
,47.26874999999946,38.41874999999896,-0.49892547726631165
,27.202083333333096,55.631249999998744,-0.09717288613319397
,33.631249999999696,48.63124999999885,-0.43010225892066956
,38.35624999999958,58.71874999999872,-0.1847127377986908
,38.44374999999959,58.56458333333203,-0.20145711302757263
,65.08541666666585,29.15208333333251,-0.6757737398147583
,56.7812499999993,31.643749999999134,-0.6557227373123169
,53.418749999999356,52.34791666666541,-0.60715252161026
,49.6437499999994,35.44374999999902,-0.5027618408203125
,50.14791666666609,34.285416666665725,-0.7173426151275635
,53.372916666666036,-6.627083333333616,-0.6930899024009705
,59.13124999999923,54.48124999999876,-0.644171953201294
,67.06874999999914,35.289583333332416,-0.598975419998169
,51.331249999999386,45.24791666666556,-0.4921334385871887
,50.93958333333275,21.36874999999929,-0.593977153301239
,60.15208333333258,55.6354166666654,-0.6265925168991089
,19.156249999999908,49.35208333333219,-0.25047767162323
,40.39374999999957,-3.9437500000003345,-0.5933109521865845
,68.63124999999914,23.585416666665964,-0.118439681828022
,40.84374999999956,9.552083333332801,-0.46895644068717957
,62.118749999999196,46.335416666665594,-0.602489173412323
,68.71041666666582,63.53958333333195,-0.5841951966285706
,60.30208333333258,39.85208333333233,-0.6494617462158203
,54.485416666665984,22.122916666665983,-0.6688134074211121
,53.82708333333269,44.52291666666554,-0.5901415348052979
,50.65624999999938,29.989583333332458,-0.6259801983833313
,59.29374999999926,39.05208333333231,-0.6807895302772522
,49.114583333332725,38.172916666665714,-0.6881704330444336
,30.556249999999704,51.91874999999876,-0.36770424246788025
,52.39791666666603,-2.2479166666670096,-0.5000702142715454
,51.22291666666607,34.235416666665735,-0.6859678030014038
,45.81041666666615,28.535416666665867,-0.5441306829452515
,32.67291666666632,57.62291666666536,-0.16703008115291595
,47.556249999999444,38.38124999999905,-0.5578049421310425
,50.64374999999939,4.235416666666197,-0.6208990216255188
,39.46041666666627,40.6979166666656,-0.5529699921607971
,47.58124999999944,33.010416666665805,-0.5767248272895813
,57.8395833333326,53.68541666666547,-0.6379061341285706
,62.260416666665876,33.710416666665765,-0.7534968852996826
,54.76874999999935,28.214583333332513,-0.7033457159996033
,48.67291666666609,24.04374999999922,-0.5024917721748352
,48.13958333333281,29.660416666665835,-0.5934200882911682
,42.96874999999954,-3.4312500000003183,-0.4764916002750397
,63.89999999999922,-19.658333333333417,-0.2693108916282654
,59.1395833333326,43.24791666666562,-0.6836681365966797
,63.456249999999216,-18.40208333333339,-0.0028591626323759556
,39.03124999999961,38.31874999999901,-0.4177975654602051
,14.110416666666628,44.447916666665606,-0.4969428777694702
,40.08124999999955,26.527083333332545,0.21784472465515137
,46.852083333332814,30.581249999999127,-0.33713942766189575
,34.15208333333302,64.20624999999859,-0.39519378542900085
,64.41874999999919,-21.747916666666697,-0.6089538335800171
,46.268749999999464,0.022916666666247917,-0.6808398365974426
,68.26874999999913,62.060416666665276,-0.6566576957702637
,48.00208333333279,28.13124999999917,-0.5437045097351074
,40.87291666666621,21.056249999999324,
,48.54374999999943,23.489583333332572,-0.6294814348220825
,45.63124999999949,25.9979166666659,-0.5828896760940552
,52.74791666666604,25.439583333332592,-0.6193768978118896
,54.647916666666,34.152083333332406,-0.7095831036567688
,66.33958333333246,49.910416666665526,-0.6563968062400818
,52.285416666666016,-7.3854166666669405,-0.6817280650138855
,44.91041666666615,7.556249999999551,-0.5768728256225586
,33.55208333333302,64.5145833333319,-0.4081520140171051
,67.72291666666577,52.14791666666548,-0.3062150180339813
,26.8770833333331,55.235416666665365,-0.11036230623722076
,40.91041666666621,47.60208333333218,-0.6488711833953857
,53.59374999999936,13.239583333332774,-0.690345823764801
,52.03958333333272,-1.2979166666669926,-0.532517671585083
,47.618749999999444,5.064583333332904,-0.5323343873023987
,55.06041666666597,51.73958333333212,-0.6617792248725891
,38.38958333333294,40.52708333333228,-0.4885779321193695
,56.56874999999929,50.4062499999988,-0.6177940368652344
,60.59791666666592,37.11874999999901,-0.6229771375656128
,52.50624999999935,-2.1979166666670267,-0.589542806148529
,63.97291666666586,-18.339583333333447,-0.37762540578842163
,60.46874999999926,34.16874999999903,-0.6918414831161499
,36.7979166666663,57.172916666665316,-0.17029260098934174
,46.31458333333278,14.922916666666055,-0.5387061238288879
,53.75624999999932,53.91874999999876,-0.5969629287719727
,56.768749999999294,48.06874999999886,-0.6290891766548157
,42.36458333333288,1.5895833333329392,-0.6820775270462036
,35.06458333333298,24.785416666665952,-0.4817211925983429
,47.227083333332786,26.15208333333254,-0.42987245321273804
,50.14374999999938,2.364583333332945,-0.7093333601951599
,48.75208333333276,24.85624999999922,-0.5752059817314148
,60.352083333332565,48.45208333333221,-0.6658685803413391
,39.70624999999957,43.06041666666556,-0.4483356475830078
,50.79374999999942,29.031249999999147,-0.6813049912452698
,52.92708333333269,41.893749999998924,-0.6991614103317261
,29.03958333333309,59.752083333331946,-0.1739664077758789
,49.90208333333272,57.36458333333204,-0.4109226167201996
,35.91874999999964,48.86458333333215,-0.29976361989974976
,34.28124999999967,35.931249999999096,-0.5581749081611633
,51.556249999999366,24.26041666666589,-0.6599011421203613
,64.08541666666585,59.05624999999871,-0.5214969515800476
,43.83541666666616,41.16458333333227,-0.5489819049835205
,62.668749999999235,55.347916666665384,-0.609615683555603
,50.7312499999994,4.231249999999534,-0.2974381446838379
,36.922916666666296,-6.347916666666918,-0.18837927281856537
,59.05624999999926,32.46874999999909,-0.7042585015296936
,55.93958333333264,38.21041666666562,-0.6630994081497192
,54.63958333333269,58.885416666665414,-0.5961791276931763
,56.747916666665986,32.36041666666574,-0.6181266903877258
,56.331249999999294,60.14374999999867,-0.5849541425704956
,65.44791666666586,54.189583333332074,-0.6199849843978882
,37.32708333333293,14.052083333332746,-0.36011335253715515
,47.76041666666613,7.06458333333282,-0.6922816634178162
,53.052083333332696,-2.0145833333336896,-0.6657443642616272
,45.93124999999944,17.822916666665975,-0.5732871890068054
,49.031249999999424,10.385416666666089,-0.6646287441253662
,35.018749999999656,51.96874999999883,-0.18042202293872833
,38.83124999999958,56.86041666666534,-0.07919755578041077
,28.19374999999975,59.59791666666531,-0.09955679625272751
,45.27291666666615,40.193749999999,-0.3876361548900604
,42.54374999999953,8.793749999999447,-0.5651090741157532
,60.84791666666589,42.606249999998965,-0.7003493905067444
,38.70624999999957,27.45624999999916,-0.5360061526298523
,43.34791666666618,-3.327083333333661,-0.4835020899772644
,33.86874999999964,35.9979166666657,-0.3638211488723755
,64.73541666666583,49.68541666666544,-0.6157393455505371
,56.039583333332644,9.78124999999943,
,40.16874999999954,-6.66041666666689,-0.601388156414032
,59.527083333332605,50.57708333333212,-0.6694958806037903
,70.51458333333241,29.35208333333253,-0.5836998224258423
,65.08958333333246,13.685416666666072,-0.4789995551109314
,55.58124999999931,8.464583333332854,-0.6818821430206299
,59.76041666666592,56.16041666666538,-0.5938501358032227
,69.21874999999912,22.122916666665983,-0.5809739232063293
,38.58958333333292,48.797916666665515,-0.6128657460212708
,22.4729166666665,57.660416666665384,-0.17951232194900513
,59.59374999999926,40.093749999999034,-0.6232461333274841
,62.02291666666589,7.581249999999498,-0.5373865962028503
,61.34374999999925,31.81874999999911,
,41.67708333333285,42.36458333333226,-0.7005435228347778
,54.3145833333327,29.752083333332504,-0.7049188613891602
,46.16041666666612,39.74791666666561,-0.6234775185585022
,79.2104166666656,13.468749999999403,0.2833784222602844
,61.83958333333253,52.28541666666547,-0.6607978343963623
,60.33541666666592,42.42708333333231,-0.6013622283935547
,32.26874999999969,50.83958333333211,-0.44674238562583923
,40.38124999999954,31.835416666665765,-0.4802033305168152
,49.3062499999994,-0.4687500000003694,-0.6358309388160706
,51.789583333332715,35.4104166666657,-0.6775349378585815
,55.914583333332644,56.07291666666538,-0.6624606251716614
,38.697916666666245,29.735416666665856,-0.41897860169410706
,53.83124999999935,40.510416666665634,-0.6021760702133179
,47.4395833333328,-1.2895833333336666,-0.566085934638977
,36.8312499999996,40.902083333332286,-0.3498874604701996
,62.84791666666589,24.48958333333252,-0.6682761907577515
,67.88958333333247,17.77708333333265,-0.493525892496109
,25.564583333333122,38.69791666666569,-0.19217917323112488
,63.83541666666584,14.285416666666064,-0.6174625158309937
,51.25208333333271,25.21041666666588,-0.6854967474937439
,48.50624999999942,7.268749999999529,-0.2664541006088257
,36.57708333333294,32.25624999999911,-0.327062726020813
,43.16874999999951,-7.197916666666913,-0.7360785007476807
,35.14374999999966,45.614583333332234,-0.2823694944381714
,39.99374999999956,-2.2520833333336725,-0.515471875667572
,66.73124999999914,15.031249999999432,-0.04707163944840431
,55.989583333332625,32.23958333333246,-0.6846237182617188
,33.71874999999965,49.25208333333213,-0.3011420965194702
,30.618749999999718,47.66874999999891,0.49033868312835693
,46.560416666666136,-1.0395833333336668,-0.5900415182113647
,58.53541666666594,58.6354166666653,-0.5632860064506531
,51.99791666666606,27.922916666665827,-0.6845183372497559
,60.493749999999245,23.939583333332592,-0.5976523160934448
,57.927083333332604,41.210416666665594,-0.628322184085846
,40.122916666666256,-8.656250000000199,-0.4718492329120636
,51.272916666666056,21.44374999999931,-0.6666631698608398
,63.59374999999918,52.20624999999879,-0.6370565295219421
,45.88124999999946,20.989583333332632,-0.5759232640266418
,63.73541666666585,-19.168750000000102,
,64.66874999999924,-21.156250000000053,-0.4646455943584442
,66.47708333333246,56.352083333332104,-0.6617820262908936
,38.35208333333293,48.422916666665515,-0.3623560667037964
,42.68958333333288,-2.2479166666670096,-0.6672856211662292
,49.72708333333274,19.981249999999335,-0.5883519649505615
,65.08541666666585,-17.114583333333453,-0.07218381017446518
,55.160416666666,56.71874999999872,-0.6057138442993164
,27.572916666666412,55.46458333333208,-0.0907503068447113
,45.88124999999946,26.81458333333256,-0.20174655318260193
,62.36458333333255,9.627083333332818,-0.5653029680252075
,37.843749999999595,39.131249999999,-0.28480297327041626
,53.16458333333269,6.897916666666162,-0.5562464594841003
,53.22708333333269,20.235416666665913,-0.6821985244750977
,44.943749999999504,15.639583333332753,-0.6948677897453308
,28.243749999999775,57.589583333332,-0.4702596664428711
,48.902083333332776,9.98541666666611,-0.6788568496704102
,30.581249999999727,55.66874999999877,-0.3205476701259613
,66.56458333333245,16.031249999999403,-0.5651388764381409
,30.018749999999724,54.69791666666541,-0.1530008614063263
,43.481249999999484,5.7062499999995,-0.4727094769477844
,30.03958333333304,52.10624999999882,-0.3998929262161255
,37.777083333332925,-6.814583333333587,-0.278353750705719
,44.52708333333282,18.610416666666026,-0.49903011322021484
,61.306249999999245,38.4729166666657,-0.7024847269058228
,44.69791666666615,12.177083333332744,-0.309222549200058
,49.27708333333275,13.152083333332769,-0.6972973346710205
,70.85624999999908,28.90624999999915,-0.663048505783081
,44.31874999999952,11.502083333332733,-0.4760611355304718
,34.34791666666634,46.427083333332234,-0.4240485429763794
,64.80208333333252,-17.543750000000074,0.021713299676775932
,32.010416666666366,59.98124999999868,-0.20435798168182373
,50.989583333332746,35.9979166666657,-0.5325491428375244
,53.15624999999933,32.86874999999907,-0.678093671798706
,48.22708333333275,57.54791666666533,-0.39052513241767883
,48.39791666666609,29.35208333333253,-0.5611822009086609
,70.27291666666576,30.310416666665812,-0.5418083071708679
,39.093749999999574,42.34791666666563,-0.4256938099861145
,37.01874999999962,57.43124999999873,-0.25904616713523865
,44.493749999999515,15.57291666666603,-0.6968525648117065
,32.48958333333301,48.672916666665515,-0.21373803913593292
,58.439583333332585,45.46874999999886,-0.5340460538864136
,55.56458333333268,-1.9354166666670383,-0.5776532292366028
,64.71458333333248,34.46874999999912,-0.6771279573440552
,62.54374999999919,23.6229166666659,-0.47138214111328125
,39.764583333332865,32.78958333333247,
,63.99374999999918,28.39374999999916,-0.6426224112510681
,49.69374999999939,12.943749999999424,-0.6543909311294556
,31.07291666666636,44.71874999999892,-0.31283894181251526
,36.868749999999615,50.55624999999884,-0.6801841855049133
,64.84374999999915,-21.30625000000006,-0.5773155093193054
,50.906249999999396,46.93541666666559,-0.4973949193954468
,60.9812499999992,13.514583333332723,-0.631953239440918
,22.50624999999986,57.30208333333198,-0.126718670129776
,46.027083333332804,-1.0312500000003413,-0.5493115186691284
,51.2062499999994,52.92291666666546,-0.4826386570930481
,52.90624999999936,46.71874999999891,-0.6861176490783691
,36.89374999999961,45.75208333333222,-0.3175886273384094
,60.318749999999234,45.552083333332206,-0.6338561177253723
,30.497916666666413,66.92708333333182,-0.21182939410209656
,38.56458333333292,45.06041666666558,-0.4910109341144562
,60.4854166666659,36.59791666666569,-0.6750187277793884
,60.87291666666592,51.27708333333208,-0.6806811094284058
,49.210416666666084,21.889583333332606,-0.6813305020332336
,42.914583333332835,41.85624999999893,-0.7366641163825989
,55.18541666666599,23.89791666666593,-0.580488383769989
,62.98958333333253,57.01041666666541,-0.6036758422851562
,57.87708333333261,27.09791666666584,-0.6545257568359375
,37.06874999999964,47.09374999999886,-0.3137252926826477
,58.89374999999926,41.11458333333229,-0.7172847390174866
,59.714583333332605,49.985416666665465,-0.6382806897163391
,63.44374999999919,24.106249999999278,-0.6107730269432068
,70.0520833333324,59.152083333332016,-0.546541690826416
,68.54374999999911,20.54791666666597,-0.6234830021858215
,64.2395833333325,-16.093750000000114,-0.225205659866333
,67.34374999999912,52.32708333333212,-0.589378297328949
,51.31874999999938,15.427083333332748,-0.3343048691749573
,40.768749999999535,26.614583333332543,-0.43984994292259216
,48.539583333332764,56.03541666666538,-0.3229641020298004
,54.93541666666598,-2.531250000000369,-0.7034711837768555
,54.58124999999934,-7.285416666666919,-0.6746923923492432
,44.539583333332835,23.9979166666659,-0.6785221695899963
,69.12708333333245,25.531249999999144,-0.5882717967033386
,52.95624999999934,49.03541666666546,-0.515580952167511
,38.40208333333292,47.26041666666551,-0.6216650605201721
,48.10624999999945,33.5812499999991,-0.4553402364253998
,49.92708333333277,4.081249999999585,-0.6365100741386414
,54.38958333333268,18.0812499999993,-0.5818777680397034
,51.99791666666606,4.69374999999954,-0.5405802726745605
,50.814583333332735,8.964583333332797,-0.6976726651191711
,54.41041666666601,56.98541666666537,-0.6397642493247986
,49.67708333333275,20.92708333333266,-0.5543279051780701
,58.00624999999926,13.618749999999435,-0.6180490255355835
,51.35624999999939,24.82291666666589,-0.6872819066047668
,42.21874999999954,-2.2229166666670324,-0.4988037049770355
,57.560416666665965,-5.339583333333649,-0.5570070147514343
,51.831249999999365,8.31458333333279,-0.6694890260696411
,53.48958333333268,-9.514583333333519,
,60.80624999999927,24.247916666665926,-0.7164416909217834
,59.34374999999927,41.760416666665606,-0.6756143569946289
,37.7354166666663,-6.8104166666669235,-0.39510607719421387
,63.322916666665876,51.92291666666543,-0.6355143785476685
,54.102083333332686,41.93541666666561,-0.623467206954956
,41.135416666666195,21.168749999999278,0.11467069387435913
,61.922916666665856,26.99791666666587,-0.6459283232688904
,55.227083333332665,40.83541666666567,-0.6292271614074707
,50.89791666666604,8.027083333332795,-0.34735074639320374
,69.37708333333248,49.63958333333221,-0.4547343850135803
,54.018749999999315,-7.377083333333615,-0.672243058681488
,37.3187499999996,27.706249999999155,-0.4471833109855652
,49.110416666666076,36.78124999999909,-0.5401953458786011
,53.114583333332696,-8.777083333333591,-0.6750408411026001
,56.881249999999305,37.57291666666572,-0.7247297167778015
,48.26874999999943,27.081249999999212,-0.5741397738456726
,59.80624999999927,39.122916666665674,
,48.23958333333276,5.897916666666191,-0.6038897633552551
,56.07291666666596,33.37708333333242,-0.6611291766166687
,44.34374999999951,22.18124999999929,-0.6198372840881348
,61.8312499999992,17.156249999999343,-0.6920386552810669
,40.21458333333291,28.02291666666588,
,61.82708333333257,44.82708333333221,-0.6320866346359253
,51.302083333332696,51.193749999998765,-0.413602352142334
,57.67708333333263,36.31041666666576,-0.661655604839325
,32.160416666666364,59.356249999998646,-0.1475401669740677
,67.15208333333248,22.260416666665975,-0.6315265893936157
,40.122916666666256,46.06041666666553,-0.35669639706611633
,53.88124999999933,-8.710416666666928,-0.6273517608642578
,64.5645833333325,28.914583333332473,-0.6428418159484863
,56.7562499999993,40.43541666666561,-0.6764261722564697
,26.81874999999976,40.339583333332314,-0.2849084734916687
,65.38124999999913,16.48958333333266,-0.5261334776878357
,40.114583333332895,-4.014583333333633,-0.5810929536819458
,51.677083333332725,24.581249999999272,-0.6299676895141602
,39.64374999999958,22.656249999999286,-0.48026278614997864
,37.34791666666627,31.56041666666578,-0.28435206413269043
,48.52708333333275,7.381249999999455,-0.3957332670688629
,53.697916666666025,-1.8562500000003581,-0.5905535221099854
,52.97291666666603,29.78541666666575,-0.715753436088562
,53.73124999999933,57.581249999998704,-0.5468149185180664
,37.402083333332946,22.431249999999206,-0.46959614753723145
,52.35624999999935,44.48124999999888,-0.6370346546173096
,43.04791666666621,-8.422916666666936,-0.6473094820976257
,56.17708333333263,50.93958333333208,-0.664879322052002
,56.352083333332615,49.106249999998845,-0.6595682501792908
,57.5437499999993,18.577083333332666,-0.6635122895240784
,47.4104166666661,16.406249999999318,-0.6189428567886353
,39.822916666666224,26.581249999999184,-0.5627403259277344
,48.19374999999945,24.302083333332572,-0.7456002831459045
,57.71458333333263,12.9354166666661,-0.540977954864502
,51.218749999999375,58.07291666666541,-0.6633122563362122
,48.856249999999434,15.481249999999394,-0.533318042755127
,40.85624999999958,45.72708333333227,-0.2303861826658249
,55.031249999999346,-8.172916666666936,-0.5772799849510193
,45.352083333332835,35.002083333332386,-0.47249287366867065
,30.88124999999969,60.8687499999987,-0.10675976425409317
,65.09791666666584,-17.293750000000102,-0.039750125259160995
,68.81041666666579,48.83541666666553,-0.6389709115028381
,37.910416666666244,36.73124999999902,-0.33087098598480225
,26.452083333333096,43.31041666666558,-0.23559126257896423
,38.38958333333294,29.41041666666584,-0.43657225370407104
,61.89374999999922,57.402083333332065,-0.6397544145584106
,59.69791666666593,52.11874999999879,-0.7045592665672302
,31.981249999999704,52.60624999999873,-0.11619504541158676
,47.84374999999942,25.20208333333255,-0.6805558204650879
,63.81041666666588,-18.422916666666737,-0.46477314829826355
,32.74374999999968,43.56041666666558,
,30.53124999999971,57.71458333333203,-0.19140732288360596
,54.36874999999934,-7.793750000000217,-0.5549128651618958
,55.364583333332675,28.635416666665833,-0.6848534345626831
,63.76458333333252,36.25624999999903,-0.691047191619873
,38.01874999999958,22.556249999999206,-0.5673674941062927
,37.389583333332936,-8.656250000000199,-0.468166321516037
,64.25624999999918,-16.143750000000097,-0.08071989566087723
,58.31874999999929,32.32708333333247,-0.6790425181388855
,38.53541666666624,42.62291666666558,
,62.66041666666589,55.13958333333205,-0.5747306942939758
,61.30208333333253,11.956249999999441,-0.6401437520980835
,39.69374999999957,46.331249999998924,-0.5935621857643127
,48.70208333333278,2.1270833333329047,-0.532280445098877
,64.63541666666586,54.83541666666548,-0.6638278365135193
,30.35624999999973,53.89791666666539,-0.16832593083381653
,66.50624999999911,30.42291666666577,-0.6053453087806702
,50.83541666666606,-4.022916666667015,-0.6690706014633179
,26.139583333333128,62.01874999999867,-0.16847193241119385
,30.381249999999714,49.3020833333322,-0.051431212574243546
,43.53124999999951,0.7729166666663047,-0.569108784198761
,66.06041666666579,45.614583333332234,-0.6969219446182251
,32.73124999999967,51.76458333333215,-0.2321496307849884
,53.23124999999936,34.510416666665776,-0.5428379774093628
,49.46458333333276,44.33958333333222,-0.5571439266204834
,67.93958333333245,62.08958333333197,-0.5981636643409729
,62.04791666666588,17.139583333332723,-0.6793652772903442
,46.46041666666612,18.314583333332674,-0.5635701417922974
,53.75624999999932,57.07291666666534,-0.6433013677597046
,66.96041666666582,26.377083333332504,-0.6852508783340454
,33.493749999999665,47.622916666665475,-0.38435885310173035
,43.91874999999952,11.568749999999453,-0.6846849918365479
,56.01041666666597,-3.864583333333684,-0.5262215733528137
,44.56458333333283,20.19374999999934,-0.6552624702453613
,26.56041666666643,62.435416666665304,-0.04592478647828102
,55.414583333332665,-1.677083333333627,-0.5805237889289856
,42.122916666666164,-5.189583333333644,-0.49936825037002563
,40.87291666666621,21.043749999999246,
,52.435416666666036,-3.0687500000003634,-0.6382681727409363
,43.97708333333284,6.306249999999466,-0.5299235582351685
,34.66874999999963,47.04791666666551,-0.45422807335853577
,35.272916666666326,65.77708333333192,-0.3949739634990692
,51.331249999999386,45.24374999999889,-0.5009875297546387
,42.639583333332844,-8.560416666666924,-0.5649168491363525
,54.839583333332655,39.86041666666566,-0.6108807325363159
,49.760416666666096,33.33541666666573,-0.6180328130722046
,55.33958333333265,59.689583333331996,-0.5545750260353088
,48.59374999999941,-1.0020833333337293,-0.6716005802154541
,32.727083333333006,53.827083333332126,-0.19819872081279755
,65.88541666666585,15.464583333332653,-0.6364004611968994
,59.122916666665915,44.27291666666562,-0.6583471894264221
,51.614583333332725,-3.4104166666670035,-0.30251839756965637
,55.50208333333268,38.264583333332354,-0.5997160077095032
,55.093749999999346,49.83958333333214,-0.6687480211257935
,37.664583333332935,37.33958333333234,-0.42767149209976196
,47.922916666666104,29.710416666665818,-0.6068544983863831
,18.685416666666573,44.42291666666557,-0.25002405047416687
,52.035416666666016,21.635416666665943,-0.6562741994857788
,48.10624999999945,41.12291666666562,-0.5801917314529419
,48.48541666666609,39.50208333333237,-0.42693188786506653
,45.3895833333328,38.93124999999898,-0.46431347727775574
,65.83958333333246,-23.18958333333333,-0.42842069268226624
,31.06041666666639,59.38958333333199,-0.16967524588108063
,67.5562499999991,57.172916666665316,-0.6206732392311096
,54.622916666666,9.668749999999504,-0.5843498110771179
,62.502083333332536,58.64791666666536,-0.6000509858131409
,55.310416666666,51.02291666666551,-0.6004285216331482
,37.7312499999996,40.67291666666565,-0.48355185985565186
,47.339583333332776,6.185416666666213,-0.7191311717033386
,33.03958333333298,48.589583333332165,-0.22291342914104462
,42.93958333333284,-4.664583333333666,-0.5728912949562073
,56.19791666666597,21.50208333333262,-0.608643114566803
,64.69791666666586,47.18124999999883,-0.6201635003089905
,55.33958333333265,59.45208333333203,-0.5180419087409973
,57.510416666665954,48.52708333333223,-0.5972582697868347
,51.05208333333273,11.502083333332733,-0.6758077144622803
,47.91458333333278,8.67708333333286,-0.33724692463874817
,67.38958333333247,29.956249999999187,-0.6311260461807251
,38.518749999999606,46.76041666666552,-0.4366230368614197
,38.25624999999961,37.531249999999034,-0.4292988181114197
,32.06874999999967,51.156249999998835,-0.3037511110305786
,62.097916666665895,46.74374999999886,-0.5494318604469299
,37.98958333333293,-7.060416666666953,-0.5388510823249817
,53.99374999999936,25.63958333333252,-0.655978262424469
,37.235416666666275,50.23541666666546,-0.4119798243045807
,57.9937499999993,28.0687499999992,
,58.50208333333261,55.12708333333208,-0.6208726763725281
,51.49374999999936,17.164583333332672,-0.5088784098625183
,57.639583333332624,42.864583333332284,-0.659616231918335
,31.827083333333018,56.89791666666536,-0.23159939050674438
,41.197916666666195,46.977083333332246,-0.139090895652771
,51.268749999999386,21.406249999999318,-0.6388046145439148
,67.39374999999913,44.09791666666555,-0.6898935437202454
,63.602083333332544,30.002083333332507,-0.6741808652877808
,41.69374999999951,-6.643750000000296,-0.6406636834144592
,36.210416666666326,56.32708333333207,-0.17700815200805664
,68.35624999999912,25.6229166666659,-0.5907911062240601
,42.431249999999544,45.46874999999886,-0.42758339643478394
,56.48958333333265,27.45624999999916,-0.6742957234382629
,47.60208333333277,36.41041666666572,-0.579967737197876
,59.63124999999926,35.3312499999991,-0.6007421612739563
,54.04374999999934,38.881249999999,-0.5987696647644043
,35.96041666666631,46.210416666665594,-0.33515626192092896
,66.18958333333248,14.40208333333274,-0.12148523330688477
,27.085416666666454,54.456249999998704,-0.10299097746610641
,65.54374999999916,56.77708333333209,-0.6541098356246948
,62.052083333332526,12.956249999999413,-0.530057966709137
,61.54374999999923,46.747916666665525,-0.6269114017486572
,46.206249999999436,5.1062499999995055,-0.7082591652870178
,57.389583333332595,-2.802083333333684,-0.6752735376358032
,28.28958333333308,56.40208333333208,-0.16900435090065002
,67.36458333333249,63.93541666666526,-0.5690667033195496
,42.427083333332874,44.57291666666552,-0.6854342818260193
,40.44791666666625,37.83541666666571,-0.5966915488243103
,47.722916666666116,24.57708333333261,-0.7656621336936951
,50.702083333332716,14.422916666666026,-0.6390502452850342
,64.03958333333253,-18.268750000000065,-0.33418887853622437
,59.22291666666594,44.6520833333322,-0.6461986303329468
,54.22291666666601,25.910416666665924,-0.6867032647132874
,53.597916666666016,44.9812499999989,-0.5504112243652344
,41.11458333333286,47.152083333332165,-0.6194636225700378
,39.06041666666624,38.91041666666567,-0.3417191803455353
,49.97291666666605,12.277083333332738,-0.6731262803077698
,41.91458333333288,-8.59791666666689,-0.7748488187789917
,66.1020833333325,-17.2604166666668,-0.5788240432739258
,68.42708333333246,23.235416666665884,-0.6044018864631653
,49.52291666666609,50.047916666665486,-0.520286500453949
,48.14791666666612,29.593749999999144,-0.5664717555046082
,64.35624999999916,49.30624999999887,-0.6257487535476685
,43.46874999999951,41.047916666665685,-0.6954489946365356
,61.41041666666592,14.002083333332678,-0.5989983081817627
,57.49374999999927,25.77291666666585,-0.67159503698349
,55.497916666666,9.314583333332848,-0.6814110279083252
,68.02708333333248,33.46874999999906,-0.5630506873130798
,54.65624999999931,-7.785416666666948,-0.6038450002670288
,44.785416666666144,9.8729166666661,-0.5928674936294556
,53.764583333332695,45.19374999999891,-0.5698726773262024
,73.75624999999903,55.622916666665446,-0.46920478343963623
,57.59374999999929,25.95624999999924,-0.630044162273407
,64.83124999999919,28.297916666665824,-0.6498803496360779
,50.37708333333273,39.606249999998994,-0.672982931137085
,31.32708333333303,53.33958333333206,-0.16152280569076538
,57.36458333333261,37.622916666665695,-0.4986277222633362
,59.19374999999925,51.831249999998754,-0.7088865041732788
,50.11874999999938,4.002083333332905,-0.6164136528968811
,47.19374999999945,47.02291666666548,-0.5753392577171326
,67.36458333333249,61.60208333333199,-0.6702532172203064
,57.81041666666595,45.51874999999893,-0.6782814264297485
,36.0229166666663,50.23541666666546,-0.2404014617204666
,56.26458333333263,41.760416666665606,-0.6675494313240051
,33.935416666666306,50.718749999998856,-0.1901121884584427
,69.27708333333243,21.847916666665952,-0.5890743136405945
,62.79374999999921,59.09374999999867,-0.5272413492202759
,34.67291666666634,59.78124999999864,-0.2094794660806656
,59.16458333333259,39.32291666666563,-0.6558904051780701
,75.96041666666565,65.58541666666521,0.09124410897493362
,55.86458333333263,57.93958333333207,-0.6181190609931946
,47.39791666666613,3.1395833333329217,-0.5972548127174377
,52.5395833333327,53.08124999999882,-0.5812425017356873
,51.13958333333272,28.547916666665852,-0.6737415790557861
,77.57291666666563,16.872916666665986,
,63.48958333333251,48.19374999999888,-0.6740121245384216
,58.36458333333261,25.631249999999223,-0.5900800824165344
,58.7520833333326,43.356249999998916,-0.6532257795333862
,56.82291666666596,51.989583333332114,-0.6406935453414917
,56.81874999999931,30.256249999999085,-0.683165431022644
,61.48958333333255,45.972916666665554,-0.654792845249176
,55.76874999999931,-2.94791666666697,-0.6673493385314941
,52.95208333333268,31.385416666665805,-0.6915625929832458
,30.572916666666384,47.7562499999988,-0.18286652863025665
,48.556249999999444,-3.1520833333336213,-0.5586608648300171
,27.031249999999766,54.01874999999873,-0.10058647394180298
,63.67291666666586,45.13958333333227,-0.6240358352661133
,43.577083333332844,47.1854166666655,-0.49574658274650574
,41.18124999999957,28.402083333332456,-0.5684289932250977
,56.84791666666594,12.693749999999426,-0.6234486103057861
,38.58958333333292,-8.652083333333591,-0.5909930467605591
,60.51458333333257,13.022916666666106,-0.6568006873130798
,47.96041666666611,5.747916666666241,-0.6542856693267822
,54.064583333332685,29.664583333332498,-0.6337848901748657
,49.4687499999994,10.03124999999946,-0.3555244207382202
,55.29374999999933,-3.193750000000335,-0.6766963005065918
,55.085416666665985,32.052083333332405,-0.6799139976501465
,29.69791666666638,56.581249999998725,-0.1888219118118286
,52.4520833333327,0.6062499999996191,-0.6855474710464478
,55.135416666666,40.943749999998964,-0.666064441204071
,56.964583333332634,39.93541666666567,-0.6653825044631958
,56.93124999999929,-3.4187500000003577,-0.6072534322738647
,54.38124999999936,58.75624999999865,-0.5607116222381592
,40.5395833333329,48.70624999999887,-0.30761778354644775
,25.868749999999785,42.727083333332295,-0.20545898377895355
,34.722916666666315,60.99374999999869,-0.20286588370800018
,69.18958333333242,34.18124999999909,0.0917234718799591
,37.235416666666275,45.86458333333226,-0.14437712728977203
,60.68958333333257,40.21874999999895,-0.6434434652328491
,62.44374999999923,44.98541666666558,-0.6496515870094299
,57.81874999999931,13.110416666666111,-0.7092117071151733
,52.86458333333269,26.61874999999921,-0.6830690503120422
,44.18541666666615,40.28958333333233,-0.6586113572120667
,35.02291666666631,63.56041666666525,-0.23746205866336823
,42.902083333332875,11.085416666666049,-0.4232991337776184
,43.060416666666185,25.60624999999919,-0.247847318649292
,38.09791666666625,21.727083333332583,-0.5326671600341797
,50.26874999999939,25.872916666665816,-0.7237751483917236
,44.83958333333283,34.00208333333245,-0.47117879986763
,78.68124999999895,17.11458333333269,
,37.75624999999958,44.0812499999989,-0.30133625864982605
,23.093749999999837,50.468749999998835,-0.2336009293794632
,48.439583333332756,4.956249999999527,-0.5252383351325989
,66.58958333333246,28.035416666665835,-0.6410372853279114
,18.77708333333323,41.68124999999892,-0.5105225443840027
,45.52708333333282,16.935416666666043,-0.32643377780914307
,62.24791666666585,9.006249999999453,-0.5946211814880371
,58.97708333333263,27.4687499999992,
,57.52708333333261,54.51041666666543,-0.6384294629096985
,46.08541666666615,25.56041666666584,-0.5707018375396729
,37.556249999999615,48.23124999999887,-0.40221837162971497
,53.30624999999936,6.139583333332893,-0.5673906207084656
,66.91874999999914,38.18124999999901,-0.6646535992622375
,56.48541666666599,39.677083333332355,-0.6248217821121216
,57.881249999999305,27.722916666665864,-0.6829646229743958
,47.347916666666144,26.97291666666584,-0.6043626070022583
,66.11458333333252,20.031249999999318,-0.6399131417274475
,52.5395833333327,54.597916666665434,-0.6161777973175049
,77.62708333333231,15.302083333332746,-0.36847543716430664
,61.972916666665895,29.193749999999163,0.020709242671728134
,32.88958333333301,53.060416666665446,-0.15083178877830505
,38.268749999999585,42.65208333333228,-0.694079577922821
,43.24791666666619,27.302083333332547,-0.570265531539917
,63.51041666666586,51.389583333332126,-0.5672504305839539
,60.96458333333258,16.9770833333327,-0.7229791283607483
,64.28541666666584,-21.414583333333383,-0.5155497789382935
,35.202083333333,48.72291666666549,-0.22926950454711914
,39.83124999999957,28.90624999999915,-0.5074048638343811
,47.81874999999943,4.539583333332928,-0.43671366572380066
,30.37291666666638,57.972916666665355,-0.20237380266189575
,62.86458333333256,13.268749999999384,-0.5994057059288025
,43.214583333332854,21.106249999999307,-0.7401299476623535
,52.07708333333269,8.743749999999466,-0.7088434100151062
,37.10624999999962,30.602083333332498,-0.6609042882919312
,38.31874999999962,36.41458333333238,-0.3668901026248932
,55.202083333332666,26.939583333332475,-0.5916808843612671
,61.71874999999922,38.860416666665685,-0.6178403496742249
,37.052083333332924,57.21458333333209,-0.30800116062164307
,68.95208333333242,33.68958333333239,-0.6343746781349182
,52.18124999999936,31.872916666665763,-0.6418446898460388
,54.302083333332675,-6.468750000000256,-0.728890061378479
,13.37708333333332,45.37708333333231,-0.46117714047431946
,49.589583333332754,53.99791666666544,-0.3867878019809723
,32.24791666666637,49.52708333333217,-0.24919909238815308
,27.177083333333094,60.76874999999862,-0.09884768724441528
,45.26041666666614,27.71874999999923,-0.3327352702617645
,73.32291666666572,54.86458333333209,-0.3040301203727722
,65.21874999999918,32.73124999999908,0.03771057352423668
,57.27291666666596,58.27708333333199,-0.5937525629997253
,53.62708333333264,43.18541666666559,-0.5897247195243835
,66.90208333333246,16.34374999999937,0.4073840379714966
,43.827083333332865,10.810416666666098,-0.5430323481559753
,36.64791666666629,35.24791666666576,
,59.50624999999927,32.96458333333245,-0.7233901023864746
,38.28958333333292,28.664583333332445,-0.43372195959091187
,65.96458333333246,-23.09375000000003,-0.4177769124507904
,53.13541666666603,47.252083333332216,-0.5245330929756165
,51.277083333332726,51.08958333333214,-0.4705955982208252
,52.81874999999936,58.69374999999867,-0.5999473929405212
,64.11874999999917,55.06874999999877,-0.6597875952720642
,58.48124999999929,39.36874999999904,-0.6542186737060547
,58.34791666666592,11.935416666666073,-0.35362717509269714
,49.4604166666661,52.397916666665395,-0.4022120535373688
,50.28124999999941,52.0979166666655,-0.40058156847953796
,29.48541666666639,52.68958333333208,-0.22099146246910095
,65.51458333333252,-17.685416666666754,-0.3983410894870758
,37.69374999999959,-1.747916666667038,-0.265446275472641
,40.03541666666623,-2.235416666666992,-0.6108411550521851
,66.41874999999916,19.743749999999295,-0.3711080849170685
,55.577083333332645,41.92708333333229,-0.6253929138183594
,54.472916666666016,25.11874999999921,-0.4707243740558624
,51.61041666666607,10.210416666666106,-0.5589931607246399
,59.08541666666592,58.03958333333205,-0.6117066144943237
,53.02708333333271,34.58541666666571,-0.6479701995849609
,62.91041666666586,31.418749999999164,-0.6027734279632568
,45.19791666666613,33.460416666665736,
,36.82708333333296,36.21874999999903,-0.336933434009552
,56.697916666665996,16.13124999999937,-0.6836186647415161
,25.664583333333127,61.106249999998646,-0.09265953302383423
,65.25624999999913,-18.114583333333425,-0.17989127337932587
,64.80624999999918,48.618749999998776,-0.6146240234375
,38.20208333333293,29.2187499999992,-0.36148059368133545
,53.73541666666604,42.1104166666656,-0.6228669285774231
,53.00208333333268,7.6895833333328465,-0.5684167742729187
,42.99791666666617,-1.8937500000003809,-0.530649721622467
,46.497916666666136,3.6687499999995627,-0.6134790182113647
,40.83124999999955,44.277083333332286,-0.5276204347610474
,65.90624999999918,14.239583333332716,-0.6306197047233582
,51.556249999999366,15.747916666666013,-0.47280457615852356
,65.00208333333251,49.68541666666544,-0.6225989460945129
,60.622916666665915,16.347916666666006,-0.6380714178085327
,49.189583333332756,21.4270833333326,-0.6536035537719727
,46.4770833333328,48.868749999998805,-0.46027302742004395
,46.427083333332774,25.389583333332606,-0.6521486043930054
,52.38541666666605,-3.1312500000003354,-0.6137280464172363
,61.527083333332556,10.756249999999453,-0.6422086954116821
,64.81041666666584,37.16874999999899,-0.6270198225975037
,67.81458333333244,21.36874999999929,-0.5281205773353577
,66.80624999999912,64.20208333333193,-0.6472448706626892
,53.63124999999935,29.65208333333251,-0.6472853422164917
,55.331249999999336,35.735416666665714,-0.5992873311042786
,53.36041666666602,57.96458333333203,-0.5465251207351685
,63.99374999999918,-18.897916666666756,-0.259549617767334
,48.556249999999444,41.18541666666564,-0.45797500014305115
,61.80208333333257,6.968749999999517,-0.22784623503684998
,43.01874999999952,22.368749999999263,-0.6919476985931396
,63.918749999999214,16.110416666665998,-0.597571074962616
,43.61874999999952,10.435416666666155,-0.4708569347858429
,62.031249999999204,56.83958333333205,-0.6197243928909302
,49.36458333333273,27.56874999999917,-0.08551283925771713
,49.010416666666096,10.614583333332801,-0.6603725552558899
,53.03541666666604,34.55208333333238,-0.7119849324226379
,14.060416666666649,43.80624999999895,-0.3569876551628113
,60.29791666666592,57.37708333333202,-0.6627061367034912
,49.860416666666104,2.231249999999619,-0.552115261554718
,58.53124999999927,-5.047916666666963,-0.30494287610054016
,48.539583333332764,2.339583333332911,-0.6012210845947266
,68.99791666666576,32.88124999999914,-0.6596505641937256
,47.78541666666612,36.181249999999096,-0.6187459230422974
,65.97291666666584,49.731249999998795,-0.6818082332611084
,61.131249999999255,36.535416666665746,-0.38223764300346375
,29.410416666666396,52.63958333333209,-0.24845170974731445
,41.5104166666662,15.885416666666005,-0.22585922479629517
,34.927083333332945,44.42291666666557,-0.2388758361339569
,54.41041666666601,50.87291666666547,-0.5887061357498169
,36.96041666666627,-6.002083333333587,-0.26686838269233704
,43.331249999999535,-7.752083333333587,-0.7364715337753296
,60.2479166666659,52.64374999999876,-0.617790937423706
,46.910416666666116,41.352083333332324,-0.2343827188014984
,28.689583333333072,59.439583333331946,-0.11861620098352432
,50.50624999999939,26.27708333333254,-0.6459339261054993
,67.53541666666578,51.2562499999988,-0.5462144613265991
,27.46874999999978,56.74791666666542,-0.191523015499115
,59.93124999999925,44.88541666666558,-0.6353757977485657
,66.92708333333246,60.81874999999863,-0.6884667873382568
,40.82708333333289,40.36458333333235,-0.7123059034347534
,47.30208333333277,32.84374999999911,-0.2541835904121399
,63.08958333333255,39.11458333333238,-0.6201132535934448
,44.48958333333285,11.09374999999946,-0.5969289541244507
,58.26874999999926,38.6854166666657,
,34.93541666666632,58.22291666666535,-0.19726185500621796
,65.6645833333325,-18.502083333333413,-0.48814257979393005
,50.29791666666608,56.25624999999868,-0.5217600464820862
,51.835416666666035,-9.172916666666934,-0.6646372675895691
,62.27708333333255,36.81874999999903,
,56.60624999999931,38.53958333333233,-0.6620707511901855
,49.860416666666104,16.643749999999358,-0.7235378623008728
,57.322916666665975,-2.502083333333672,-0.7299133539199829
,50.877083333332756,-1.1145833333336839,-0.5299076437950134
,47.33541666666612,43.893749999998924,-0.4204294979572296
,55.46458333333264,-2.3520833333336952,-0.6677547097206116
,50.922916666666076,-2.6145833333336834,-0.6852208375930786
,58.48958333333263,53.447916666665435,-0.6444311738014221
,43.477083333332835,40.43958333333228,-0.6524186730384827
,52.90624999999936,57.447916666665385,-0.5249825716018677
,66.35208333333247,54.85624999999877,-0.6608002781867981
,40.66458333333291,23.247916666665954,-0.4931480884552002
,68.13541666666576,64.51874999999855,-0.6033821105957031
,22.152083333333174,41.18958333333231,-0.21262915432453156
,48.84791666666609,10.6437499999995,-0.6408718228340149
,41.79374999999954,27.135416666665858,-0.37511196732521057
,52.68124999999938,6.339583333332911,-0.6244013905525208
,58.902083333332605,8.972916666666093,-0.7031745910644531
,54.693749999999326,34.81458333333242,-0.6685205101966858
,60.90208333333257,13.149999999999437,-0.6502667665481567
,59.16458333333259,51.47708333333213,-0.6359437704086304
,64.4437499999992,45.6479166666656,-0.5835708379745483
,61.47708333333256,53.29374999999874,-0.6042705774307251
,49.231249999999406,0.3937499999996134,-0.6954047679901123
,39.068749999999575,21.272916666665907,-0.4288676679134369
,66.62291666666582,40.0020833333323,-0.695384681224823
,67.33958333333246,21.489583333332632,-0.593902051448822
,37.339583333332946,36.002083333332365,-0.5448887944221497
,29.977083333333052,54.89791666666545,-0.17997196316719055
,31.65208333333302,63.035416666665306,-0.19217830896377563
,76.28541666666567,67.50624999999863,-0.13028879463672638
,51.77291666666604,58.85208333333204,
,67.59791666666581,36.41458333333238,-0.6840667724609375
,56.39166666666597,-5.852083333333638,-0.20656701922416687
,60.21041666666593,12.881249999999369,-0.6858817934989929
,47.73541666666613,12.597916666666093,-0.7025447487831116
,69.83541666666572,24.939583333332564,-0.6562691330909729
,57.322916666665975,30.46874999999917,-0.6790246963500977
,63.856249999999214,23.552083333332604,-0.6852018237113953
,31.956249999999674,58.71041666666531,-0.1056080311536789
,56.68124999999931,-3.39791666666693,-0.7064458727836609
,39.627083333332905,37.143749999999045,-0.45247218012809753
,52.497916666666036,32.47291666666575,-0.6547302603721619
,51.36458333333271,-0.9395833333337293,-0.6821743845939636
,64.89791666666585,44.52708333333228,-0.6604719758033752
,43.331249999999535,42.243749999999004,-0.5725107192993164
,60.922916666665905,44.318749999998936,-0.6946903467178345
,63.61458333333252,42.76458333333224,-0.6443812847137451
,41.40624999999953,15.931249999999324,-0.32470327615737915
,52.3187499999994,33.522916666665786,-0.6386206150054932
,56.86874999999929,-5.43541666666698,-0.693181037902832
,34.93124999999966,48.385416666665485,-0.2763826549053192
,53.39374999999935,53.86874999999878,-0.6321500539779663
,41.093749999999524,-4.506250000000307,-0.6341384649276733
,68.67291666666577,33.381249999999056,-0.5688933730125427
,27.46041666666647,53.04791666666546,-0.16063599288463593
,39.07708333333292,27.447916666665833,-0.43948715925216675
,48.7062499999994,26.418749999999164,-0.6857438683509827
,40.631249999999554,41.068749999998964,-0.16849859058856964
,48.2604166666661,37.85624999999899,-0.5477093458175659
,49.114583333332725,36.03958333333238,-0.5875307321548462
,34.26458333333299,47.46458333333222,-0.48563262820243835
,62.13958333333253,44.09374999999889,-0.6612104773521423
,63.83958333333254,39.218749999999005,-0.6907122135162354
,49.13124999999945,9.860416666666111,-0.6413808465003967
,62.02291666666589,12.739583333332744,-0.5133784413337708
,78.4729166666657,13.756249999999426,0.05070095136761665
,61.660416666665874,45.11458333333223,-0.6700447201728821
,14.093749999999963,45.056249999998926,-0.27019599080085754
,69.22708333333247,18.318749999999337,-0.6799659132957458
,55.78541666666599,60.04374999999861,
,50.87291666666609,8.014583333332808,-0.2673550248146057
,76.43541666666565,67.92291666666532,-0.10780282318592072
,53.39791666666603,11.364583333332773,-0.7060375213623047
,48.331249999999415,57.83124999999869,-0.3548314571380615
,60.06041666666591,55.40624999999877,-0.6230146884918213
,79.55208333333226,11.268749999999443,0.18496821820735931
,54.37291666666599,29.306249999999125,-0.5280396938323975
,61.8312499999992,16.097916666666013,-0.508512020111084
,79.34791666666561,17.322916666666032,0.18457452952861786
,51.98541666666604,33.58958333333239,-0.5635223984718323
,49.535416666666066,57.62708333333201,-0.47480839490890503
,43.28541666666615,0.5395833333329279,-0.5285148620605469
,46.00208333333282,4.497916666666271,-0.5452006459236145
,42.96041666666616,24.84374999999926,-0.44607284665107727
,30.46458333333304,52.543749999998795,-0.4442245066165924
,22.22291666666648,50.61458333333215,-0.24574829638004303
,53.96874999999935,54.706249999998725,-0.44755351543426514
,53.222916666666016,51.89374999999881,-0.6323844790458679
,53.78541666666602,10.297916666666083,-0.6410205364227295
,49.21458333333274,56.08958333333203,-0.3927910029888153
,58.44791666666595,35.235416666665685,
,36.04791666666626,58.88124999999866,-0.2437431663274765
,43.885416666666146,17.356249999999388,-0.5680139660835266
,61.56458333333257,46.35208333333222,-0.6044823527336121
,20.414583333333187,42.1270833333323,-0.13243229687213898
,65.72291666666585,53.135416666665456,-0.6345826387405396
,56.860416666665955,14.168749999999362,-0.25803321599960327
,59.00624999999928,29.80624999999915,-0.6763574481010437
,58.19374999999928,31.677083333332494,
,65.6729166666658,20.27291666666593,-0.5702399611473083
,67.44791666666578,37.25208333333234,-0.6399128437042236
,65.63124999999917,-17.31458333333345,-0.5269336700439453
,60.89791666666591,16.677083333332718,-0.5192310810089111
,56.81874999999931,55.7062499999987,-0.6081679463386536
,48.5229166666661,36.139583333332354,-0.4967056214809418
,52.231249999999335,31.93541666666581,-0.6813347935676575
,41.01874999999954,40.885416666665655,-0.6365317702293396
,56.077083333332624,55.32708333333209,-0.612438976764679
,55.431249999999345,-4.456250000000323,-0.5620158910751343
,50.58958333333271,20.135416666665947,-0.6330475807189941
,60.33541666666592,13.481249999999362,-0.5720475316047668
,64.96874999999918,27.06041666666584,-0.6601605415344238
,43.097916666666194,2.2104166666662475,-0.47064852714538574
,64.17708333333249,-17.381250000000104,-0.023445043712854385
,50.15208333333275,36.406249999999005,-0.5254639387130737
,64.14374999999919,35.0604166666657,-0.6393408179283142
,64.17291666666586,39.88958333333236,-0.6405928730964661
,37.21041666666628,30.55208333333252,-0.6145014762878418
,58.41041666666595,31.022916666665765,-0.6435757875442505
,54.67291666666599,-1.8854166666669698,-0.6991000175476074
,26.572916666666444,62.50208333333199,-0.06626137346029282
,55.281249999999304,46.82708333333221,-0.7405661940574646
,67.32708333333247,20.710416666665907,-0.4579077661037445
,78.00624999999903,14.435416666666102,-0.5392463803291321
,48.77291666666611,24.643749999999212,-0.6865146160125732
,60.18124999999922,17.839583333332683,-0.5084969997406006
,54.43541666666599,33.11874999999909,-0.7340607643127441
,52.652083333332676,-3.839583333333649,-0.6548058390617371
,46.5729166666661,30.739583333332487,
,61.13958333333255,56.38958333333201,-0.6413990259170532
,35.827083333332986,48.29791666666551,-0.2379845529794693
,66.3229166666658,55.96041666666537,-0.047765929251909256
,30.060416666666377,64.49791666666525,-0.22224383056163788
,62.02291666666589,48.202083333332176,-0.5955075025558472
,54.84374999999932,55.41041666666544,-0.5186571478843689
,42.12708333333288,44.36458333333226,-0.6088757514953613
,67.09374999999915,17.152083333332712,-0.5219610333442688
,47.69374999999946,35.46041666666576,-0.6638731956481934
,68.13958333333244,58.24374999999865,-0.6404558420181274
,65.18541666666582,-19.006250000000104,-0.30882027745246887
,64.34374999999918,19.735416666665994,-0.6123467683792114
,48.964583333332776,32.25208333333245,-0.6648614406585693
,42.247916666666185,19.08958333333265,-0.6046236157417297
,57.881249999999305,49.96458333333217,-0.49901509284973145
,66.25208333333248,60.48541666666535,-0.6227693557739258
,65.94374999999917,-17.347916666666748,-0.6273922324180603
,64.73541666666583,34.69791666666575,-0.6992533802986145
,49.83958333333272,53.789583333332104,-0.5124109387397766
,68.68541666666579,64.6979166666653,-0.1604231894016266
,37.22708333333297,-8.377083333333587,-0.4547572135925293
,66.85624999999914,35.08124999999907,-0.6698712110519409
,54.14791666666601,57.73541666666541,-0.6416946053504944
,54.822916666666,35.86874999999904,-0.5020180344581604
,27.227083333333095,57.45624999999867,-0.16469721496105194
,57.12708333333261,57.31041666666538,-0.6172964572906494
,60.07291666666593,50.49791666666553,-0.6516218781471252
,48.152083333332776,2.7937499999995907,-0.6471605896949768
,43.05208333333286,-2.185416666667009,-0.4591875970363617
,40.99374999999956,39.56874999999897,-0.3193422853946686
,51.25208333333271,-2.7979166666670205,-0.6809372305870056
,52.802083333332696,35.11458333333243,-0.6770467758178711
,36.84374999999962,43.70208333333224,-0.44723349809646606
,52.87291666666604,11.152083333332769,-0.6472707986831665
,65.63541666666583,-19.010416666666714,-0.5089117884635925
,32.606249999999655,66.57708333333186,-0.27773594856262207
,65.31041666666584,14.422916666666026,-0.595058798789978
,51.8645833333327,48.55624999999884,-0.5052928328514099
,57.8395833333326,39.85208333333233,-0.706652820110321
,41.2854166666662,-1.814583333333701,-0.36518383026123047
,32.33958333333301,63.70208333333199,-0.18872444331645966
,66.9229166666658,22.6437499999993,-0.6608939170837402
,47.922916666666104,29.86041666666577,-0.5863216519355774
,55.98541666666598,45.62708333333222,-0.645721971988678
,50.047916666666076,28.460416666665846,-0.6409216523170471
,53.660416666666016,-2.3145833333336725,-0.5486208200454712
,31.110416666666374,41.09791666666566,-0.256609708070755
,30.285416666666393,56.477083333332104,-0.30900299549102783
,52.24791666666606,11.602083333332784,-0.61247718334198
,55.289583333332665,-3.4187500000003577,-0.6104376316070557
,56.53124999999929,24.935416666665898,-0.6690900921821594
,59.91041666666593,11.560416666666129,-0.6666215062141418
,66.93124999999915,64.66041666666527,-0.6524909734725952
,60.61874999999925,34.04374999999911,-0.44342419505119324
,31.564583333333022,60.568749999998694,-0.12722301483154297
,57.88958333333263,57.42291666666535,-0.6309483647346497
,52.40624999999937,34.36458333333241,-0.6783018708229065
,53.3270833333327,28.239583333332547,-0.6461203098297119
,45.61041666666616,18.327083333332666,-0.6713651418685913
,58.94374999999928,15.956249999999383,
,66.87708333333248,49.097916666665526,-0.6528603434562683
,64.88541666666583,44.9895833333322,-0.6167414784431458
,62.22291666666587,55.26458333333204,-0.5691908597946167
,27.339583333333074,65.74374999999857,-0.13923919200897217
,67.62708333333248,17.810416666665986,
,56.03124999999933,49.63541666666546,-0.6067571640014648
,64.30624999999918,-20.968750000000057,-0.46500858664512634
,53.74791666666601,-9.560416666666924,-0.6819453835487366
,56.64374999999931,22.931249999999235,-0.49539434909820557
,67.58958333333246,52.452083333332126,-0.6959240436553955
,45.47291666666614,44.63124999999891,-0.5266169905662537
,43.18124999999949,18.19374999999934,-0.5931147933006287
,51.83958333333269,-9.164583333333582,-0.4685344099998474
,43.34791666666618,-4.060416666667009,-0.5663812756538391
,53.997916666666015,49.36458333333217,-0.4786934554576874
,63.46458333333251,-18.78125000000008,-0.13515053689479828
,33.14374999999965,49.985416666665465,-0.25387558341026306
,50.43958333333272,37.10208333333239,-0.6106576323509216
,40.089583333332904,20.36041666666594,-0.6867160201072693
,50.164583333332715,52.181249999998755,-0.3863450288772583
,51.30624999999935,16.027083333332737,-0.43754735589027405
,67.41874999999914,50.264583333332155,-0.6627764105796814
,56.26041666666597,-3.1395833333336896,-0.5211452841758728
,34.006249999999675,45.50208333333222,-0.27378150820732117
,51.09791666666605,11.635416666666146,-0.6129939556121826
,63.822916666665826,32.143749999999066,-0.6477070450782776
,65.44374999999914,27.939583333332532,-0.6105284094810486
,59.04791666666595,42.28124999999891,-0.7099794745445251
,62.16874999999922,8.297916666666168,-0.5982502102851868
,51.52291666666607,-3.4854166666670205,-0.6875146627426147
,54.777083333332655,-7.093750000000285,-0.666650116443634
,69.1187499999991,27.564583333332507,-0.6315648555755615
,52.87291666666604,43.65208333333225,-0.4319227933883667
,50.54374999999939,21.17291666666594,-0.6980943083763123
,53.639583333332666,44.11458333333227,-0.6250977516174316
,61.756249999999234,40.72291666666564,-0.7106403112411499
,50.53124999999943,2.8937499999995566,-0.5386132001876831
,63.77708333333252,35.43124999999907,
,43.0062499999995,41.997916666665645,-0.6899849772453308
,38.13958333333293,36.214583333332364,-0.44512391090393066
,29.385416666666412,52.8812499999988,-0.12529554963111877
,61.41041666666592,48.68958333333216,-0.6287881135940552
,52.10208333333268,9.71874999999949,-0.5370214581489563
,19.247916666666548,41.789583333332295,-0.34074968099594116
,37.07291666666631,40.48124999999894,-0.41913437843322754
,39.34791666666622,28.968749999999204,-0.48325252532958984
,57.50624999999929,25.185416666665926,-0.6546996831893921
,49.38958333333273,10.739583333332803,-0.7483499050140381
,49.1604166666661,38.18541666666567,-0.5618316531181335
,56.327083333332624,57.13124999999874,-0.6355289220809937
,61.26041666666591,46.889583333332176,-0.6198229789733887
,42.477083333332864,19.68541666666601,-0.6299832463264465
,60.831249999999216,27.131249999999195,-0.5748177766799927
,43.481249999999484,23.347916666665927,-0.5996670126914978
,61.92708333333257,7.202083333332807,-0.6836643218994141
,34.85208333333298,52.452083333332126,-0.19130925834178925
,64.90624999999916,20.618749999999267,-0.5980177521705627
,42.93541666666618,43.71041666666554,-0.6341077089309692
,64.18541666666587,-17.331250000000125,-0.07605437934398651
,43.797916666666154,18.09374999999937,-0.481263130903244
,63.88124999999916,44.75624999999891,-0.6552681922912598
,59.93124999999925,10.43958333333282,-0.5215016007423401
,53.31874999999935,35.76041666666566,-0.5828068256378174
,48.652083333332754,1.264583333332922,-0.5409522652626038
,50.11874999999938,4.118749999999579,0.1278899759054184
,38.118749999999594,-8.439583333333587,-0.5443211793899536
,59.81874999999928,44.27291666666562,-0.6472381949424744
,35.852083333332935,49.04374999999888,-0.3217531442642212
,29.618749999999743,52.414583333332125,-0.2126789540052414
,47.25624999999945,21.102083333332644,-0.4307895600795746
,64.33541666666585,41.86041666666557,-0.6078892350196838
,55.15624999999934,-7.410416666666919,-0.6250525116920471
,64.99374999999915,57.92708333333199,-0.5895312428474426
,48.56041666666611,19.164583333332615,-0.3879235088825226
,39.385416666666245,-2.4604166666670153,-0.4052508771419525
,30.206249999999716,51.902083333332115,-0.5661681890487671
,61.08124999999922,45.7062499999989,-0.6579055786132812
,48.693749999999426,2.3145833333329335,-0.46504804491996765
,53.16458333333269,-7.193750000000222,-0.451313853263855
,35.39791666666631,62.20208333333193,-0.26102501153945923
,64.61874999999915,-18.73541666666671,-0.424226313829422
,40.68958333333285,40.6979166666656,-0.5115394592285156
,37.24791666666624,42.23124999999894,-0.42416587471961975
,49.06874999999945,53.05208333333212,-0.3803732395172119
,52.98541666666605,-8.335416666666903,
,56.22291666666596,-4.302083333333655,-0.3555985689163208
,56.285416666665974,30.922916666665802,-0.694499135017395
,61.34374999999925,31.91458333333245,-0.6965911388397217
,61.681249999999224,8.139583333332808,-0.6157739162445068
,40.672916666666225,46.66041666666552,-0.37219491600990295
,52.768749999999386,12.406249999999403,-0.6605942249298096
,51.593749999999375,-3.2145833333336777,-0.31293705105781555
,50.40624999999941,21.543749999999275,-0.5338757634162903
,36.95208333333296,38.93124999999898,-0.5074588656425476
,36.822916666666295,42.51874999999896,
,60.09374999999925,5.802083333332888,-0.6495696306228638
,64.33541666666585,58.510416666665385,-0.5729997158050537
,42.9437499999995,45.360416666665564,-0.7034832239151001
,64.18541666666587,-17.297916666666765,
,59.431249999999224,45.802083333332206,-0.6082552671432495
,39.89791666666624,21.072916666665943,-0.6978820562362671
,58.160416666665924,58.14791666666534,-0.6172782182693481
,31.143749999999724,60.48541666666535,-0.11700623482465744
,27.193749999999767,60.752083333331996,-0.11490317434072495
,62.30624999999921,45.79791666666554,-0.6904798150062561
,43.22291666666619,40.46874999999897,-0.6244613528251648
,62.802083333332526,12.772916666666104,-0.6146122813224792
,65.48958333333249,53.03124999999875,-0.6438053846359253
,68.85208333333244,26.677083333332487,-0.6377586722373962
,30.81041666666638,41.5395833333323,-0.3049774765968323
,56.560416666665965,33.45208333333244,-0.6694471836090088
,58.23958333333261,51.777083333332115,-0.573813259601593
,36.75624999999963,38.66041666666566,-0.40111473202705383
,51.914583333332715,-5.010416666666998,-0.7461274862289429
,49.70624999999939,3.9895833333328303,-0.629264235496521
,62.97291666666585,57.62291666666536,-0.6133785843849182
,63.7062499999992,29.335416666665825,-0.6092789769172668
,66.73958333333249,57.414583333332025,-0.648278534412384
,50.031249999999396,36.31458333333242,-0.35705405473709106
,43.352083333332864,0.12291666666632749,-0.6681657433509827
,43.06458333333284,-2.3354166666670153,-0.46659916639328003
,33.577083333333015,36.30208333333235,-0.21853385865688324
,50.04374999999941,11.66874999999942,-0.37662583589553833
,44.16041666666616,3.9770833333328706,-0.6736185550689697
,56.41458333333264,9.4562499999995,-0.6426507830619812
,51.98124999999938,-9.047916666666934,-0.7177270650863647
,49.84791666666608,40.52708333333228,-0.5833865404129028
,59.16458333333259,11.8729166666661,-0.5110432505607605
,47.618749999999444,7.035416666666151,-0.5552715063095093
,56.72291666666595,55.035416666665405,-0.562813401222229
,62.635416666665854,27.702083333332492,-0.6688874363899231
,57.71041666666594,38.747916666665674,-0.691605269908905
,60.12708333333258,8.247916666666185,-0.07549623399972916
,58.13124999999926,-6.622916666666952,-0.5282201170921326
,49.66041666666609,19.78541666666598,-0.6027098894119263
,63.87291666666585,18.44374999999934,-0.13611246645450592
,58.40208333333258,34.718749999999034,-0.699755847454071
,71.1437499999991,54.456249999998704,-0.42895811796188354
,39.1770833333329,44.47708333333221,0.11771733313798904
,55.789583333332644,24.672916666665913,-0.6673881411552429
,52.66041666666604,26.535416666665867,-0.6536698937416077
,45.685416666666136,26.61874999999921,-0.7128785252571106
,48.422916666666076,41.41874999999893,-0.4308564364910126
,36.06874999999963,46.489583333332206,-0.3497338891029358
,57.97708333333262,43.21041666666562,-0.6026745438575745
,74.45208333333235,56.41458333333204,-0.36544519662857056
,67.68541666666577,45.03541666666555,-0.6642107963562012
,41.414583333332864,43.485416666665564,-0.5156216025352478
,21.4770833333332,39.602083333332324,-0.13127419352531433
,66.43124999999915,29.91041666666584,-0.6077914834022522
,38.46458333333292,58.48958333333201,-0.2101578414440155
,55.83541666666597,26.51874999999924,-0.7122477889060974
,56.28124999999931,25.40208333333257,-0.6623189449310303
,48.80624999999946,55.2979166666654,-0.38502880930900574
,56.26041666666597,9.552083333332801,-0.680407702922821
,47.78958333333278,27.910416666665835,-0.2652045786380768
,37.481249999999584,47.53124999999883,-0.3987526297569275
,42.83124999999951,20.143749999999272,-0.5908623337745667
,49.1604166666661,5.827083333332922,-0.5248480439186096
,41.77708333333287,33.19791666666575,-0.5966637134552002
,31.343749999999705,51.227083333332104,-0.25327906012535095
,64.76874999999919,-16.531250000000142,-0.007794290315359831
,46.16458333333279,13.160416666666093,-0.5802074670791626
,53.739583333332696,-2.0104166666670267,-0.5745235085487366
,62.95208333333251,32.93958333333242,-0.6406646370887756
,50.23958333333274,38.18124999999901,-0.6033461689949036
,45.1812499999995,2.8354166666662763,-0.6869015693664551
,43.95624999999952,11.364583333332773,-0.6476243734359741
,35.04374999999963,48.947916666665485,-0.5156459808349609
,25.04791666666647,43.6645833333323,-0.24220532178878784
,29.106249999999754,66.44374999999854,-0.18863891065120697
,50.94791666666606,31.402083333332428,-0.6800954937934875
,52.4520833333327,51.9520833333321,-0.4849945306777954
,54.156249999999325,36.5604166666657,-0.5501983761787415
,37.5187499999996,28.985416666665827,-0.6072070002555847
,56.54791666666594,26.127083333332507,-0.5820918083190918
,42.964583333332875,42.881249999998914,-0.5305968523025513
,78.83124999999896,12.697916666666059,
,59.231249999999264,14.01458333333275,
,49.70624999999939,2.164583333332899,-0.6757691502571106
,46.90208333333281,-0.21041666666707212,-0.5848596692085266
,48.0229166666661,5.3395833333328815,-0.6493512392044067
,37.10624999999962,50.106249999998795,-0.5659744143486023
,66.59791666666581,47.718749999998884,-0.6524636745452881
,46.64791666666614,19.19374999999928,-0.5718634724617004
,18.447916666666575,51.05208333333212,-0.23022904992103577
,55.914583333332644,51.28124999999883,-0.6204668283462524
,51.6895833333327,28.877083333332532,-0.601656436920166
,38.75208333333289,35.46041666666576,-0.25764256715774536
,58.05624999999926,27.914583333332498,
,36.54791666666628,30.28958333333244,-0.44262266159057617
,37.87291666666628,-7.281250000000257,-0.554442822933197
,67.73958333333246,64.77708333333189,-0.6537334322929382
,57.64791666666596,51.931249999998805,-0.6760014891624451
,64.31874999999918,40.96041666666568,-0.6673709750175476
,48.51458333333273,-1.060416666667038,-0.6559509634971619
,66.59791666666581,54.38124999999877,-0.6697167158126831
,43.56458333333288,47.3104166666655,-0.5516916513442993
,56.727083333332644,45.96458333333223,-0.6154507994651794
,49.10624999999942,35.264583333332375,-0.4394257664680481
,55.652083333332655,59.18958333333205,-0.20086221396923065
,53.61041666666604,44.30208333333223,-0.4685640037059784
,56.710416666665964,-2.7937500000003577,-0.6032086610794067
,67.04374999999916,35.36458333333234,-0.694616436958313
,58.69374999999927,55.08958333333206,-0.6416451930999756
,55.731249999999335,24.23124999999919,-0.659203827381134
,48.5854166666661,32.99374999999907,-0.5550307631492615
,53.268749999999365,58.71874999999872,-0.518962025642395
,34.19791666666629,48.868749999998805,-0.3433339297771454
,52.77291666666604,-7.139583333333576,-0.623259425163269
,63.33958333333256,34.21041666666579,-0.6295289397239685
,31.631249999999692,67.88124999999857,-0.1983678638935089
,44.718749999999474,3.352083333332928,-0.6615516543388367
,55.68124999999932,35.531249999999034,-0.6402707099914551
,53.960416666666006,57.75624999999868,-0.5330857634544373
,50.75624999999939,13.089583333332712,-0.6647620797157288
,53.860416666665984,-2.8937500000003236,-0.6084957122802734
,35.685416666666306,36.05208333333235,-0.4832315444946289
,37.7354166666663,37.53958333333235,-0.45818623900413513
,20.964583333333202,48.87291666666547,-0.2671569883823395
,42.74791666666617,19.5812499999993,-0.6706300973892212
,52.89374999999935,-8.214583333333593,-0.6547829508781433
,57.185416666665965,13.277083333332767,-0.6935471892356873
,61.18124999999923,45.081249999998875,-0.6659695506095886
,57.19791666666599,56.052083333332,-0.6491090655326843
,53.08958333333266,-2.477083333333695,-0.43169960379600525
,46.739583333332774,25.443749999999255,-0.6627007126808167
,54.51458333333268,9.631249999999485,-0.26073697209358215
,77.41874999999897,16.235416666665998,0.01790289394557476
,69.5145833333325,25.135416666665858,-0.6546075940132141
,63.8270833333325,44.3062499999989,-0.6302046775817871
,59.8645833333326,14.843749999999376,-0.6887112259864807
,43.3062499999995,-1.5270833333337064,-0.7158161401748657
,22.118749999999856,49.93124999999881,-0.23717725276947021
,52.310416666666015,33.56874999999911,-0.5875115394592285
,36.69791666666628,57.51041666666531,-0.20715996623039246
,59.33124999999926,10.34791666666615,-0.49976494908332825
,39.043749999999584,43.760416666665634,-0.33548492193222046
,39.79791666666623,33.960416666665765,-0.35082361102104187
,37.17291666666627,43.39374999999893,-0.4791009724140167
,52.2395833333327,13.772916666666047,-0.5521869659423828
,45.385416666666146,27.81041666666587,-0.38170310854911804
,52.34791666666603,-3.0562500000003463,-0.718979001045227
,38.239583333332895,-3.4020833333336777,-0.2637338638305664
,49.114583333332725,14.081249999999356,-0.5574535131454468
,63.493749999999174,-18.864583333333425,-0.19967326521873474
,56.327083333332624,30.83124999999913,-0.6560396552085876
,62.943749999999206,45.760416666665556,-0.6456721425056458
,45.63541666666615,28.064583333332447,-0.5546514391899109
,33.87708333333301,57.48541666666537,-0.35268130898475647
,53.481249999999335,54.73541666666543,-0.5385318398475647
,55.50208333333268,59.49791666666536,-0.6454426050186157
,38.79374999999961,28.931249999999174,-0.43003329634666443
,49.0437499999994,39.17708333333231,-0.5677186250686646
,47.07291666666613,21.356249999999303,-0.48589107394218445
,63.6895833333325,56.85208333333204,-0.6513752937316895
,43.147916666666184,42.06458333333228,-0.6271070837974548
,63.331249999999194,58.16874999999872,-0.5250859260559082
,40.227083333332885,37.593749999999005,-0.23811006546020508
,52.61041666666602,44.22291666666555,-0.5778299570083618
,59.702083333332595,51.652083333332115,-0.6685614585876465
,48.22708333333275,-1.6020833333336952,-0.5908163189888
,64.90624999999916,12.827083333332723,-0.6399602293968201
,58.9354166666659,34.272916666665736,-0.6079559326171875
,67.54374999999914,63.53958333333195,-0.6409403681755066
,59.94374999999923,50.639583333332176,-0.6367293000221252
,38.09791666666625,48.360416666665536,-0.3946297764778137
,28.272916666666408,64.58124999999859,-0.12207946926355362
,55.452083333332624,41.03541666666561,-0.6396017670631409
,43.45208333333284,44.92708333333226,-0.478716105222702
,49.96041666666607,16.868749999999352,-0.6159677505493164
,63.77708333333252,57.602083333332075,-0.6255890727043152
,50.10624999999937,55.814583333332045,-0.4581786096096039
,67.01458333333247,52.75624999999879,-0.663787305355072
,37.22708333333297,58.285416666665334,-0.29455235600471497
,42.427083333332874,43.82708333333223,-0.6279523372650146
,37.418749999999626,49.51041666666555,-0.6075623631477356
,56.25624999999932,-4.485416666666964,
,68.7604166666658,25.54791666666588,-0.6592983603477478
,59.81874999999928,36.28541666666573,-0.6680984497070312
,62.74791666666588,9.556249999999464,-0.39000678062438965
,48.6479166666661,24.5687499999992,-0.5505923628807068
,59.15208333333262,33.38541666666572,-0.6816107630729675
,62.61874999999922,44.60624999999888,-0.6468253135681152
,49.1354166666661,8.55208333333283,-0.5502055883407593
,61.50624999999922,33.981249999999044,-0.6717939376831055
,57.8395833333326,14.422916666666026,-0.5869954824447632
,56.89374999999933,-3.756250000000306,-0.5489880442619324
,33.114583333332995,49.564583333332195,-0.3298488259315491
,67.66874999999911,38.14791666666568,-0.6534020900726318
,65.62916666666584,13.70416666666611,-0.6014918088912964
,66.96874999999912,22.464583333332566,-0.6232109665870667
,33.96458333333301,47.497916666665475,-0.15728025138378143
,62.66041666666589,43.95208333333223,-0.6038511991500854
,26.76041666666645,37.92291666666568,-0.2706141769886017
,60.172916666665905,7.493749999999492,-0.5137737989425659
,37.493749999999594,36.03958333333238,-0.5308403372764587
,53.75624999999932,45.21874999999895,-0.6122545003890991
,37.08541666666628,32.81041666666576,-0.26356786489486694
,62.17708333333254,49.343749999998785,-0.6053732633590698
,66.1937499999992,49.177083333332206,-0.6867802143096924
,27.427083333333115,58.22291666666535,-0.1469964236021042
,63.818749999999206,-18.906250000000085,-0.035416144877672195
,59.531249999999254,58.131249999998715,-0.6489711999893188
,49.756249999999426,43.647916666665594,-0.5368911623954773
,64.17291666666586,26.4354166666659,-0.6205317378044128
,50.50624999999939,34.04374999999911,-0.6825913786888123
,63.66458333333255,55.581249999998676,-0.663770318031311
,67.97708333333244,60.59374999999864,-0.40607476234436035
,58.614583333332625,34.12291666666579,-0.6089708209037781
,63.36041666666584,24.75208333333259,-0.6804090738296509
,41.11458333333286,41.193749999998964,-0.616142749786377
,54.66874999999932,57.252083333331996,-0.6236603260040283
,36.22708333333296,33.010416666665805,-0.5403333902359009
,64.62708333333251,12.185416666666072,-0.5787114500999451
,64.5395833333325,-18.577083333333434,
,35.86874999999966,48.99374999999881,-0.17168256640434265
,58.78124999999924,8.985416666666168,-0.6875547766685486
,60.70624999999926,58.91041666666535,-0.6095995306968689
,63.485416666665834,39.58958333333234,-0.5694683790206909
,66.58958333333246,60.03541666666531,-0.6549690961837769
,51.23958333333269,22.572916666665947,-0.3338528275489807
,35.018749999999656,60.28541666666531,-0.2519078552722931
,78.43541666666565,13.389583333332725,0.3057815134525299
,56.98541666666598,58.94791666666536,-0.6313453316688538
,52.50624999999935,-6.610416666666935,-0.6914735436439514
,47.3770833333328,30.572916666665805,-0.45903319120407104
,63.843749999999204,15.968749999999346,-0.6170272827148438
,67.47291666666578,36.05624999999901,-0.655406653881073
,56.68958333333264,59.16458333333202,-0.622170627117157
,57.45624999999927,37.27708333333237,-0.6716666221618652
,46.497916666666136,34.15624999999906,-0.3389045298099518
,45.460416666666134,19.543749999999275,-0.5282237529754639
,53.61458333333268,-6.272916666666929,-0.6531351208686829
,37.51041666666628,-4.8645833333336554,-0.5080358982086182
,58.97291666666592,53.08958333333215,-0.628796398639679
,64.3812499999992,-16.352083333333436,
,35.052083333332966,57.65624999999872,-0.17939597368240356
,42.21874999999954,27.747916666665816,-0.657585859298706
,60.93541666666592,46.80624999999892,-0.7106773257255554
,48.42708333333278,0.7687499999996418,-0.6126155853271484
,40.864583333332895,-6.08541666666693,-0.47156670689582825
,50.75624999999939,22.227083333332615,-0.48210251331329346
,48.385416666666075,25.277083333332566,-0.6944772601127625
,32.88541666666636,49.547916666665486,-0.3587000370025635
,42.13124999999954,-1.1395833333337178,-0.5776400566101074
,53.18124999999937,23.085416666665935,-0.6509231925010681
,43.33958333333284,0.05624999999960777,-0.563838541507721
,40.13124999999957,34.91874999999908,-0.4698849022388458
,44.37291666666617,12.147916666666076,-0.4921186566352844
,22.435416666666487,52.268749999998725,-0.24743330478668213
,56.91041666666595,58.97708333333203,-0.6199665665626526
,64.76458333333247,27.022916666665903,-0.686171293258667
,57.522916666665964,28.897916666665818,-0.6615415811538696
,23.081249999999862,56.810416666665354,-0.17998212575912476
,36.981249999999605,29.397916666665846,-0.5025460124015808
,67.5229166666658,64.76874999999856,-0.6443507075309753
,36.15624999999963,56.10208333333207,-0.22791288793087006
,26.55624999999978,37.62708333333236,-0.235145702958107
,63.65624999999919,59.10624999999871,-0.6796660423278809
,40.64791666666624,9.631249999999485,-0.44522055983543396
,54.472916666666016,-6.19791666666697,-0.5522883534431458
,53.764583333332695,17.17708333333266,-0.4503110349178314
,31.618749999999675,34.772916666665765,-0.2978968620300293
,53.48541666666602,57.76041666666535,-0.5627155303955078
,54.13124999999935,58.518749999998704,-0.6402003169059753
,35.66458333333298,45.902083333332165,-0.4273641109466553
,41.74791666666621,46.66458333333219,-0.7078542709350586
,53.85624999999934,-7.4812500000002435,-0.6650070548057556
,36.7354166666663,50.33124999999879,-0.4327739179134369
,60.41041666666589,24.847916666665924,-0.5865997076034546
,44.4812499999995,38.33124999999898,-0.5314925909042358
,63.597916666665846,-19.26041666666677,0.17403894662857056
,51.97291666666605,-10.143750000000237,-0.693960964679718
,62.01458333333257,33.23958333333243,-0.5411449074745178
,55.964583333332634,32.027083333332456,-0.6491842865943909
,40.26041666666623,27.31041666666584,-0.45909199118614197
,55.472916666665974,31.702083333332435,-0.6763157248497009
,44.110416666666175,11.539583333332757,-0.6329110264778137
,59.031249999999275,15.735416666666053,-0.686915934085846
,79.32291666666566,16.281249999999403,-0.05845973640680313
,43.43541666666621,13.018749999999443,-0.3928295373916626
,38.0062499999996,40.602083333332295,-0.4494720697402954
,67.21874999999915,20.287499999999312,-0.6193113327026367
,49.55208333333275,8.331249999999528,-0.412565141916275
,45.1187499999995,25.002083333332536,-0.5823968648910522
,28.506249999999763,63.035416666665306,-0.1483633667230606
,65.18541666666582,-22.29791666666671,-0.5733981728553772
,76.19374999999903,63.88124999999863,0.007696453016251326
,55.21458333333265,41.072916666665634,-0.6397454142570496
,38.64791666666627,21.781249999999318,-0.6102257966995239
,51.21041666666606,4.952083333332865,-0.5632246732711792
,67.60208333333247,50.056249999998805,-0.6538662910461426
,40.94374999999953,26.92708333333252,-0.5470630526542664
,42.231249999999555,24.585416666665935,-0.5835000276565552
,50.493749999999416,4.393749999999557,-0.42255672812461853
,46.5979166666661,18.19374999999934,-0.5660116672515869
,53.81041666666601,21.93541666666593,-0.7308690547943115
,64.35624999999916,-18.26041666666677,-0.022117970511317253
,28.55208333333308,60.414583333331976,-0.12396708875894547
,43.293749999999534,-2.8937500000003236,-0.48537519574165344
,33.477083333332985,44.177083333332234,-0.3459971249103546
,48.468749999999446,32.193749999999135,-0.5907071828842163
,53.78124999999937,12.239583333332803,-0.6897968053817749
,57.28124999999931,38.4145833333323,-0.6583535671234131
,43.252083333332855,18.372916666665986,-0.6888052225112915
,46.86458333333279,18.564583333332674,-0.16373591125011444
,56.535416666665974,25.752083333332564,-0.6425331830978394
,46.61874999999948,1.9104166666662363,-0.7009395956993103
,13.752083333333292,44.59374999999891,-0.41071611642837524
,43.11874999999954,-1.677083333333627,-0.6819890737533569
,64.81874999999917,55.085416666665395,-0.7008851766586304
,62.96041666666584,13.960416666666106,-0.6274610161781311
,33.464583333332975,65.15208333333189,-0.19666972756385803
,46.61041666666611,22.522916666665964,-0.6651043891906738
,54.010416666666,20.6437499999993,-0.47400137782096863
,28.09791666666643,37.23124999999905,-0.2873835563659668
,64.2020833333325,13.6229166666661,-0.6393173933029175
,55.106249999999314,41.58541666666562,-0.6063708066940308
,58.19374999999928,32.59374999999912,-0.6828581690788269
,54.697916666665975,9.431249999999466,-0.6397556662559509
,49.9979166666661,16.556249999999352,-0.6608461737632751
,36.81874999999963,40.21041666666565,-0.386839896440506
,64.27291666666585,11.602083333332784,-0.6811081767082214
,43.13124999999951,41.402083333332314,-0.7275133728981018
,48.168749999999456,10.447916666666144,-0.5693478584289551
,57.87708333333261,30.972916666665785,-0.6961352229118347
,44.61874999999951,23.21041666666585,-0.49174389243125916
,47.42708333333278,24.389583333332553,-0.5966559648513794
,68.75624999999911,37.03541666666566,-0.5990830063819885
,49.92708333333277,48.51874999999882,-0.5002850890159607
,64.69374999999916,17.752083333332703,-0.6167965531349182
,62.20208333333258,-7.077083333333575,-0.5583133697509766
,79.21874999999895,14.285416666666064,-0.0805107057094574
,63.73124999999917,55.32708333333209,-0.6539883017539978
,40.181249999999565,-1.2104166666670435,-0.37861377000808716
,68.77291666666582,62.25208333333199,-0.6093637943267822
,47.77708333333277,6.993749999999551,-0.5528198480606079
,52.939583333332656,35.418749999998994,-0.6317447423934937
,57.8395833333326,47.02291666666548,-0.6422515511512756
,32.00208333333304,51.66874999999873,-0.4043405055999756
,39.26041666666624,-8.785416666666862,-0.48736387491226196
,69.2395833333325,62.06458333333194,-0.6241152286529541
,43.71458333333282,-0.4354166666670664,-0.6097387671470642
,42.914583333332835,-5.543750000000272,-0.6714993119239807
,45.7895833333328,21.789583333332644,-0.5788609385490417
,38.472916666666265,36.49374999999907,-0.5708972215652466
,56.839583333332634,38.65208333333234,-0.6609085202217102
,53.32291666666601,9.23124999999942,-0.6583326458930969
,56.939583333332635,30.560416666665844,-0.6757931709289551
,64.33541666666585,33.94791666666572,-0.6343786120414734
,51.52708333333271,18.214583333332627,-0.6293769478797913
,37.25624999999961,33.9562499999991,-0.44722503423690796
,42.414583333332864,45.081249999998875,-0.6331084966659546
,52.21874999999936,-6.6479166666669585,-0.46670210361480713
,43.86874999999948,21.472916666665924,-0.7166427969932556
,32.697916666666345,49.24374999999881,-0.17573010921478271
,54.46874999999935,33.10624999999911,-0.7222148776054382
,52.16874999999939,-9.10000000000025,-0.6535850167274475
,70.33124999999907,26.127083333332507,-0.5821982622146606
,60.593749999999254,36.97708333333238,-0.6781790256500244
,49.12291666666609,0.27291666666627634,-0.608088493347168
,64.91041666666587,52.97291666666544,-0.634286642074585
,65.50624999999917,30.597916666665842,-0.6399915218353271
,52.88124999999937,7.939583333332877,-0.6297810673713684
,53.922916666666,19.318749999999312,-0.6580816507339478
,41.364583333332874,-4.297916666666963,-0.4854220747947693
,35.447916666666295,46.30208333333223,-0.4565712809562683
,52.66874999999937,18.3312499999993,-0.046871501952409744
,41.443749999999554,44.597916666665554,-0.49200066924095154
,50.456249999999386,3.8604166666662536,-0.6578373312950134
,54.414583333332665,23.3020833333326,-0.607228696346283
,51.84791666666606,-0.0937500000003979,-0.6673542857170105
,39.18541666666626,28.552083333332515,-0.6364877820014954
,57.17291666666595,36.27291666666568,-0.7190468907356262
,33.689583333333,57.918749999998695,-0.20949092507362366
,26.193749999999774,58.993749999998705,-0.014480259269475937
,62.88958333333256,33.24791666666576,-0.6722316145896912
,53.668749999999335,55.85208333333207,-0.5151835680007935
,42.36874999999954,42.26458333333229,-0.67739337682724
,54.18124999999934,51.447916666665435,-0.6155280470848083
,43.20624999999952,-6.452083333333632,-0.7498864531517029
,48.747916666666114,7.081249999999556,-0.6775402426719666
,64.73124999999916,27.260416666665858,-0.6048480272293091
,57.381249999999284,-4.193750000000335,-0.5548131465911865
,62.26874999999924,54.19791666666537,-0.6005837917327881
,68.25208333333245,31.152083333332513,-0.6694577932357788
,40.03541666666623,22.11041666666594,-0.5215379595756531
,63.16041666666586,52.11041666666546,-0.6764987707138062
,51.95208333333269,-2.9812500000003292,-0.6958373785018921
,64.28124999999918,43.40208333333223,-0.6833676695823669
,53.36041666666602,19.9562499999993,-0.5856025218963623
,31.002083333333037,60.65624999999868,-0.1378067135810852
,37.44791666666628,31.00624999999914,-0.5488590598106384
,65.25624999999913,45.9854166666656,-0.6442024111747742
,62.831249999999166,40.45208333333233,-0.5659865736961365
,78.83124999999896,14.17291666666611,-0.16060973703861237
,75.481249999999,61.52708333333197,0.29205119609832764
,58.83124999999929,45.568749999998914,-0.6175100803375244
,33.37708333333298,35.64791666666573,-0.48796558380126953
,47.89374999999945,40.1270833333323,-0.501564085483551
,39.581249999999564,36.62291666666573,-0.4436827003955841
,47.993749999999416,6.231249999999533,-0.7162368297576904
,66.16874999999916,23.214583333332598,-0.7049764394760132
,68.41458333333244,53.506249999998744,-0.5737384557723999
,62.568749999999234,9.385416666666117,-0.6147962808609009
,47.8354166666661,7.081249999999556,-0.6707490682601929
,53.98124999999935,26.889583333332492,-0.7272235155105591
,58.152083333332605,-6.752083333333586,-0.5247589945793152
,52.43124999999937,46.36874999999886,-0.6074861884117126
,71.12291666666573,55.17708333333206,-0.22944748401641846
,48.36874999999944,40.510416666665634,-0.6515417098999023
,66.01874999999916,52.597916666665434,-0.04729752242565155
,75.38541666666569,60.93958333333196,-0.09909643232822418
,46.252083333332784,17.377083333332674,-0.5546819567680359
,65.74791666666584,-22.21875000000003,-0.4498694837093353
,57.71874999999929,38.91041666666567,-0.6745428442955017
,64.0145833333325,52.39374999999876,-0.6492944359779358
,50.99374999999939,-2.6187500000003183,-0.6876548528671265
,52.98541666666605,40.23124999999902,-0.4906051754951477
,60.93958333333257,44.356249999998965,-0.6382854580879211
,52.918749999999385,53.860416666665365,-0.6154646277427673
,35.11874999999963,33.76874999999907,-0.23001186549663544
,56.135416666665975,26.73958333333255,-0.7140819430351257
,30.177083333333062,66.00208333333191,-0.14678959548473358
,32.12291666666635,51.67708333333215,-0.25508934259414673
,61.472916666665924,35.022916666665715,-0.6595799922943115
,47.5895833333328,5.977083333332871,-0.5100565552711487
,40.22291666666623,20.82708333333261,-0.4135359227657318
,36.93541666666627,38.94791666666569,-0.5508034229278564
,45.618749999999466,17.052083333332657,-0.5110507011413574
,54.60208333333269,46.63958333333224,-0.4016718864440918
,37.260416666666266,58.22291666666535,-0.2241569310426712
,37.34374999999961,22.114583333332575,-0.6081030368804932
,36.685416666666306,39.00208333333233,-0.39619311690330505
,50.69374999999938,2.564583333332962,-0.5720176100730896
,60.831249999999216,50.41874999999877,-0.6488872170448303
,45.12708333333281,2.9437499999995396,-0.6298341155052185
,51.1437499999994,24.635416666665915,-0.6504513621330261
,62.252083333332564,36.79374999999907,
,33.439583333332976,47.62708333333213,-0.3827228248119354
,44.40624999999947,3.2437499999995505,-0.6970691680908203
,50.17708333333274,-5.43541666666698,-0.25103408098220825
,53.99374999999936,29.54374999999916,-0.6342151165008545
,47.54791666666612,44.9895833333322,-0.39553412795066833
,41.88124999999953,-2.639583333333661,-0.5281133055686951
,36.79374999999963,50.160416666665526,-0.5836172699928284
,46.206249999999436,17.143749999999386,-0.5983892679214478
,36.61458333333296,55.85624999999874,-0.18177783489227295
,54.502083333332656,-7.789583333333608,
,61.53958333333258,48.30208333333215,-0.6404809951782227
,42.03958333333289,-3.222916666666975,-0.5561407208442688
,30.48958333333305,51.88541666666549,-0.32076162099838257
,65.99374999999914,52.156249999998806,-0.6283525228500366
,53.03541666666604,40.85624999999896,-0.6013377904891968
,32.33124999999969,49.77291666666554,-0.30919328331947327
,62.59791666666588,37.189583333332365,-0.6591047644615173
,66.61458333333246,25.41458333333256,-0.6408184766769409
,50.28124999999941,47.872916666665496,-0.1595369130373001
,43.08958333333284,24.74374999999921,-0.45547157526016235
,50.76041666666605,15.402083333332714,-0.6492326259613037
,64.21041666666585,-20.722916666666688,-0.334908664226532
,51.17291666666605,-2.093750000000312,-0.649719774723053
,46.36458333333282,38.43958333333236,-0.5363883972167969
,47.48124999999947,8.906249999999488,-0.5000671148300171
,42.2604166666662,24.914583333332526,-0.47074511647224426
,36.53958333333298,30.27291666666582,-0.5574439167976379
,52.74791666666604,53.89374999999873,-0.5772812366485596
,35.772916666666305,50.889583333332176,-0.33484095335006714
,66.12291666666582,51.806249999998805,-0.6693153381347656
,43.906249999999545,27.627083333332475,-0.6749624013900757
,45.8145833333328,13.88541666666609,-0.6403079032897949
,53.102083333332686,52.40208333333214,-0.6561135053634644
,45.70624999999947,16.031249999999403,-0.5629115700721741
,64.34374999999918,11.585416666666077,-0.6231817603111267
,54.88541666666598,28.043749999999164,-0.6908151507377625
,36.88124999999963,32.318749999999135,-0.4769066870212555
,57.3062499999993,40.839583333332314,-0.6273049116134644
,40.768749999999535,39.97291666666569,-0.4274051785469055
,52.89374999999935,30.62708333333245,-0.6363493204116821
,37.25624999999961,28.227083333332473,-0.24345840513706207
,53.839583333332705,-1.9479166666670267,-0.6690368056297302
,29.31041666666639,60.01041666666538,-0.13530123233795166
,49.82291666666609,1.2520833333329333,-0.5929275155067444
,49.3062499999994,24.452083333332524,-0.6283075213432312
,38.34374999999957,33.910416666665775,-0.4020237624645233
,62.43958333333258,57.189583333332045,-0.605944037437439
,54.597916666666016,-7.172916666666935,-0.6980916261672974
,56.181249999999295,-3.3437500000003406,
,37.13124999999961,47.177083333332206,-0.3101884424686432
,35.00208333333297,62.310416666665276,-0.16525112092494965
,53.82291666666599,44.55208333333223,-0.49096137285232544
,46.36458333333282,34.26874999999908,-0.3650335967540741
,44.83541666666617,42.67291666666565,-0.4121454060077667
,59.83958333333255,42.06874999999891,-0.6170809864997864
,53.64791666666604,19.78124999999932,-0.6350111365318298
,50.83958333333273,5.3354166666662195,-0.5636441111564636
,49.71041666666606,52.23958333333212,-0.4848586320877075
,37.30208333333294,33.24791666666576,-0.5382878184318542
,64.47708333333252,-20.44375000000008,0.0224461667239666
,21.610416666666517,58.302083333332035,-0.2095489799976349
,56.55624999999932,40.13124999999897,-0.5927209258079529
,54.977083333332644,49.956249999998846,-0.5755119323730469
,39.28541666666624,29.65208333333251,-0.3907887637615204
,48.83958333333276,21.860416666665913,-0.7253906726837158
,55.860416666665955,34.32708333333238,-0.35027462244033813
,61.768749999999194,44.77708333333223,-0.6172434091567993
,37.66874999999959,-5.718750000000313,-0.48749247193336487
,62.41874999999918,59.46041666666535,-0.5716296434402466
,63.252083333332514,9.993749999999437,-0.7406158447265625
,45.5145833333328,9.118749999999494,-0.3453018069267273
,57.60624999999926,12.193749999999481,-0.7042132616043091
,73.48958333333235,54.6395833333321,-0.22628119587898254
,58.02291666666595,34.9645833333324,-0.6007553339004517
,52.197916666666046,58.035416666665384,-0.3489767014980316
,53.13541666666603,-3.060416666667009,-0.6750900149345398
,27.306249999999768,65.35624999999858,-0.31206002831459045
,64.0145833333325,49.097916666665526,-0.6323137283325195
,34.46041666666628,45.85208333333218,-0.4834015965461731
,67.84374999999919,29.820833333332526,-0.6572926044464111
,40.52291666666623,-6.6937500000002785,-0.48593607544898987
,35.51041666666631,41.88124999999897,-0.19725851714611053
,63.08124999999922,13.74374999999935,-0.5848802924156189
,31.181249999999682,34.61874999999906,-0.24194149672985077
,49.51458333333274,41.09791666666566,-0.6194022297859192
,58.393749999999265,50.85208333333218,-0.6087443828582764
,53.07291666666604,6.41041666666618,-0.7041581869125366
,40.53124999999954,-3.939583333333671,-0.43630078434944153
,52.59374999999935,41.86458333333231,-0.5391665697097778
,30.05624999999973,52.06041666666548,-0.2901863753795624
,47.97708333333279,2.6270833333329335,-0.6013166308403015
,35.66458333333298,42.44374999999894,-0.23895175755023956
,62.656249999999226,43.756249999998964,-0.5848627686500549
,62.993749999999196,9.385416666666117,-0.6469516754150391
,66.17708333333246,14.472916666666011,-0.19260112941265106
,62.88958333333256,50.14791666666548,-0.6106342673301697
,50.56041666666608,23.727083333332615,-0.6926001310348511
,49.88958333333275,38.89791666666571,-0.6194881796836853
,47.92708333333275,-3.597916666667003,-0.6845847368240356
,58.19374999999928,57.1437499999987,-0.5941501259803772
,51.49374999999936,13.96874999999943,-0.7526698112487793
,62.914583333332544,44.50208333333226,-0.6131382584571838
,55.34791666666595,-3.5020833333336436,-0.6484919786453247
,37.10624999999962,28.58958333333251,-0.2718489468097687
,51.9395833333327,15.906249999999376,-0.7138484120368958
,54.74374999999936,36.11874999999904,-0.5252845883369446
,71.3770833333324,53.96874999999874,-0.500200629234314
,50.18541666666604,52.17291666666542,-0.40289637446403503
,57.860416666665934,39.87708333333227,-0.62772136926651
,66.89791666666582,49.8145833333321,-0.6706238985061646
,20.977083333333173,50.66458333333213,-0.23616908490657806
,61.339583333332534,49.33124999999882,-0.6421092748641968
,57.53541666666595,25.710416666665907,-0.6520941257476807
,51.943749999999355,7.168749999999448,-0.4291360378265381
,56.18541666666595,49.02291666666551,-0.5929279327392578
,64.47708333333252,30.95624999999913,-0.6615027189254761
,50.38541666666608,18.47291666666595,-0.6410140991210938
,25.70208333333311,65.32291666666524,-0.05913726985454559
,49.42708333333273,5.664583333332899,-0.626671552658081
,48.15624999999943,7.202083333332807,-0.7283852100372314
,41.26041666666621,25.9979166666659,-0.6671851277351379
,63.81458333333253,-18.9187500000001,-0.012531675398349762
,42.61041666666618,44.63124999999891,-0.5726454854011536
,27.3270833333331,65.92291666666523,-0.17668496072292328
,43.972916666666165,-0.17708333333368384,-0.62665194272995
,67.36458333333249,40.43541666666561,-0.6467243432998657
,65.2354166666658,15.806249999999325,-0.5527913570404053
,67.30624999999912,51.30624999999878,-0.6588483452796936
,57.960416666665935,47.73958333333218,-0.6953212022781372
,68.31874999999911,55.21458333333206,-0.6446914672851562
,43.56041666666616,3.981249999999534,
,51.32708333333274,6.2479166666661845,-0.6266273260116577
,30.510416666666373,57.71041666666537,-0.16362711787223816
,49.78124999999938,2.972916666666236,-0.6898463368415833
,52.15624999999936,5.397916666666162,-0.4262203574180603
,63.47708333333254,36.343749999999034,-0.6769932508468628
,58.53541666666594,23.760416666665947,-0.65766441822052
,66.42708333333249,20.106249999999246,-0.48147982358932495
,65.74374999999915,-23.168749999999957,-0.3520931005477905
,36.71458333333297,29.893749999999134,-0.3307112753391266
,65.89374999999916,27.452083333332496,-0.6258364319801331
,65.48958333333249,-17.910416666666773,-0.48625171184539795
,49.5312499999994,45.081249999998875,-0.47219768166542053
,64.4437499999992,14.647916666666022,-0.4430844485759735
,53.56874999999936,44.84374999999891,-0.536436915397644
,64.71458333333248,-16.1354166666668,0.0555264838039875
,50.306249999999395,39.606249999998994,-0.5657204389572144
,54.36458333333268,47.13958333333218,-0.5339672565460205
,57.78541666666596,25.427083333332515,-0.6857609748840332
,75.42708333333235,61.11458333333195,-0.04176701605319977
,30.927083333333023,51.64374999999879,-0.33446717262268066
,33.47291666666634,36.5604166666657,-0.2162688970565796
,34.76458333333298,48.07291666666552,-0.4923318922519684
,67.09374999999915,57.48541666666537,-0.644553005695343
,68.4854166666658,24.527083333332538,-0.6025950908660889
,65.7187499999992,13.964583333332769,-0.6698419451713562
,50.2187499999994,14.927083333332718,-0.525143563747406
,49.55208333333275,54.85208333333202,-0.5072073340415955
,63.10208333333252,14.743749999999407,-0.6839746236801147
,49.2812499999994,30.67708333333243,-0.602817952632904
,64.06041666666584,12.118749999999466,-0.5999703407287598
,35.914583333332985,51.87291666666544,-0.3058757185935974
,63.856249999999214,12.056249999999409,-0.6339291334152222
,57.93541666666595,43.2979166666656,-0.6292120814323425
,48.94374999999943,35.72291666666575,-0.5817805528640747
,34.881249999999675,48.50208333333219,-0.4112617075443268
,52.38958333333271,27.96458333333248,-0.6076101064682007
,54.168749999999356,51.43124999999878,-0.5854104161262512
,57.860416666665934,42.456249999998924,-0.6723670959472656
,37.73958333333296,37.372916666665674,-0.5013570189476013
,42.57708333333289,44.743749999998954,-0.5891246795654297
,65.08124999999919,52.70208333333216,-0.6630899310112
,60.639583333332574,56.018749999998754,-0.6380345821380615
,36.51458333333294,33.54374999999908,-0.782036542892456
,64.98541666666583,47.52291666666551,-0.5735453963279724
,52.68124999999938,48.66874999999885,-0.5441920757293701
,50.47291666666607,15.735416666666053,-0.5758612155914307
,57.43958333333262,50.83124999999878,-0.678574800491333
,59.05624999999926,24.41041666666584,-0.628328800201416
,53.40624999999933,25.568749999999252,-0.6610015630722046
,59.58541666666593,58.722916666665384,-0.5713272094726562
,48.997916666666086,10.61041666666614,-0.6698426008224487
,67.03541666666577,17.189583333332706,-0.6061543822288513
,29.21041666666643,61.214583333331916,-0.09554101526737213
,59.26874999999927,48.8104166666655,-0.6528820991516113
,47.14374999999946,38.08124999999896,-0.614975094795227
,64.80624999999918,-17.35208333333341,0.06373034417629242
,56.33541666666596,13.614583333332687,-0.6517696976661682
,49.68958333333273,18.043749999999275,-0.6767244935035706
,37.26458333333297,28.214583333332513,-0.3258693516254425
,43.352083333332864,-1.6229166666670383,-0.6266167759895325
,45.756249999999504,4.556249999999579,-0.6318497657775879
,37.760416666666295,40.068749999999,-0.36060190200805664
,52.739583333332675,45.206249999998875,-0.5757513642311096
,37.84791666666623,36.160416666665725,-0.46998468041419983
,64.44791666666588,33.81041666666573,-0.6848680973052979
,55.99374999999933,37.86041666666566,-0.553993821144104
,47.8354166666661,36.827083333332325,-0.5200185775756836
,38.66458333333294,31.018749999999102,-0.43798476457595825
,49.68541666666608,18.03958333333264,0.04477062076330185
,37.493749999999594,27.497916666665905,
,49.57291666666608,26.960416666665875,-0.6401090621948242
,44.389583333332844,18.189583333332678,-0.6131914854049683
,38.41874999999959,-7.672916666666907,-0.13523361086845398
,34.7729166666663,47.564583333332195,-0.508186399936676
,35.26874999999966,59.67291666666535,-0.31813204288482666
,54.90208333333267,-8.031250000000256,-0.6451420187950134
,48.18124999999943,36.86041666666568,-0.4394700229167938
,42.810416666666185,44.931249999998926,-0.4789336919784546
,58.1187499999993,-6.614583333333599,-0.4586361050605774
,61.822916666665904,30.372916666665873,-0.6906085014343262
,38.11458333333293,59.435416666665326,-0.19745498895645142
,64.06458333333251,-17.810416666666725,-0.2345263659954071
,41.093749999999524,36.16874999999905,-0.6199638247489929
,58.4145833333326,42.20208333333223,
,40.306249999999565,48.06458333333222,-0.32284241914749146
,54.07708333333266,53.602083333332125,-0.6318105459213257
,54.51458333333268,21.289583333332615,-0.7387163043022156
,33.51458333333301,50.32708333333212,-0.35446375608444214
,50.83541666666606,38.26041666666569,-0.6210005879402161
,64.85208333333252,57.07708333333201,-0.6474592089653015
,49.83958333333272,12.839583333332797,-0.6423304677009583
,59.793749999999235,15.16041666666601,-0.6337275505065918
,64.93958333333251,50.75624999999877,-0.6625504493713379
,53.56874999999936,33.73541666666579,-0.6927112340927124
,33.71458333333299,68.22291666666516,-0.5679110884666443
,69.1187499999991,21.706249999999297,-0.3827351927757263
,44.78958333333284,7.743749999999494,-0.6490388512611389
,25.122916666666452,42.65624999999895,-0.2237367480993271
,61.647916666665864,51.16458333333215,-0.6491013169288635
,55.21041666666599,39.960416666665616,-0.5175973773002625
,59.73958333333258,35.32291666666577,-0.6365480422973633
,50.70624999999936,2.1312499999995675,-0.6092443466186523
,36.69791666666628,31.789583333332416,-0.5724067091941833
,31.864583333333023,63.0895833333319,-0.23642544448375702
,45.7895833333328,46.643749999998896,-0.3395533561706543
,59.59374999999926,56.18541666666542,-0.6333214044570923
,63.406249999999176,32.73541666666574,-0.670958399772644
,38.42708333333295,28.47708333333247,-0.42416641116142273
,18.347916666666567,50.364583333332114,-0.23317621648311615
,66.5020833333325,48.535416666665526,-0.700117290019989
,42.79374999999955,-0.9604166666669868,-0.5742283463478088
,55.18124999999934,9.256249999999453,-0.5795041918754578
,64.81458333333248,42.81458333333231,-0.6112234592437744
,56.51458333333264,31.79374999999908,
,55.68541666666597,43.27291666666556,-0.6260355710983276
,36.96041666666627,44.322916666665606,-0.3589128851890564
,34.439583333333,49.61458333333218,-0.271419495344162
,42.76041666666619,-0.9645833333336781,-0.5887614488601685
,34.381249999999646,44.1104166666656,-0.141030952334404
,57.25208333333261,35.956249999999045,-0.6812278032302856
,36.97708333333295,40.381249999998964,-0.4178662598133087
,47.743749999999444,34.69791666666575,-0.48576459288597107
,61.66458333333259,43.852083333332274,-0.6724839806556702
,41.81041666666621,33.23541666666577,-0.5288262963294983
,36.91874999999961,46.58541666666559,-0.30278685688972473
,55.743749999999324,26.306249999999235,-0.6116106510162354
,67.00208333333245,51.856249999998795,-0.6264358758926392
,64.41874999999919,40.27291666666567,-0.6498711705207825
,54.206249999999365,26.314583333332536,-0.6652641892433167
,65.15624999999912,-15.860416666666792,-0.08242516219615936
,50.16874999999943,41.11041666666563,-0.6016271710395813
,35.33541666666632,57.60624999999874,-0.2149077206850052
,57.860416666665934,15.810416666666073,-0.7016972899436951
,51.393749999999415,4.7937499999995055,-0.5524139404296875
,62.10624999999921,54.9229166666654,-0.579073429107666
,65.31874999999914,-15.302083333333455,-0.3160707652568817
,54.08541666666597,-9.281250000000226,
,42.35208333333286,19.043749999999335,-0.5232643485069275
,47.052083333332796,0.7062499999995849,-0.5650936961174011
,50.522916666666056,-4.697916666666969,-0.7140249013900757
,53.83124999999935,-8.081250000000239,-0.5635270476341248
,65.20208333333247,57.660416666665384,-0.6791669130325317
,64.59791666666584,55.2895833333321,-0.6178814172744751
,29.42708333333308,53.73124999999871,-0.1107715368270874
,52.935416666666,7.05208333333286,-0.5476863980293274
,52.50624999999935,53.47708333333213,-0.6501030325889587
,50.843749999999396,-4.052083333333655,-0.6760886907577515
,48.7062499999994,2.497916666666242,-0.7261407971382141
,62.03958333333255,40.67291666666565,-0.607345700263977
,50.50624999999939,31.943749999999145,-0.6031808257102966
,65.21874999999918,-21.78125,-0.5858444571495056
,44.05208333333284,8.185416666666129,-0.3583139181137085
,59.802083333332604,49.19374999999882,-0.6675489544868469
,35.93958333333298,51.06874999999883,-0.4447542428970337
,57.052083333332625,14.17291666666611,
,40.96874999999957,40.793749999998994,-0.5600487589836121
,51.51874999999941,46.20208333333227,0.07707451283931732
,51.43124999999938,30.356249999999136,-0.6382858157157898
,58.002083333332614,46.689583333332216,-0.6559819579124451
,63.08124999999922,58.17291666666538,-0.599581778049469
,62.41874999999918,24.360416666665856,-0.6377075910568237
,56.76458333333266,25.7895833333325,-0.6854249835014343
,38.031249999999595,21.33541666666593,-0.4934934079647064
,79.22708333333227,13.652083333332712,0.15816593170166016
,37.7354166666663,42.368749999998926,-0.3793241083621979
,57.88541666666597,46.9645833333322,-0.6667881011962891
,62.32291666666588,57.77708333333205,-0.6033996939659119
,34.26458333333299,45.947916666665606,-0.2733646035194397
,57.28958333333264,-4.064583333333672,-0.61351078748703
,40.31874999999959,21.72291666666592,-0.4544268548488617
,58.81041666666595,42.56874999999894,
,57.80416666666596,-4.691666666666947,-0.4051775634288788
,51.1812499999994,36.14374999999902,-0.6028584241867065
,43.43541666666621,40.53124999999892,-0.6405463218688965
,58.46458333333257,39.402083333332314,-0.6861081719398499
,65.36874999999918,59.93541666666533,-0.5705719590187073
,60.01874999999924,38.14791666666568,-0.41307511925697327
,47.968749999999424,-2.8187500000003634,-0.673518717288971
,17.81041666666657,44.33958333333222,-0.21763037145137787
,55.68958333333266,35.60208333333239,-0.6854755282402039
,49.66874999999939,20.085416666665964,-0.6012902855873108
,50.38541666666608,3.693749999999596,-0.5960866212844849
,48.62708333333277,23.522916666665907,-0.6371601819992065
,37.110416666666275,47.42291666666554,-0.42119380831718445
,34.41041666666634,67.71874999999855,-0.16267743706703186
,52.852083333332715,-7.435416666666952,-0.6567345857620239
,50.16874999999943,36.11041666666574,-0.6021865010261536
,64.31874999999918,31.997916666665752,-0.4818820357322693
,42.35208333333286,-8.485416666666906,0.13418489694595337
,63.693749999999184,52.82291666666549,-0.6621946096420288
,41.62291666666621,33.87708333333242,-0.5793461799621582
,63.05208333333254,14.443749999999394,-0.5730295181274414
,44.785416666666144,28.97291666666584,
,54.11458333333267,50.4145833333321,-0.5542519688606262
,53.49374999999934,35.03541666666575,-0.6765872836112976
,47.99791666666612,37.327083333332354,-0.11884358525276184
,39.99374999999956,29.564583333332454,-0.6137391328811646
,37.743749999999615,57.18124999999872,-0.2863311469554901
,28.110416666666396,51.96458333333217,-0.12768948078155518
,48.9187499999994,-0.0687500000003922,-0.6169669032096863
,64.89791666666585,-14.785416666666805,-0.4596983790397644
,47.064583333332784,-0.981250000000358,-0.6992679834365845
,32.91458333333302,60.33124999999865,-0.15322080254554749
,44.98958333333284,27.4687499999992,-0.33537420630455017
,64.52708333333254,-21.056250000000002,-0.3779391646385193
,37.722916666666286,31.677083333332494,
,38.66041666666624,33.37708333333242,
,39.79374999999958,26.33541666666585,-0.6556699872016907
,59.26041666666588,50.07708333333209,-0.6448102593421936
,63.714583333332534,14.952083333332752,-0.6610182523727417
,55.84374999999932,41.835416666665616,-0.5928939580917358
,28.89374999999974,60.34791666666529,-0.16282886266708374
,67.84791666666584,50.4729166666655,-0.5997366309165955
,55.16458333333265,22.864583333332632,-0.49322494864463806
,32.76041666666635,49.668749999998816,-0.32431209087371826
,40.21458333333291,-1.8812500000003636,-0.4932871162891388
,48.68541666666606,6.672916666666168,-0.689903199672699
,57.71874999999929,38.96874999999898,-0.7019578218460083
,66.62291666666582,16.28958333333273,-0.6087045669555664
,46.63541666666611,40.06041666666558,-0.055497005581855774
,27.04791666666643,62.27291666666529,-0.197781041264534
,48.77291666666611,14.010416666666089,
,72.04791666666571,54.90624999999874,-0.36050286889076233
,49.877083333332735,28.572916666665805,-0.5433926582336426
,40.306249999999565,20.01458333333261,-0.35156649351119995
,44.80624999999949,17.872916666666043,-0.6402639150619507
,62.48958333333256,53.83958333333208,-0.6678481698036194
,60.69583333333254,55.29166666666541,-0.6247972249984741
,42.49791666666621,13.081249999999415,-0.5565014481544495
,41.24791666666623,31.760416666665744,-0.5013972520828247
,45.74374999999948,20.952083333332606,-0.5179779529571533
,53.79374999999934,20.664583333332672,-0.5558111071586609
,46.8979166666661,14.55208333333269,-0.6598173379898071
,49.26458333333277,41.80624999999892,-0.6613879799842834
,72.0187499999991,52.08958333333217,
,55.32291666666597,10.722916666666093,-0.6728358864784241
,52.24374999999936,43.6645833333323,-0.502747654914856
,20.839583333333188,42.32708333333223,-0.18449735641479492
,39.8145833333329,31.102083333332445,-0.4906866252422333
,69.15624999999912,49.3020833333322,-0.4052169919013977
,47.69374999999946,33.93541666666573,-0.4122023582458496
,55.364583333332675,45.818749999998865,-0.551906406879425
,56.85208333333265,-2.685416666666981,-0.634071946144104
,74.65624999999903,57.177083333332064,0.051093049347400665
,53.57291666666603,59.73124999999866,-0.5838736295700073
,55.14374999999932,59.05208333333196,-0.5310128927230835
,67.51458333333247,56.810416666665354,-0.663869321346283
,63.09791666666586,30.543749999999104,-0.6449124217033386
,48.856249999999434,27.689583333332536,-0.6302072405815125
,33.23958333333301,49.68124999999881,0.41191601753234863
,65.20624999999916,14.618749999999409,-0.26972901821136475
,43.656249999999524,-1.3520833333337237,-0.6128682494163513
,64.60624999999916,55.7437499999987,-0.5744224786758423
,63.602083333332544,15.639583333332753,-0.6086946129798889
,68.43124999999915,59.99374999999864,-0.5118774771690369
,65.26874999999916,54.989583333332085,-0.6929031014442444
,43.40208333333284,5.981249999999533,-0.448376327753067
,37.06041666666629,30.197916666665808,-0.4017045795917511
,67.59791666666581,49.4979166666655,-0.6592651009559631
,29.48958333333303,50.78958333333213,-0.16887636482715607
,64.22291666666587,54.156249999998806,-0.6780523657798767
,39.0562499999996,46.94374999999888,-0.36998745799064636
,67.7604166666658,61.668749999998624,-0.6222350597381592
,63.822916666665826,-19.435416666666754,-0.4393833875656128
,53.581249999999336,15.547916666666083,-0.6799415946006775
,69.6812499999991,61.50624999999869,-0.5997867584228516
,42.535416666666165,24.831249999999187,-0.3905198574066162
,26.014583333333128,59.08541666666533,-0.053869910538196564
,45.10208333333282,42.743749999998954,-0.4102514982223511
,61.5562499999992,8.706249999999441,0.028611864894628525
,60.493749999999245,17.727083333332672,-0.6514410972595215
,57.71041666666594,55.01874999999878,-0.6726000905036926
,30.360416666666378,53.90208333333214,-0.1603975147008896
,65.61458333333249,28.027083333332538,-0.6045235395431519
,26.972916666666414,38.82708333333235,-0.2459622621536255
,49.62708333333277,34.193749999999056,-0.5464333891868591
,37.11458333333294,32.41874999999911,0.1818457394838333
,40.60624999999956,29.564583333332454,-0.46270751953125
,66.57708333333247,36.960416666665736,-0.6512914299964905
,67.23124999999916,39.2854166666657,-0.6465041041374207
,26.497916666666477,58.23541666666535,-0.07243043929338455
,55.027083333332676,40.80208333333232,-0.6781933903694153
,39.214583333332904,37.110416666665685,-0.43672725558280945
,63.81041666666588,38.08541666666571,-0.5995036363601685
,57.83124999999927,37.61041666666562,-0.6680593490600586
,56.70208333333266,16.08541666666605,-0.5982942581176758
,45.52708333333282,27.406249999999172,-0.3466118574142456
,55.91041666666599,21.768749999999272,-0.685133695602417
,52.66041666666604,-2.889583333333633,-0.4813068211078644
,61.36041666666587,14.456249999999384,-0.6452875733375549
,69.5437499999991,26.6854166666659,-0.5950285792350769
,57.16874999999928,29.73958333333252,-0.7173290252685547
,53.97291666666602,53.27291666666545,-0.6744848489761353
,34.814583333333005,45.72708333333227,-0.3509375751018524
,67.42708333333249,17.068749999999373,-0.609689474105835
,66.09374999999912,-16.422916666666765,-0.6234311461448669
,78.89374999999896,13.085416666666077,0.5601034164428711
,31.756249999999678,34.72291666666578,-0.3139861822128296
,54.57291666666603,51.152083333332165,-0.5315026640892029
,53.16458333333269,47.514583333332205,-0.7200559973716736
,64.0145833333325,-20.231250000000074,-0.3613471984863281
,76.34374999999903,65.31041666666525,
,32.214583333332996,35.893749999999066,-0.27960318326950073
,54.26041666666601,39.66041666666563,-0.596895694732666
,49.227083333332764,4.8229166666662024,-0.6666305065155029
,59.672916666665934,45.239583333332234,-0.6725211143493652
,53.197916666666046,23.864583333332572,-0.7083617448806763
,52.40624999999937,29.339583333332452,-0.6370700001716614
,49.60624999999943,48.92291666666554,-0.40276265144348145
,54.03124999999931,-1.5687500000003352,-0.5454550385475159
,43.035416666666194,18.735416666666026,-0.6503642797470093
,33.48124999999965,64.15624999999861,-0.28322553634643555
,32.76041666666635,64.2229166666653,-0.20141738653182983
,57.802083333332575,34.6145833333324,-0.48838502168655396
,47.97291666666609,24.82291666666589,-0.6351433396339417
,24.747916666666477,43.19791666666563,-0.2573561668395996
,31.231249999999726,54.3895833333321,-0.1858500838279724
,66.73541666666583,58.32708333333207,-0.6075265407562256
,65.92708333333249,48.26874999999881,-0.6706422567367554
,63.68541666666582,36.80208333333237,-0.6792449355125427
,41.00208333333286,-3.197916666666998,-0.5307939648628235
,64.91874999999919,13.035416666666064,-0.6222203969955444
,67.28541666666581,57.22291666666538,-0.6421628594398499
,19.06041666666654,41.77708333333225,-0.2933613061904907
,55.077083333332666,8.80208333333286,-0.6473827362060547
,56.17291666666597,8.993749999999466,-0.7766172289848328
,18.00208333333324,48.997916666665475,-0.3269689977169037
,73.9979166666657,56.631249999998715,0.030907992273569107
,59.002083333332614,43.277083333332314,-0.6156185269355774
,56.25208333333266,56.65624999999875,-0.2916136085987091
,60.5854166666659,27.452083333332496,-0.6527047157287598
,72.04374999999905,54.36874999999873,-0.26415276527404785
,36.7062499999996,42.21041666666565,-0.3558483421802521
,42.681249999999515,-2.289583333333638,-0.738274335861206
,67.27708333333244,65.4520833333319,-0.5846326351165771
,61.88958333333256,7.552083333332803,-0.3695811629295349
,54.73124999999934,59.34374999999867,-0.6139822006225586
,60.30208333333258,48.63958333333215,-0.6467373371124268
,62.79374999999921,17.889583333332663,-0.5909005999565125
,63.389583333332546,8.752083333332791,-0.5384171605110168
,57.739583333332625,39.356249999998965,-0.660179615020752
,31.647916666666365,63.014583333331906,-0.213936910033226
,54.58541666666599,57.406249999998685,-0.5238679051399231
,29.10208333333305,56.518749999998676,-0.171785369515419
,54.32291666666601,49.73541666666551,-0.6187893748283386
,58.27708333333262,32.50624999999911,-0.5652612447738647
,57.67708333333263,53.98124999999874,-0.6275127530097961
,47.293749999999456,25.122916666665873,-0.6476767659187317
,42.08124999999952,-5.7895833333336375,-0.6232233643531799
,39.189583333332905,41.12708333333227,-0.5893828868865967
,52.843749999999346,-7.960416666666929,-0.6906313300132751
,65.87708333333248,27.53541666666584,-0.6650020480155945
,64.91874999999919,32.931249999999125,-0.6622586846351624
,62.21874999999922,47.10208333333216,-0.6576430201530457
,59.27708333333262,48.40208333333223,-0.6877860426902771
,26.297916666666445,63.28124999999864,-0.1185218021273613
,56.94791666666597,-2.585416666667015,-0.650423526763916
,29.952083333333054,53.881249999998765,-0.2857353091239929
,55.397916666666,32.9229166666658,-0.7135876417160034
,66.18124999999918,15.247916666666017,-0.5511628985404968
,53.82291666666599,-9.210416666666902,-0.6708357334136963
,51.43124999999938,5.556249999999522,-0.4184163212776184
,35.59791666666632,47.93124999999889,-0.2737162113189697
,38.477083333332935,29.57708333333249,-0.3341450095176697
,29.26041666666641,57.41041666666536,-0.24292461574077606
,52.86041666666603,34.76874999999902,-0.6431032419204712
,39.66874999999956,29.039583333332473,-0.49641260504722595
,61.40208333333254,30.88958333333244,
,38.33958333333291,38.06458333333234,-0.3753499388694763
,62.33124999999922,12.189583333332735,-0.4749576151371002
,42.78541666666618,12.752083333332706,-0.5464227199554443
,62.727083333332544,12.243749999999464,-0.5917576551437378
,67.38958333333247,52.552083333332085,-0.13005107641220093
,54.102083333332686,25.756249999999223,-0.6296161413192749
,44.03541666666621,42.87291666666561,-0.49209219217300415
,40.593749999999545,-1.927083333333684,-0.5296187400817871
,62.81458333333254,35.597916666665725,-0.7306258082389832
,61.49374999999921,8.797916666666111,-0.28904199600219727
,50.04374999999941,35.94791666666571,-0.5898356437683105
,32.89374999999967,68.58958333333184,-0.2754191756248474
,38.472916666666265,16.035416666666034,-0.5545234680175781
,20.91458333333322,57.56458333333205,-0.2249821275472641
,67.79374999999914,29.06874999999917,-0.6350417137145996
,55.15624999999934,-7.435416666666952,-0.5756139159202576
,56.206249999999294,32.59791666666575,-0.6563477516174316
,53.85624999999934,42.08958333333231,-0.5932697057723999
,67.22291666666581,28.8145833333325,-0.6335785984992981
,52.97291666666603,28.0687499999992,-0.6659579873085022
,43.61874999999952,4.243749999999608,-0.45434969663619995
,38.63124999999958,40.73958333333226,-0.5885353684425354
,21.80624999999984,49.7479166666655,-0.22271139919757843
,57.943749999999255,-4.047916666666992,-0.23874352872371674
,50.75208333333275,28.081249999999184,-0.5977007746696472
,43.56041666666616,43.01041666666557,-0.6053589582443237
,60.193749999999255,47.877083333332166,-0.6473222374916077
,49.372916666666065,30.514583333332496,-0.03181956708431244
,50.43958333333272,2.906249999999545,-0.6263931393623352
,42.2854166666662,-8.610416666666906,-0.41834428906440735
,54.472916666666016,-2.3437500000003695,-0.6706613898277283
,68.01874999999913,33.643749999999045,-0.6255926489830017
,52.00624999999938,-4.518750000000323,-0.7510822415351868
,42.20208333333286,26.722916666665835,-0.5780795216560364
,63.25624999999923,58.83541666666534,-0.48325303196907043
,62.297916666665884,8.710416666666106,-0.4375821352005005
,49.92708333333277,57.50208333333202,-0.585761308670044
,65.55208333333249,54.29791666666545,-0.6219506859779358
,51.293749999999385,-0.5479166666670495,-0.6723512411117554
,31.797916666666357,49.01458333333218,-0.5067391395568848
,56.227083333332665,53.70624999999876,-0.6007164120674133
,52.81458333333267,32.477083333332416,-0.6572203040122986
,64.11041666666587,-17.71458333333345,-0.14211101830005646
,26.797916666666435,37.94791666666564,-0.2694292366504669
,51.37708333333273,-2.8395833333336498,-0.5716279149055481
,64.49791666666584,18.45624999999933,-0.6438593864440918
,41.24374999999957,27.685416666665873,-0.4560677111148834
,59.531249999999254,53.77291666666547,-0.6352348327636719
,57.83124999999927,37.71041666666567,-0.6468244194984436
,28.339583333333078,59.55208333333201,-0.11486069113016129
,32.41458333333299,64.74791666666528,-0.18347878754138947
,43.16458333333286,20.39791666666593,-0.5716031193733215
,44.43958333333282,5.36874999999955,-0.5302988290786743
,64.8604166666659,-14.043750000000161,-0.6090540289878845
,62.831249999999166,58.797916666665316,-0.5744726061820984
,20.285416666666528,41.98124999999894,-0.15641272068023682
,56.7895833333326,34.21458333333243,-0.6468526124954224
,62.34791666666586,37.76874999999898,-0.6205663681030273
,59.52291666666589,52.602083333332104,-0.6318893432617188
,66.3770833333325,62.68541666666529,-0.4765279293060303
,62.406249999999204,54.247916666665354,-0.6013244986534119
,52.999999999999346,-2.0916666666669808,-0.6371675729751587
,47.293749999999456,21.622916666665958,-0.5039293766021729
,48.81041666666608,7.00624999999954,-0.680521547794342
,69.04374999999916,63.35624999999856,-0.5810474753379822
,48.03958333333276,-4.522916666666986,-0.2824084162712097
,64.7895833333325,51.868749999998776,-0.6407585144042969
,62.964583333332534,52.73124999999877,-0.6183657646179199
,33.502083333333,67.1729166666652,-0.4491785764694214
,66.74374999999915,53.7604166666654,-0.7088965177536011
,43.26458333333288,1.0145833333328937,-0.6318897008895874
,52.42291666666602,24.093749999999233,-0.5754697322845459
,31.356249999999683,58.189583333332,-0.14531442523002625
,76.18541666666567,67.23958333333192,-0.09732802212238312
,20.747916666666534,50.747916666665475,-0.23841401934623718
,50.93541666666604,33.00624999999914,-0.6558815836906433
,57.60208333333261,15.631249999999422,-0.5827761888504028
,39.531249999999574,48.71041666666554,-0.3207630515098572
,32.702083333333015,35.93958333333239,-0.3303537666797638
,45.34791666666617,13.702083333332693,-0.7108054757118225
,48.25624999999945,-3.5020833333336436,-0.6613942384719849
,42.63124999999951,27.285416666665895,-0.5546985268592834
,66.91874999999914,58.41874999999874,-0.6716285943984985
,37.28124999999961,33.227083333332445,-0.5280798077583313
,40.710416666666234,-2.4604166666670153,-0.5611081123352051
,57.71041666666594,59.18124999999864,-0.6256210207939148
,40.039583333332914,32.57708333333238,-0.15366198122501373
,53.52708333333269,19.681249999999267,-0.6661480069160461
,65.04374999999919,46.172916666665564,-0.5775480270385742
,22.081249999999844,52.210416666665445,-0.23334506154060364
,53.068749999999376,54.456249999998704,-0.6099879145622253
,52.043749999999385,37.752083333332365,-0.5190206170082092
,57.322916666665975,36.777083333332335,-0.6884437203407288
,43.12291666666619,18.09374999999937,-0.6603609323501587
,33.13541666666633,62.75624999999857,-0.25486353039741516
,51.86041666666603,42.93541666666564,-0.4142296016216278
,28.96874999999973,66.36458333333186,-0.24772211909294128
,37.889583333332915,37.406249999999034,-0.4394746720790863
,47.65624999999945,-2.9312500000003463,-0.6195335984230042
,64.78541666666581,-20.210416666666703,-0.01721765473484993
,58.218749999999275,42.02708333333225,-0.6154018640518188
,51.7812499999994,18.76041666666597,-0.45596957206726074
,65.18958333333248,49.593749999998806,-0.6130831837654114
,42.61458333333285,-0.8812500000003921,-0.4959315359592438
,61.74374999999922,23.91458333333256,-0.5993030667304993
,54.0145833333327,-7.47291666666692,-0.534176766872406
,59.2270833333326,31.364583333332437,-0.6503180861473083
,54.21041666666598,-0.9312500000003753,-0.5222963094711304
,53.293749999999356,-1.3395833333337066,-0.7024001479148865
,57.068749999999255,53.93541666666538,
,57.48541666666597,14.122916666666042,-0.5981441736221313
,49.760416666666096,49.83958333333214,-0.3745741546154022
,35.05624999999964,44.193749999998936,-0.2589556574821472
,41.18958333333289,41.31041666666564,-0.7001733183860779
,63.79791666666587,56.59374999999872,-0.6351374983787537
,66.09374999999912,14.543749999999392,-0.5180057883262634
,46.518749999999464,1.2604166666662593,-0.7330639958381653
,50.41874999999939,22.927083333332572,-0.6246328949928284
,36.11874999999963,32.76458333333243,-0.3743749260902405
,63.460416666665864,-18.610416666666733,-0.5677067637443542
,66.3770833333325,22.910416666665952,-0.7256530523300171
,53.560416666665986,59.722916666665355,-0.5756199955940247
,68.84791666666584,53.29374999999874,-0.5416296720504761
,58.99791666666592,33.564583333332365,-0.6888666749000549
,55.397916666666,52.00624999999874,-0.5278417468070984
,56.46458333333266,21.297916666665937,-0.7024721503257751
,40.75208333333291,-2.389583333333689,-0.5218968391418457
,40.660416666666244,38.07291666666566,-0.507465124130249
,38.54791666666626,27.610416666665852,-0.5738508105278015
,45.63958333333281,42.535416666665604,-0.5121447443962097
,49.602083333332736,7.16041666666615,-0.5840782523155212
,39.34791666666622,9.564583333332791,-0.4546431601047516
,48.589583333332754,15.431249999999409,-0.672400712966919
,38.897916666666234,37.61874999999903,-0.5095741152763367
,51.73541666666602,53.21041666666548,-0.5542258024215698
,28.960416666666415,51.71041666666551,-0.19438213109970093
,37.193749999999596,58.31874999999866,-0.2884519696235657
,52.96041666666601,35.53958333333235,-0.5886878371238708
,40.69374999999956,40.59374999999897,-0.636708676815033
,40.54374999999957,-6.931250000000289,-0.6773235201835632
,57.26458333333258,46.50624999999883,-0.5966567397117615
,40.00208333333291,8.585416666666193,-0.3957585096359253
,66.91041666666584,38.23541666666565,-0.6210448145866394
,44.48958333333285,33.797916666665735,-0.6577674150466919
,42.74374999999951,-1.9354166666670383,-0.5194699168205261
,67.93958333333245,51.68541666666547,-0.6347301602363586
,52.885416666666025,50.181249999998805,-0.43853330612182617
,71.69374999999911,53.06874999999877,-0.5808414816856384
,48.7062499999994,12.006249999999426,-0.616263747215271
,66.79791666666583,28.122916666665844,-0.6209883093833923
,47.80624999999946,-2.585416666667015,-0.6664472818374634
,35.602083333332956,48.25208333333216,-0.39852505922317505
,46.0187499999995,24.16041666666592,-0.6159306168556213
,45.71458333333279,16.014583333332666,-0.5528278946876526
,65.96874999999918,18.685416666666043,-0.6130570769309998
,63.920833333332546,-18.17083333333343,-0.16776879131793976
,60.93124999999922,31.1354166666658,
,52.76458333333269,29.689583333332536,-0.7041342854499817
,34.9229166666663,47.597916666665526,-0.331185907125473
,61.043749999999264,40.53541666666566,-0.6667960286140442
,61.41458333333255,29.360416666665856,-0.40483763813972473
,46.12291666666612,22.860416666665966,-0.5202326774597168
,40.87291666666621,-3.4520833333336607,-0.7118617296218872
,55.37291666666599,-3.347916666666947,-0.7055009007453918
,60.01041666666594,45.52708333333226,-0.6575526595115662
,47.97708333333279,35.860416666665714,-0.5793049335479736
,53.277083333332676,-9.53541666666689,-0.5686137080192566
,52.26874999999935,13.827083333332693,0.05316377431154251
,36.481249999999626,55.085416666665395,-0.21088041365146637
,52.98541666666605,42.15208333333226,-0.5818435549736023
,65.1395833333325,-15.989583333333485,-0.22206678986549377
,49.03958333333275,39.835416666665616,-0.602628231048584
,56.17291666666597,27.127083333332536,-0.15804873406887054
,55.51041666666598,-1.927083333333684,-0.5868806838989258
,58.1187499999993,29.4145833333325,-0.6821529865264893
,55.67291666666599,-2.697916666666998,-0.6186965107917786
,65.11041666666587,49.14374999999884,-0.6283130645751953
,58.38124999999929,13.943749999999397,-0.5386672019958496
,55.01458333333266,21.739583333332575,-0.7299514412879944
,42.3187499999995,41.72291666666561,-0.7129499912261963
,51.33541666666605,36.84374999999906,-0.5448058247566223
,36.15624999999963,46.93124999999883,-0.2861344814300537
,56.035416666665995,9.668749999999504,-0.7158633470535278
,51.606249999999406,39.50624999999903,-0.5492555499076843
,49.93124999999943,7.481249999999506,-0.7119186520576477
,50.618749999999416,9.50208333333282,-0.641463577747345
,79.41458333333227,22.352083333332615,-0.09647529572248459
,60.30624999999923,57.247916666665326,-0.6562687754631042
,69.03541666666575,33.81041666666573,-0.6232165694236755
,62.502083333332536,32.05624999999907,-0.12202704697847366
,68.84374999999915,21.06874999999928,-0.6094136834144592
,49.8312499999994,37.01041666666572,-0.6218608617782593
,67.5229166666658,64.33541666666525,-0.3855210542678833
,48.07291666666609,37.41458333333236,-0.5495175719261169
,58.010416666665925,46.26458333333223,-0.6334831118583679
,46.78124999999946,39.006249999999,-0.4676405191421509
,50.36041666666604,3.693749999999596,-0.6618410348892212
,56.91458333333261,38.36458333333232,-0.6774413585662842
,38.143749999999585,31.00208333333248,
,54.735416666665984,27.32291666666583,-0.7204871773719788
,52.88124999999937,11.160416666666066,-0.5844090580940247
,53.847916666666016,17.76874999999933,
,41.23124999999955,32.431249999999096,-0.6248180866241455
,31.58124999999971,34.55208333333238,
,48.36458333333278,11.385416666666146,
,63.67291666666586,-20.189583333333356,
,34.58958333333298,65.98541666666517,
,43.43958333333286,44.96874999999891,
,46.6020833333328,18.077083333332638,
,65.12291666666582,-21.093750000000057,
,52.90208333333271,19.71041666666596,
,35.71458333333295,49.24374999999881,
,28.427083333333083,51.96458333333217,
,50.085416666666084,13.143749999999356,
,54.65624999999931,24.677083333332575,
,75.61041666666571,61.181249999998656,
,49.49791666666606,-1.556250000000375,
,45.73124999999946,8.206249999999528,-0.7606289386749268
,44.91041666666615,22.36041666666594,
,60.51041666666588,50.264583333332155,-0.6394815444946289
,51.90624999999935,24.718749999999257,
,37.289583333332956,14.027083333332712,
,49.57291666666608,13.547916666666081,-0.6061123013496399
,32.78541666666634,68.45208333333183,
,27.35624999999975,65.90208333333194,
,66.36458333333248,50.83541666666545,
,60.09374999999925,54.51041666666543,
,48.54374999999943,22.98541666666588,-0.5386155247688293
,54.09791666666599,59.01458333333199,-0.5176287889480591
,33.96041666666635,64.92708333333192,
,46.27708333333281,4.297916666666225,
,66.91458333333247,56.047916666665344,
,53.73541666666604,16.81041666666604,
,56.68958333333264,56.25208333333205,
,22.293749999999847,41.20208333333229,
,18.62708333333322,43.21458333333225,
,57.81874999999931,26.127083333332507,
,54.214583333332634,-6.247916666666952,
,33.96874999999967,65.85624999999852,
,62.71041666666586,51.92291666666543,
,48.81874999999943,14.268749999999413,
,57.060416666665944,21.5812499999993,
,53.31458333333268,56.6812499999987,-0.6036342978477478
,59.97291666666593,37.12291666666567,
,57.60624999999926,35.48124999999905,
,54.168749999999356,45.19791666666555,
,62.527083333332556,22.28124999999926,
,65.1020833333325,-20.743750000000034,
,49.36458333333273,25.37291666666587,
,52.44791666666604,34.26458333333243,
,49.14374999999942,20.97708333333264,
,57.66458333333261,33.402083333332456,
,57.03124999999929,35.206249999999066,
,51.47291666666605,41.22291666666567,
,25.402083333333156,62.297916666665316,
,67.53124999999913,57.18124999999872,-0.5517964959144592
,69.3437499999991,22.610416666665937,
,66.42708333333249,53.80624999999873,
,54.19791666666601,26.547916666665824,
,57.060416666665944,39.29374999999902,
,53.847916666666016,49.435416666665525,
,65.68124999999915,14.568749999999424,
,29.981249999999736,54.947916666665435,
,34.08124999999965,66.58541666666517,
,36.91458333333295,30.768749999999105,
,67.74374999999912,29.906249999999112,
,46.039583333332814,16.010416666666,
,36.08124999999961,52.3770833333321,
,53.94374999999932,-6.427083333333627,
,53.29791666666602,8.239583333332774,
,34.510416666666316,62.66458333333194,
,52.33124999999936,38.07708333333229,
,50.58958333333271,57.54374999999868,-0.605979323387146
,50.28124999999941,16.643749999999358,
,62.23958333333254,31.61041666666577,-0.6412429809570312
,54.427083333332675,53.0645833333321,
,79.45624999999893,11.147916666666104,
,63.19374999999922,44.03541666666558,
,37.927083333332924,43.50208333333228,
,30.34374999999971,50.4145833333321,
,65.02291666666585,52.60624999999873,
,45.581249999999464,43.62291666666556,
,46.60624999999947,32.543749999999136,
,43.352083333332864,18.385416666665947,
,63.83541666666584,12.518749999999415,
,63.41041666666588,57.506249999998694,
,62.03541666666585,35.98124999999908,
,49.00208333333274,9.50208333333282,-0.32793447375297546
,37.985416666666275,14.177083333332776,
,63.27291666666585,54.85624999999877,
,57.510416666665954,44.977083333332246,
,52.66041666666604,8.122916666666185,
,69.20208333333244,31.685416666665784,
,54.564583333332656,22.572916666665947,
,66.41874999999916,21.756249999999284,
,59.54791666666592,15.577083333332693,
,66.83541666666582,61.58541666666528,
,49.66041666666609,23.722916666665952,
,44.36041666666619,27.056249999999178,
,41.88124999999953,34.61041666666574,
,36.93124999999963,57.647916666665395,
,39.84791666666625,39.3145833333323,
,64.91458333333253,51.01874999999876,
,38.239583333332895,-5.1770833333336554,
,48.214583333332776,24.60624999999922,
,66.31874999999914,39.05208333333231,
,64.01874999999919,-20.722916666666688,
,55.67291666666599,33.86041666666571,
,49.318749999999426,22.95624999999927,
,65.23958333333252,46.43541666666555,
,41.197916666666195,28.764583333332496,
,51.39791666666605,12.485416666666081,
,46.26041666666613,28.660416666665782,
,54.44791666666601,-7.0437500000003,
,64.91458333333253,-21.152083333333394,
,65.55624999999918,-17.935416666666782,
,67.41874999999914,19.147916666665964,
,64.11041666666587,30.085416666665854,
,53.51041666666601,10.060416666666155,
,61.185416666665894,46.210416666665594,
,57.522916666665964,55.28541666666544,
,32.96041666666633,48.96041666666553,
,53.81041666666601,29.047916666665795,
,40.73958333333288,32.09374999999909,
,35.58541666666629,42.44374999999894,
,49.806249999999416,25.368749999999235,
,47.6479166666661,25.57708333333258,
,51.76874999999938,24.672916666665913,
,65.96458333333246,17.435416666665986,
,32.381249999999675,50.589583333332115,
,26.852083333333102,38.90208333333238,
,58.956249999999294,45.98124999999885,
,33.82708333333303,35.94791666666571,
,52.77291666666604,48.06458333333222,
,60.493749999999245,54.86041666666542,
,60.12708333333258,38.31041666666567,
,41.46041666666618,34.65208333333243,
,66.0104166666658,23.74374999999924,
,35.03124999999966,47.081249999998875,
,59.39374999999925,37.172916666665735,
,52.02708333333271,57.539583333332004,
,42.064583333332884,27.552083333332543,
,39.28124999999956,-3.2395833333336554,
,26.172916666666442,58.39791666666534,
,65.79374999999914,-21.76875000000004,
,55.8812499999993,52.26041666666543,
,52.497916666666036,18.385416666665947,
,68.76874999999913,27.389583333332524,
,22.47708333333321,58.75208333333198,
,60.73124999999923,28.32708333333252,
,40.09374999999957,38.40208333333234,
,72.20208333333241,53.28541666666541,
,43.95208333333286,18.07291666666597,
,38.8770833333329,33.37708333333242,
,64.8604166666659,30.51874999999916,
,41.84374999999957,48.23124999999887,
,27.531249999999776,60.435416666665354,
,68.08124999999913,32.25624999999911,
,52.51041666666605,27.222916666665864,
,53.052083333332696,7.381249999999455,
,42.09374999999953,46.872916666665525,
,49.9979166666661,32.5187499999991,
,44.8770833333328,0.0020833333329619568,
,58.59791666666595,47.63541666666555,
,51.16458333333272,3.8604166666662536,
,67.84374999999919,31.377083333332475,
,62.53958333333253,13.860416666666053,
,57.23958333333259,47.177083333332206,-0.5851143598556519
,33.06458333333301,63.847916666665256,
,47.90624999999947,40.281249999999005,
,74.59374999999903,58.75624999999865,
,50.83958333333273,6.772916666666162,
,65.95624999999914,62.01041666666529,
,53.15208333333267,27.60624999999919,
,39.25208333333292,-7.5437500000002435,
,77.52291666666567,22.731249999999218,
,69.41041666666577,30.939583333332507,
,28.206249999999766,56.177083333332035,
,57.33541666666595,25.39791666666585,
,51.185416666666065,41.152083333332314,
,47.864583333332796,-3.39791666666693,
,51.99791666666606,59.66458333333205,
,63.11458333333253,42.660416666665604,
,34.42708333333298,65.98124999999854,
,33.93124999999965,48.71041666666554,
,53.05624999999936,52.19791666666546,
,61.552083333332554,24.331249999999244,
,57.44791666666593,41.197916666665634,
,40.49374999999952,31.18124999999912,
,65.71041666666584,15.01041666666606,
,33.19791666666634,66.3020833333319,
,60.29374999999924,52.2229166666655,
,54.67291666666599,49.343749999998785,
,56.035416666665995,60.22291666666528,
,56.164583333332665,46.45208333333218,
,59.87708333333257,7.997916666666185,
,63.989583333332554,43.49374999999889,
,53.118749999999366,29.5479166666658,
,67.96458333333248,23.835416666665875,
,37.23124999999962,49.343749999998785,
,66.58958333333246,54.15208333333206,
,37.010416666666266,45.12708333333227,
,52.231249999999335,37.07291666666569,
,39.90624999999955,46.81041666666559,
,63.72291666666589,45.022916666665566,
,35.42708333333298,60.38124999999863,
,75.17291666666569,60.743749999998656,
,55.66041666666597,35.39791666666571,
,64.26041666666583,29.677083333332465,
,56.19374999999932,53.87291666666544,
,66.58124999999919,15.4687499999994,
,40.702083333332865,-4.689583333333615,
,67.48541666666578,60.3062499999987,
,57.039583333332615,52.21458333333209,
,58.331249999999265,26.76041666666583,
,64.45624999999916,51.3812499999988,
,56.41458333333264,56.43541666666536,
,56.87708333333265,-5.593750000000313,
,63.18541666666586,48.57291666666554,
,46.46041666666612,25.40208333333257,
,53.95624999999935,49.4104166666655,
,52.71041666666604,44.80208333333226,
,53.347916666666045,19.202083333332695,
,55.27291666666599,22.872916666665926,
,69.61874999999912,24.5395833333325,
,41.764583333332894,42.51874999999896,
,66.22291666666581,44.29374999999891,
,39.39374999999957,48.78541666666555,
,43.67708333333285,27.602083333332526,
,55.90624999999933,22.931249999999235,
,78.55624999999895,19.252083333332678,
,59.702083333332595,48.00624999999882,
,48.21874999999944,54.84374999999872,
,57.639583333332624,33.802083333332405,
,66.96458333333248,49.235416666665515,
,55.29791666666598,50.28958333333218,
,55.11041666666601,45.4937499999989,
,62.30624999999921,-6.531250000000255,
,27.977083333333077,65.77291666666528,
,53.24791666666602,59.18958333333205,
,49.78124999999938,43.556249999998926,
,37.81041666666628,39.03124999999903,
,64.17708333333249,55.32291666666535,
,59.73541666666593,51.63124999999882,
,38.19791666666626,57.00208333333208,
,63.99374999999918,35.210416666665736,
,27.39791666666642,65.75208333333187,
,56.80624999999929,47.97708333333222,
,58.96874999999926,24.289583333332587,
,38.52291666666626,22.189583333332617,
,64.34374999999918,31.427083333332465,
,53.38124999999935,37.97708333333233,
,51.98124999999938,-9.589583333333593,
,65.03541666666582,52.98541666666542,
,59.16874999999924,15.406249999999376,
,60.09791666666593,42.927083333332234,
,55.42708333333264,54.71874999999869,
,60.96458333333258,39.75208333333236,
,46.87291666666611,16.75208333333265,
,54.714583333332655,-6.222916666666947,
,32.61041666666637,47.44374999999882,
,62.997916666665894,17.102083333332725,
,68.85208333333244,26.58958333333251,
,54.82708333333264,55.35624999999871,
,50.28124999999941,31.377083333332475,
,35.36874999999963,50.564583333332166,
,45.547916666666154,14.277083333332738,
,53.764583333332695,57.2437499999987,
,34.8104166666663,46.84374999999883,
,58.66458333333261,34.914583333332416,
,33.13541666666633,65.10624999999857,
,33.48541666666635,45.54374999999887,
,56.227083333332665,43.19374999999888,
,51.89791666666604,37.73958333333229,
,62.13541666666587,58.42291666666537,
,50.231249999999385,11.356249999999449,
,51.152083333332754,9.98541666666611,
,28.07291666666644,52.010416666665485,
,46.289583333332786,25.064583333332564,
,63.04791666666586,34.63541666666569,
,55.081249999999315,27.227083333332498,
,58.94791666666592,16.635416666666032,
,32.06458333333302,54.293749999998795,
,63.97708333333252,-17.1979166666668,
,39.71874999999959,39.41458333333236,
,37.389583333332936,-6.6479166666669585,
,61.72708333333253,33.07708333333241,
,56.78541666666598,27.472916666665864,
,62.97708333333251,24.039583333332583,
,30.33541666666638,52.7354166666654,
,52.21874999999936,21.981249999999275,
,66.64791666666578,16.264583333332695,
,47.85208333333277,19.68958333333265,
,36.06041666666627,54.45208333333206,
,77.74374999999897,17.006249999999312,
,43.477083333332835,40.53541666666566,
,43.41874999999952,18.310416666666015,
,56.48541666666599,-2.8937500000003236,
,38.2437499999996,56.814583333332024,
,65.7187499999992,-15.643750000000122,
,40.44374999999958,29.47708333333253,
,41.039583333332885,40.710416666665644,
,78.55624999999895,14.352083333332754,
,49.8312499999994,8.543749999999449,
,56.58958333333266,56.789583333332075,
,50.13541666666607,28.1937499999992,
,54.85624999999933,-3.1437500000002956,
,52.802083333332696,42.83541666666559,
,42.64791666666619,-2.718750000000341,
,50.65624999999938,2.6312499999995675,
,38.79374999999961,41.9854166666656,
,40.985416666666254,-0.14375000000040927,
,50.6145833333327,38.33541666666565,
,53.08541666666602,-8.306250000000261,
,44.572916666666146,40.45624999999899,
,47.44374999999944,-2.2729166666670437,
,50.47708333333273,58.00208333333205,
,40.78958333333292,-2.256250000000364,
,42.97708333333285,-2.181250000000347,
,72.7395833333324,55.2895833333321,
,62.93541666666589,41.46041666666562,
,53.83124999999935,-8.960416666666928,
,53.40624999999933,13.222916666666038,
,77.98958333333232,14.622916666666072,
,55.393749999999336,54.74791666666539,
,69.2354166666658,63.41874999999863,
,68.46458333333246,37.685416666665645,
,57.3937499999993,35.35624999999905,
,68.92291666666577,24.977083333332587,
,37.29791666666627,32.01458333333249,
,41.04374999999954,41.1729166666656,
,45.485416666666154,20.410416666666006,
,55.281249999999304,24.156249999999257,
,33.74791666666634,68.38541666666518,
,53.052083333332696,24.914583333332526,
,57.0812499999993,-3.0937500000003126,
,37.36041666666629,-2.0562500000003467,
,21.3895833333332,58.239583333331986,
,51.31041666666607,18.664583333332672,
,60.78541666666589,46.51041666666558,
,42.06041666666617,-4.706250000000324,
,43.40208333333284,5.835416666666163,
,65.42708333333249,-19.181250000000087,
,59.94374999999923,34.49791666666572,
,61.943749999999206,38.12708333333236,
,67.15208333333248,25.76874999999919,
,41.01874999999954,25.331249999999216,
,44.43541666666616,23.985416666665937,
,54.28124999999933,-2.810416666667009,
,41.30208333333287,43.61874999999889,
,59.452083333332574,47.47291666666552,
,58.110416666665955,36.27708333333231,
,52.49374999999933,24.239583333332604,
,41.3770833333329,47.622916666665475,
,53.639583333332666,38.51874999999902,
,31.31041666666637,53.35624999999879,
,77.318749999999,15.314583333332703,
,54.76041666666598,35.931249999999096,
,53.293749999999356,24.789583333332526,
,64.51041666666586,59.33124999999871,
,36.28541666666631,54.88124999999871,
,33.60624999999967,46.35208333333222,
,51.16874999999938,0.9145833333329279,
,63.331249999999194,49.977083333332125,
,50.893749999999365,8.952083333332808,
,32.1437499999997,51.64374999999879,
,75.106249999999,56.764583333332034,
,48.10208333333279,8.056249999999464,
,35.3479166666663,60.51874999999871,
,37.481249999999584,43.072916666665634,
,63.910416666665874,-18.389583333333434,
,64.72291666666588,57.4729166666654,
,38.87291666666625,-6.96041666666693,
,58.035416666665924,40.33124999999898,
,51.05624999999937,47.98124999999887,
,30.26458333333308,56.51458333333204,
,41.99791666666623,27.83124999999916,
,43.45208333333284,-7.6854166666669235,
,48.00208333333279,37.256249999999,
,37.62291666666628,47.13541666666551,
,46.58124999999948,5.752083333332905,
,50.006249999999405,46.96041666666553,
,47.81874999999943,4.747916666666271,
,65.97291666666584,44.03124999999891,
,22.418749999999854,57.18541666666539,
,52.8395833333327,53.810416666665475,
,54.977083333332644,50.30208333333218,
,45.633333333332814,8.324999999999449,
,39.068749999999575,30.193749999999138,
,42.87708333333284,2.7312499999995627,
,68.03124999999915,25.21041666666588,
,36.54791666666628,-5.364583333333626,
,64.93958333333251,30.69374999999914,
,34.08124999999965,46.543749999998845,
,39.539583333332914,27.056249999999178,
,55.047916666666005,50.61041666666548,
,54.00624999999934,-6.931250000000289,
,56.077083333332624,59.772916666665346,
,47.70208333333278,24.177083333332543,
,37.36041666666629,43.18958333333222,
,40.32291666666623,33.285416666665746,
,62.87708333333255,44.63958333333223,
,52.193749999999376,-8.168750000000273,
,77.96874999999898,15.893749999999413,
,53.64791666666604,23.44791666666589,
,40.01458333333289,36.20624999999904,
,59.022916666665964,57.21874999999874,
,64.60208333333249,14.82291666666609,
,50.62291666666608,29.918749999999164,
,56.77291666666598,-3.331250000000352,
,63.702083333332524,58.67708333333205,
,54.38541666666601,-7.81875000000025,
,48.27291666666613,24.368749999999263,
,51.86874999999937,33.39374999999913,
,44.46041666666615,15.510416666666085,
,54.53541666666602,-6.381250000000307,
,46.90624999999945,25.410416666665895,
,52.41041666666605,5.743749999999494,
,66.21874999999915,51.235416666665515,
,64.68958333333251,56.6437499999987,
,43.44374999999951,21.23958333333263,
,48.63124999999942,-4.072916666666997,
,74.41874999999908,58.00208333333205,
,60.53541666666592,56.33958333333203,
,37.564583333332926,40.193749999999,
,52.097916666666016,49.718749999998806,
,61.647916666665864,7.552083333332803,
,50.58958333333271,36.610416666665685,
,48.5854166666661,33.02291666666576,
,64.32708333333248,-16.685416666666807,
,43.331249999999535,-2.6687500000003577,
,40.535416666666244,43.018749999998896,
,56.16041666666601,59.643749999998676,
,52.47291666666604,10.6437499999995,
,52.58958333333269,8.731249999999477,
,49.19791666666611,36.57291666666575,
,65.37291666666584,-17.69791666666677,
,36.33124999999963,37.23124999999905,
,66.46874999999915,18.45624999999933,
,55.67291666666599,41.06458333333231,
,52.477083333332715,-0.05208333333371229,
,33.50624999999968,44.13541666666563,
,64.08541666666585,12.847916666666121,
,37.881249999999596,37.389583333332325,
,61.99374999999923,24.564583333332536,
,50.56041666666608,23.15208333333257,
,50.556249999999416,2.5770833333329217,
,51.18958333333272,5.677083333332887,
,38.7562499999996,16.231249999999417,
,56.960416666665985,-4.210416666666958,
,57.3937499999993,24.96874999999926,
,48.36041666666612,-0.7187500000003695,
,36.46458333333294,52.564583333332166,
,64.59374999999918,50.58541666666546,
,44.28541666666617,38.95624999999902,
,33.28124999999966,68.83541666666528,
,36.81041666666628,40.197916666665655,
,39.677083333332924,27.602083333332526,
,63.785416666665846,18.806249999999295,
,38.88541666666626,45.00208333333227,
,74.7854166666657,58.897916666665374,
,34.12291666666632,36.16458333333239,
,34.052083333332995,66.44791666666521,
,35.381249999999646,62.03958333333199,
,52.622916666666036,57.99374999999873,
,65.21458333333248,14.706249999999384,
,65.49791666666586,13.731249999999392,
,65.31041666666584,51.27708333333208,
,58.914583333332565,53.035416666665405,
,55.87291666666597,36.631249999999056,
,62.03541666666585,9.9979166666661,
,43.41458333333282,11.214583333332795,
,56.01458333333261,21.339583333332595,
,48.2854166666661,8.860416666666168,
,58.04374999999927,32.522916666665736,
,49.90208333333272,25.89791666666585,
,33.33541666666631,67.28958333333188,
,69.01874999999913,23.489583333332572,
,45.06041666666614,9.439583333332761,
,34.114583333332966,66.19791666666517,
,50.31874999999942,40.95208333333226,
,45.114583333332796,42.3229166666656,
,59.172916666665955,35.74374999999904,
,43.727083333332835,0.0062499999996248334,
,68.79374999999911,66.65624999999855,
,37.722916666666286,12.960416666666047,
,53.88124999999933,15.547916666666083,
,62.93541666666589,54.81874999999877,
,66.5104166666658,47.7562499999988,
,55.614583333332654,22.6854166666659,
,46.37708333333279,19.997916666665983,
,50.97708333333272,47.05624999999883,
,52.68124999999938,6.085416666666163,
,58.731249999999264,33.172916666665714,
,48.80624999999946,18.481249999999363,
,61.193749999999255,54.37291666666538,
,37.14791666666628,42.368749999998926,
,40.685416666666256,23.402083333332566,
,53.46041666666603,26.16041666666584,
,51.51041666666605,17.618749999999377,
,31.72708333333305,45.881249999998886,
,56.72291666666595,35.643749999999066,
,28.3895833333331,53.23541666666543,
,54.03124999999931,-6.439583333333616,
,62.41041666666588,41.402083333332314,
,37.78124999999958,40.59374999999897,
,60.79374999999924,46.50208333333216,
,58.87708333333261,13.71458333333274,
,43.17708333333289,-1.860416666667021,
,39.64791666666622,-3.2604166666670262,
,41.45624999999952,-3.489583333333627,
,66.58958333333246,23.227083333332583,
,46.61874999999948,17.43958333333265,
,51.65208333333272,-2.4395833333336725,
,40.28124999999958,30.022916666665786,
,63.064583333332514,50.73124999999882,
,69.10624999999914,61.11458333333195,
,52.18541666666606,40.34374999999897,
,48.84374999999942,50.622916666665446,
,59.55624999999924,34.727083333332445,
,50.65208333333271,12.577083333332721,
,47.75624999999943,12.660416666666066,
,56.1312499999993,24.85624999999922,
,36.543749999999626,55.76041666666541,
,40.55208333333288,43.03124999999895,
,26.952083333333128,57.168749999998646,
,43.31041666666619,11.41874999999939,
,66.78124999999912,21.493749999999295,
,53.97291666666602,47.781249999998835,
,38.71458333333293,37.381249999999,
,36.71041666666627,41.88958333333227,
,51.272916666666056,16.102083333332672,
,43.26458333333288,42.01041666666563,
,54.839583333332655,30.56874999999914,
,53.64374999999938,7.502083333332818,
,41.18124999999957,19.577083333332638,
,64.35208333333252,-18.189583333333445,
,38.77708333333294,28.50624999999917,
,64.14374999999919,28.0395833333325,
,46.61874999999948,16.33958333333271,
,65.22291666666584,60.28958333333198,
,44.814583333332834,8.056249999999464,
,59.31874999999924,11.410416666666093,
,35.13541666666628,45.63541666666555,
,48.6479166666661,26.0687499999992,
,38.78541666666625,28.24374999999918,
,57.08541666666599,49.22291666666552,
,61.647916666665864,14.74791666666607,
,42.57708333333289,24.76041666666592,
,44.84791666666615,15.681249999999409,
,55.9437499999993,47.05624999999883,
,58.63124999999926,11.772916666666132,
,34.56041666666634,64.95624999999862,
,62.922916666665856,10.210416666666106,
,38.87291666666625,40.41458333333233,
,52.39791666666603,18.485416666666026,
,41.66874999999952,34.256249999999106,
,46.63958333333277,2.372916666666242,
,31.24791666666639,45.0479166666656,
,39.91458333333292,27.656249999999176,
,54.83541666666601,-2.464583333333706,
,44.13541666666617,4.077083333332922,
,30.318749999999724,58.01041666666535,
,47.61041666666613,5.727083333332871,
,32.352083333333034,45.285416666665554,
,66.65208333333246,18.12708333333262,
,37.93958333333294,34.647916666665765,
,37.67708333333291,56.24791666666538,
,57.07708333333263,14.793749999999392,
,67.87291666666579,63.93541666666526,
,36.835416666666276,42.88958333333224,
,52.343749999999375,23.347916666665927,
,61.089583333332584,40.84374999999898,
,54.431249999999345,-7.089583333333592,
,60.068749999999234,7.202083333332807,
,69.3437499999991,22.581249999999272,
,53.21874999999938,17.25624999999934,
,43.87291666666617,39.80208333333226,
,58.46458333333257,32.622916666665816,
,28.960416666666415,51.97708333333215,
,65.1645833333325,-17.306250000000116,
,64.36041666666584,31.47291666666581,
,40.618749999999544,49.131249999998886,
,54.143749999999315,-7.360416666666936,
,59.639583333332574,28.86458333333249,
,68.91874999999911,34.693749999999085,
,41.26041666666621,14.889583333332691,
,68.0729166666658,29.78124999999909,
,65.34374999999915,-14.035416666666805,
,52.07291666666604,25.552083333332543,
,45.83958333333281,2.610416666666282,
,54.018749999999315,32.76041666666577,
,64.46041666666582,57.84791666666531,
,53.285416666665995,37.910416666665725,
,55.06874999999935,47.48541666666559,
,37.7312499999996,39.068749999998936,
,43.26041666666617,-7.35208333333361,
,30.722916666666386,40.48958333333235,
,51.01458333333274,21.627083333332617,
,53.02291666666601,57.73541666666541,
,30.972916666666347,35.43124999999907,
,48.468749999999446,1.4812499999995623,
,34.03541666666632,66.40624999999852,
,43.24791666666619,-7.564583333333616,
,52.36458333333271,-7.177083333333626,
,44.07291666666616,39.33541666666568,
,37.34374999999961,41.20208333333229,
,48.77291666666611,32.85624999999911,
,70.28541666666577,26.2812499999992,
,59.99374999999927,47.68541666666553,
,47.339583333332776,45.26041666666561,
,38.83124999999958,35.53958333333235,
,79.4854166666656,17.043749999999335,
,36.38124999999961,29.868749999999178,
,63.93124999999918,13.264583333332723,
,21.33124999999986,39.36458333333238,
,53.38541666666601,23.943749999999255,
,59.05624999999926,44.22708333333222,
,49.28541666666606,-1.3562500000003295,
,65.30624999999918,43.0770833333323,
,40.58958333333289,42.06458333333228,
,51.027083333332754,-2.2812500000003695,
,52.78124999999935,-3.4854166666670205,
,78.71874999999898,11.964583333332769,
,22.13541666666649,50.50624999999886,
,35.30208333333296,55.22708333333204,
,65.56041666666579,33.78958333333244,
,46.877083333332806,17.093749999999318,
,68.8062499999991,30.75208333333245,
,49.61041666666609,38.247916666665645,
,40.67708333333288,-2.0437500000003292,
,41.01874999999954,41.05208333333232,
,51.77291666666604,38.67708333333229,
,45.99791666666615,19.118749999999267,
,58.02291666666595,46.59791666666558,
,30.764583333333047,41.46041666666562,
,49.44374999999942,23.272916666665903,
,61.88958333333256,54.69374999999874,
,32.156249999999716,55.943749999998715,
,60.95208333333255,55.61458333333203,
,68.6354166666658,35.68124999999906,
,20.939583333333207,42.731249999998965,
,61.71041666666591,52.96874999999877,
,50.62708333333271,7.547916666666224,
,61.50624999999922,59.21874999999865,
,52.289583333332686,35.406249999999034,
,51.70624999999938,52.75624999999879,
,21.131249999999874,57.49374999999869,
,57.10208333333262,-2.810416666667009,
,52.25208333333273,7.922916666666139,
,36.377083333332955,58.568749999998694,
,40.306249999999565,-3.602083333333666,
,49.1604166666661,5.731249999999533,
,56.68124999999931,26.772916666665903,
,61.022916666665914,54.43958333333208,
,41.84374999999957,-7.614583333333599,
,51.8145833333327,14.860416666666028,
,64.49791666666584,20.764583333332638,
,51.95208333333269,-2.872916666667009,
,54.66458333333268,33.63541666666575,
,40.95208333333289,37.18124999999906,
,50.32291666666608,-3.7854166666670044,
,39.60208333333291,22.231249999999278,
,46.95208333333278,36.51874999999902,
,44.20624999999949,40.27708333333234,
,67.6604166666658,53.02708333333208,
,25.856249999999804,43.63958333333226,
,48.69791666666608,27.69791666666583,
,19.397916666666553,41.16874999999894,
,52.01874999999935,22.947916666665943,
,57.214583333332605,28.135416666665833,
,58.85208333333262,32.818749999999085,
,29.981249999999736,54.94374999999877,
,66.74791666666582,56.30624999999879,
,50.88541666666607,12.427083333332773,
,66.73541666666583,63.497916666665304,
,57.58958333333263,54.65208333333209,
,29.32291666666641,56.40624999999874,
,37.58958333333296,27.889583333332553,
,55.772916666665964,22.43958333333262,
,40.46458333333289,37.77291666666565,
,66.5104166666658,62.45624999999859,
,38.08124999999957,48.0854166666655,
,59.32708333333257,43.12291666666562,
,47.04374999999944,5.627083333332876,
,64.56041666666584,53.84374999999874,
,33.502083333333,52.99791666666538,
,49.46458333333276,29.772916666665797,
,34.93958333333297,63.085416666665274,
,66.39374999999913,36.87708333333231,
,39.26041666666624,-1.5645833333336725,
,39.68124999999958,32.78124999999906,
,41.160416666666194,23.94791666666592,
,52.189583333332735,29.3270833333325,
,63.88124999999916,26.48124999999922,
,61.952083333332546,7.2354166666661675,
,55.58958333333266,40.9770833333323,
,53.681249999999345,56.972916666665384,
,53.42291666666602,57.06041666666539,
,55.652083333332655,21.18124999999932,
,67.72291666666577,18.031249999999318,
,58.02291666666595,12.8104166666661,
,58.08124999999928,12.835416666666132,
,50.81041666666604,24.335416666665907,
,57.77291666666593,52.518749999998754,
,52.97708333333272,-7.5437500000002435,
,65.75208333333251,51.5354166666655,
,49.17708333333273,4.210416666666248,
,52.118749999999395,-7.768750000000265,
,36.74791666666627,32.2062499999991,
,39.63958333333291,41.931249999998954,
,47.65624999999945,20.11458333333266,
,55.90624999999933,33.32708333333244,
,49.4687499999994,23.11041666666597,
,48.88541666666609,24.593749999999233,
,64.51874999999916,56.63541666666537,
,18.693749999999888,44.397916666665616,
,22.364583333333183,59.04374999999869,
,54.96041666666601,-6.239583333333626,
,44.53541666666614,44.814583333332216,
,35.10624999999964,51.927083333332064,
,40.243749999999565,30.789583333332466,
,66.3229166666658,21.756249999999284,
,44.6437499999995,44.022916666665594,
,60.62708333333258,48.71041666666554,
,48.56041666666611,1.6187499999996364,
,60.59791666666592,54.4854166666654,
,43.25624999999952,44.37291666666559,
,36.75208333333297,41.57291666666563,
,52.68541666666601,12.493749999999379,
,56.45624999999929,22.189583333332617,
,35.885416666666295,49.927083333332156,
,44.927083333332824,7.8312499999995,
,58.4187499999993,37.46458333333234,
,41.73124999999954,42.227083333332274,
,65.93958333333251,-22.67708333333337,
,54.87708333333264,44.072916666665606,
,43.15208333333284,-8.977083333333582,
,51.410416666666045,5.4354166666661845,
,35.51041666666631,51.33124999999882,
,34.93541666666632,54.627083333332045,
,35.96874999999962,45.077083333332205,
,40.60208333333291,16.572916666666003,
,66.56041666666582,13.910416666666121,
,64.76874999999919,-16.36875000000012,
,64.50208333333251,47.497916666665475,
,38.13541666666627,21.39374999999933,
,60.4479166666659,46.04374999999891,
,55.01458333333266,-6.614583333333599,
,67.06458333333245,49.80208333333214,
,50.19374999999942,49.935416666665475,
,71.98124999999905,52.66458333333213,
,56.62291666666598,41.44791666666563,
,67.5854166666658,36.13541666666569,
,40.93958333333287,-3.735416666666992,
,69.14791666666576,21.627083333332617,
,41.08541666666622,16.531249999999318,
,65.6520833333325,13.468749999999403,
,41.5604166666662,21.5812499999993,
,50.83958333333273,-2.9395833333336725,
,63.08124999999922,43.506249999998936,
,33.65208333333298,49.1604166666655,
,45.32291666666613,37.13958333333238,
,48.57708333333279,18.231249999999335,
,38.34791666666627,32.102083333332416,
,58.6520833333326,49.44374999999885,
,40.55208333333288,31.00624999999914,
,36.46041666666629,45.843749999998884,
,43.902083333332826,-0.039583333333695236,
,56.13958333333263,34.602083333332445,
,47.839583333332754,16.76041666666606,
,35.98124999999964,44.581249999998924,
,43.41874999999952,3.3270833333328933,
,39.16458333333288,42.993749999998954,
,54.86458333333265,-6.6062500000002435,
,47.8604166666661,36.827083333332325,
,57.63541666666596,26.63124999999917,
,17.92708333333326,44.14374999999896,
,28.58958333333308,66.30624999999856,
,41.66458333333288,48.17291666666548,
,52.05208333333274,41.77708333333225,
,60.33541666666592,12.268749999999413,
,57.060416666665944,14.902083333332682,
,42.36874999999954,20.42291666666597,
,52.306249999999366,10.222916666666151,
,62.86041666666586,23.28958333333253,
,49.968749999999396,1.9437499999995964,
,56.05208333333262,13.043749999999392,
,43.035416666666194,-8.035416666666947,
,59.19374999999925,23.94791666666592,
,50.21041666666603,49.927083333332156,
,35.168749999999655,59.41041666666539,
,37.81041666666628,61.410416666665306,
,62.914583333332544,41.82291666666566,
,56.06041666666599,34.97708333333236,
,55.09791666666601,57.06874999999869,
,36.71458333333297,29.7895833333325,
,38.947916666666266,40.93958333333231,
,47.56874999999946,5.42708333333286,
,51.16458333333272,25.318749999999255,
,66.78124999999912,28.114583333332515,
,50.347916666666066,23.68958333333259,
,67.18124999999918,40.372916666665645,
,40.23541666666625,20.872916666665926,
,62.514583333332546,58.60208333333204,
,56.747916666665986,28.535416666665867,
,35.843749999999616,49.052083333332206,
,43.20624999999952,40.96041666666568,
,47.11458333333277,29.827083333332524,
,58.152083333332605,31.3687499999991,
,40.631249999999554,9.531249999999515,
,43.24791666666619,-3.372916666666981,
,62.58541666666586,27.372916666665816,
,49.48541666666608,5.514583333332865,
,39.581249999999564,42.477083333332295,
,55.710416666666006,22.127083333332646,
,49.15624999999943,26.10624999999919,
,65.13541666666583,14.322916666666059,
,65.5104166666658,26.456249999999184,
,35.61041666666629,47.66874999999891,
,44.00208333333284,0.2270833333329563,
,47.27708333333277,5.822916666666174,
,72.83541666666571,55.16874999999873,
,62.1312499999992,39.639583333332354,
,56.831249999999315,33.95208333333247,
,44.61041666666617,26.264583333332553,
,49.0979166666661,13.802083333332746,
,50.54374999999939,37.01458333333238,
,63.635416666665854,44.618749999998954,
,62.57291666666583,39.73958333333231,
,52.627083333332685,1.1354166666662593,
,35.28541666666633,48.68958333333216,
,54.810416666665986,28.231249999999136,
,58.47708333333258,-4.018750000000296,
,25.856249999999804,60.96874999999866,
,52.66874999999937,52.26041666666543,
,36.97291666666629,42.25624999999897,
,26.58958333333313,58.32291666666541,
,48.28958333333276,24.989583333332543,
,49.302083333332746,40.33124999999898,
,38.64791666666627,43.92708333333229,
,60.4645833333326,54.64374999999876,
,46.027083333332804,25.206249999999212,
,68.2729166666658,35.53541666666569,
,48.252083333332756,-2.647916666667015,
,50.40624999999941,8.389583333332835,
,31.05624999999968,59.73124999999866,
,78.89791666666562,15.289583333332756,
,76.418749999999,67.38541666666518,
,63.53958333333254,41.61874999999898,
,49.76458333333276,57.33541666666543,
,68.1687499999991,55.035416666665405,
,56.82291666666596,42.581249999998924,
,62.1312499999992,28.58958333333251,
,64.69374999999916,11.968749999999403,
,61.65208333333255,46.70624999999887,
,37.06041666666629,27.906249999999172,
,48.33958333333279,28.09374999999915,
,35.206249999999656,33.664583333332445,
,51.25208333333271,56.46458333333203,
,52.63124999999935,10.206249999999441,
,29.13541666666639,59.677083333332,
,47.53958333333281,25.406249999999233,
,40.34374999999958,32.918749999999136,
,66.61874999999914,15.031249999999432,
,54.33958333333265,-6.252083333333616,
,68.51458333333244,28.081249999999184,
,37.08958333333293,41.5479166666656,
,60.21041666666593,14.877083333332733,
,46.331249999999464,39.40624999999894,
,43.92708333333282,41.16874999999894,
,67.32708333333247,17.252083333332678,
,59.36458333333256,58.802083333332064,
,46.00208333333282,48.560416666665496,
,32.49791666666633,45.02708333333222,
,33.91874999999968,48.7145833333322,
,59.76874999999924,45.19791666666555,
,34.03958333333297,67.43958333333185,
,41.093749999999524,32.22291666666575,
,68.15624999999909,16.031249999999403,
,51.97708333333273,9.272916666666191,
,59.927083333332554,31.652083333332456,
,55.82708333333265,39.65208333333231,
,36.86458333333296,37.60208333333233,
,41.00624999999957,23.589583333332623,
,36.835416666666276,32.39374999999907,
,36.768749999999606,22.51041666666597,
,56.19791666666597,25.672916666665888,
,53.44374999999935,54.65208333333209,
,44.36458333333285,3.7479166666662422,
,50.927083333332725,14.868749999999409,
,64.2895833333325,39.010416666665655,
,55.26041666666601,-4.802083333333656,
,54.18124999999934,31.1354166666658,
,67.22708333333247,19.802083333332686,
,64.80208333333252,-17.147916666666756,
,68.83958333333243,63.07291666666528,
,55.42291666666599,33.722916666665725,
,48.331249999999415,33.53541666666578,
,37.20624999999961,49.83958333333214,
,62.72291666666588,44.92291666666559,
,40.89374999999955,-3.0979166666669755,
,65.21041666666582,43.24791666666562,
,59.32708333333257,12.131249999999426,
,51.91874999999937,43.635416666665606,
,32.24791666666637,49.61041666666551,
,29.95624999999971,56.38124999999872,
,65.1645833333325,60.952083333331935,
,64.86458333333255,15.018749999999356,
,29.406249999999755,50.86041666666549,
,75.61041666666571,62.102083333331926,
,32.64791666666637,43.68958333333225,
,49.27708333333275,27.43541666666584,
,30.572916666666384,51.0729166666655,
,65.96041666666582,15.702083333332695,
,62.831249999999166,23.385416666665947,
,64.80208333333252,57.031249999998685,
,33.989583333332995,64.9895833333319,
,68.77291666666582,66.76458333333193,
,42.70624999999955,20.75208333333259,
,47.12708333333279,18.372916666665986,
,47.3770833333328,46.51041666666558,
,39.343749999999574,39.18541666666564,
,46.68124999999949,32.37291666666579,
,51.831249999999365,51.46041666666549,
,52.11041666666605,9.418749999999477,
,65.05208333333249,42.606249999998965,
,43.44791666666618,18.714583333332655,
,67.5229166666658,61.81041666666528,
,56.356249999999335,13.74374999999935,
,60.93958333333257,49.327083333332155,
,31.781249999999684,49.01458333333218,
,72.65624999999903,53.947916666665456,
,61.76041666666589,21.98541666666591,
,57.397916666665964,40.806249999998975,
,65.04374999999919,14.156249999999405,
,43.40208333333284,21.002083333332592,
,54.010416666666,17.91458333333261,
,50.20624999999943,10.83124999999947,
,65.81874999999914,33.50208333333242,
,36.24791666666629,47.98958333333217,
,50.87291666666609,28.277083333332538,
,63.88541666666581,-17.55625000000009,
,54.202083333332666,-0.5562500000004036,
,64.03541666666581,24.197916666665947,
,50.98541666666608,11.339583333332738,
,65.28541666666578,-20.835416666666728,
,53.39791666666603,-1.5104166666670265,
,67.71874999999912,28.75624999999919,
,61.981249999999214,40.05208333333229,
,50.618749999999416,-3.7479166666670096,
,45.29374999999948,34.24374999999903,
,44.58541666666617,15.689583333332735,
,45.8145833333328,25.602083333332526,
,61.33124999999923,41.08124999999901,
,41.10624999999954,34.40624999999906,
,31.135416666666366,54.67291666666546,
,64.16458333333252,56.87291666666542,
,68.55624999999912,29.51874999999913,
,69.14791666666576,27.518749999999184,
,39.63124999999956,38.47708333333236,
,63.97708333333252,12.027083333332797,
,59.34791666666593,17.377083333332674,
,65.23124999999915,20.88541666666592,
,53.02708333333271,27.597916666665867,
,51.1437499999994,8.289583333332843,
,28.268749999999763,56.61458333333209,
,24.86041666666646,39.18541666666564,
,55.381249999999326,52.52708333333206,
,48.11874999999942,23.693749999999252,
,57.77708333333258,57.41874999999869,
,35.25208333333295,60.63541666666533,
,54.43958333333265,59.32708333333205,
,72.30624999999904,53.527083333332115,
,53.439583333332706,12.660416666666066,
,25.685416666666477,38.860416666665685,
,47.27291666666613,30.67708333333243,
,60.36874999999923,24.118749999999267,
,46.835416666666134,27.260416666665858,
,65.5729166666658,25.193749999999223,
,22.102083333333187,50.73958333333215,
,52.27291666666601,34.4020833333324,
,55.102083333332644,37.05624999999906,
,67.44374999999911,61.293749999998596,
,29.202083333333047,53.07291666666543,
,55.90624999999933,57.96874999999869,
,56.397916666666,31.76874999999913,
,46.010416666666124,19.1437499999993,
,54.58124999999934,9.814583333332791,
,68.23541666666583,36.631249999999056,
,39.331249999999606,38.106249999998994,
,38.12708333333296,60.706249999998676,
,68.1687499999991,58.71458333333206,
,56.00208333333265,10.181249999999492,
,30.306249999999736,51.61874999999875,
,53.87708333333266,42.08958333333231,
,52.44374999999938,0.9187499999995908,
,50.4312499999994,4.393749999999557,
,66.99374999999915,62.48541666666529,
,50.54374999999939,-4.147916666666958,
,56.91041666666595,-2.914583333333667,
,36.518749999999635,59.50208333333201,
,60.681249999999245,41.46458333333228,
,55.252083333332656,38.16458333333239,
,39.54791666666626,28.560416666665816,
,31.102083333333056,62.435416666665304,
,45.41458333333283,18.693749999999365,
,67.71874999999912,35.37291666666576,
,55.439583333332656,-4.489583333333627,
,65.99791666666582,55.13541666666538,
,60.29374999999924,44.785416666665604,
,62.406249999999204,44.70208333333218,
,68.30208333333243,30.185416666665816,
,33.310416666666306,51.193749999998765,
,57.293749999999285,51.31041666666544,
,67.65208333333246,62.56874999999861,
,66.93958333333248,31.27291666666577,
,63.76874999999918,-19.18541666666675,
,68.88958333333247,36.26041666666569,
,45.04791666666612,43.72291666666561,
,65.61458333333249,-15.002083333333502,
,38.30208333333293,-6.710416666666958,
,33.10208333333301,45.568749999998914,
,41.077083333332894,28.547916666665852,
,66.48541666666577,53.51874999999879,
,36.65208333333296,50.40208333333214,
,21.28958333333319,43.347916666665576,
,62.914583333332544,56.222916666665434,
,75.09791666666567,59.393749999998654,
,40.431249999999565,20.8645833333326,
,47.1395833333328,6.2062499999995,
,43.902083333332826,18.339583333332623,
,35.822916666666295,46.63958333333224,
,60.42708333333259,22.652083333332627,
,39.927083333332895,37.35208333333238,
,64.91874999999919,14.185416666666073,
,40.04791666666624,29.610416666665856,
,66.06874999999914,-18.672916666666737,
,53.68958333333266,58.89374999999862,
,32.40624999999968,49.68124999999881,
,42.272916666666184,-3.7895833333336673,
,33.235416666666346,48.2104166666655,
,59.52291666666589,48.718749999998835,
,56.718749999999275,54.90208333333209,
,63.77708333333252,-18.185416666666782,
,66.20208333333247,25.8645833333326,
,62.93958333333254,45.581249999998896,
,67.74374999999912,34.2770833333324,
,50.310416666666065,-3.839583333333649,
,33.31458333333302,49.45624999999881,
,47.86874999999945,40.77291666666562,
,36.39374999999964,50.49374999999878,
,69.52708333333243,31.764583333332467,
,57.93541666666595,29.831249999999187,
,41.297916666666225,-3.7604166666669694,
,59.210416666665914,38.12708333333236,
,59.310416666665944,41.231249999998965,
,52.91458333333272,21.06874999999928,
,41.681249999999544,47.01041666666552,
,68.74791666666579,19.331249999999354,
,75.74374999999898,61.76458333333192,
,56.714583333332634,22.914583333332615,
,36.08124999999961,49.32291666666549,
,50.110416666666076,5.297916666666196,
,55.847916666665995,57.977083333331976,
,49.35624999999942,13.222916666666038,
,51.277083333332726,4.231249999999534,
,49.702083333332745,53.45208333333209,
,50.89791666666604,-4.285416666666947,
,60.668749999999235,38.33541666666565,
,68.00624999999911,56.26041666666535,
,67.73958333333246,16.947916666666003,
,60.49791666666591,28.97291666666584,
,33.03958333333298,46.568749999998886,
,62.73124999999919,53.77708333333211,
,66.91458333333247,54.60624999999876,
,36.964583333332975,-5.36875000000029,
,58.143749999999294,-3.8812500000002785,
,67.51458333333247,66.01458333333186,
,65.1395833333325,-15.32291666666683,
,59.01874999999925,57.45208333333205,
,66.38958333333251,53.402083333332115,
,56.25624999999932,37.49374999999904,
,47.81458333333277,10.539583333332784,
,49.193749999999405,3.1604166666662077,
,68.15624999999909,25.168749999999193,
,54.168749999999356,17.01041666666606,
,44.08124999999947,3.6437499999995286,
,27.177083333333094,58.58124999999864,
,51.77291666666604,22.477083333332615,
,55.60208333333264,58.72708333333205,
,40.07708333333289,39.56874999999897,
,50.18958333333276,34.34374999999912,
,57.4437499999993,35.581249999999095,
,18.622916666666562,43.39791666666556,
,51.402083333332726,40.322916666665655,
,26.068749999999802,63.48541666666522,
,66.11041666666586,54.90624999999874,
,49.17291666666607,5.693749999999511,
,44.46874999999948,-1.1770833333336839,
,67.63541666666583,15.710416666666019,
,34.46874999999962,45.87291666666558,
,50.031249999999396,27.42291666666588,
,66.34791666666581,39.79791666666559,
,60.88958333333256,12.981249999999447,
,40.797916666666225,40.91041666666561,
,63.9270833333325,40.47708333333227,
,65.28124999999918,-18.427083333333425,
,61.843749999999226,30.339583333332506,
,74.23124999999902,58.18541666666537,
,52.94374999999938,58.07291666666541,
,58.09374999999927,7.822916666666174,
,53.2645833333327,36.939583333332365,
,40.64791666666624,42.3520833333323,
,34.05624999999966,48.13124999999883,
,52.0562499999994,25.1312499999992,
,42.72708333333283,20.77291666666596,
,56.49791666666596,30.318749999999145,
,42.66458333333283,26.910416666665895,
,52.285416666666016,31.122916666665816,
,70.2062499999991,28.552083333332515,
,64.15624999999918,42.743749999998954,
,64.57708333333252,-19.98125000000007,
,60.802083333332604,51.47291666666546,
,48.34374999999944,25.8437499999992,
,32.04791666666633,35.04791666666574,
,43.18541666666619,24.30624999999921,
,61.4604166666659,40.931249999998975,
,34.61874999999968,56.40208333333208,
,19.41041666666657,41.072916666665634,
,67.24791666666579,31.38124999999914,
,56.827083333332624,55.16874999999873,
,56.397916666666,33.285416666665746,
,54.10624999999934,29.443749999999174,
,43.16874999999951,11.168749999999475,
,65.70624999999919,54.947916666665435,
,47.15208333333282,26.43124999999924,
,30.53124999999971,52.46458333333211,
,53.69374999999932,13.893749999999415,
,46.79374999999943,25.46041666666588,
,51.70208333333271,-0.33541666666707215,
,60.75624999999923,44.13124999999889,
,44.02291666666618,39.75624999999903,
,58.431249999999274,28.064583333332447,
,53.635416666666025,40.943749999998964,
,33.643749999999685,63.22291666666524,
,60.07708333333261,24.18124999999921,
,36.75208333333297,29.38958333333247,
,44.23541666666617,-1.1687500000003295,
,67.18124999999918,40.35624999999902,
,52.047916666666026,-4.489583333333627,
,68.18124999999912,58.9354166666654,
,51.34791666666608,24.922916666665937,
,31.810416666666377,49.76874999999887,
,70.19791666666575,30.172916666665827,
,44.014583333332816,20.92708333333266,
,47.14374999999946,6.589583333332854,
,46.53541666666614,28.44374999999914,
,36.922916666666296,40.902083333332286,
,28.981249999999736,56.710416666665395,
,55.04374999999935,31.706249999999095,
,49.44374999999942,0.7645833333329789,
,49.193749999999405,3.218749999999602,
,66.58958333333246,18.60624999999936,
,60.122916666665894,45.00624999999894,
,55.077083333332666,35.222916666665725,
,60.064583333332585,55.36874999999875,
,68.10624999999916,57.54791666666533,
,53.64374999999938,-6.422916666666936,
,64.91458333333253,14.189583333332733,
,39.3562499999996,30.58958333333242,
,59.206249999999265,49.977083333332125,
,76.48541666666567,66.71041666666521,
,54.127083333332685,28.002083333332507,
,41.62291666666621,22.71458333333257,
,47.4479166666661,5.385416666666202,
,50.960416666666084,21.293749999999278,
,55.48124999999933,21.627083333332617,
,53.65208333333268,-2.76041666666697,
,60.064583333332585,55.33124999999876,
,65.44374999999914,29.897916666665797,
,35.33124999999961,45.95208333333223,
,62.63124999999919,17.797916666666023,
,58.79791666666594,32.33124999999914,
,46.427083333332774,38.58541666666565,
,43.106249999999505,-2.9937500000003467,
,53.4145833333327,51.847916666665476,
,64.53124999999918,20.718749999999318,
,79.1020833333323,16.41874999999939,
,66.43124999999915,60.78124999999869,
,64.98124999999914,20.58124999999933,
,38.59374999999958,-4.802083333333656,
,40.510416666666245,20.93958333333262,
,53.439583333332706,54.64374999999876,
,44.04791666666617,20.981249999999303,
,52.92291666666604,58.08124999999871,
,27.78124999999974,60.86041666666527,
,64.7520833333325,43.427083333332256,
,32.05208333333303,51.12708333333214,
,53.481249999999335,-9.231250000000244,
,37.38124999999962,45.89374999999887,
,60.143749999999265,14.36874999999938,
,64.58124999999914,-19.935416666666693,
,51.9395833333327,7.581249999999498,
,57.84791666666596,35.6604166666657,
,54.127083333332685,31.068749999999167,
,58.87708333333261,43.13124999999894,
,31.647916666666365,45.93541666666554,
,53.727083333332686,10.6437499999995,
,43.822916666666195,0.6687499999995906,
,60.31458333333256,42.01041666666563,
,38.51041666666624,22.856249999999303,
,38.95208333333293,48.38124999999883,
,65.18124999999915,49.69791666666552,
,72.63541666666569,54.427083333332114,
,55.331249999999336,47.860416666665515,
,53.02291666666601,42.09374999999895,
,53.697916666666025,56.63541666666537,
,53.664583333332665,53.58958333333209,
,53.14374999999936,7.081249999999556,
,67.36458333333249,56.95208333333201,
,43.38124999999952,26.29374999999925,
,57.09791666666595,35.17291666666574,
,41.60624999999953,33.11874999999909,
,63.635416666665854,36.73541666666568,
,62.72291666666588,34.46458333333237,
,36.327083333332965,54.989583333332085,
,47.16041666666613,28.614583333332543,
,54.431249999999345,-7.077083333333575,
,52.543749999999356,34.82291666666574,
,19.689583333333236,42.49374999999892,
,40.2979166666662,47.26041666666551,
,39.30624999999955,-3.193750000000335,
,67.1020833333325,34.29791666666568,
,27.84791666666641,63.25208333333194,
,38.74374999999958,-8.906250000000256,
,64.41458333333253,57.33124999999868,
,48.91458333333275,16.193749999999312,
,55.381249999999326,36.29791666666571,
,48.947916666666096,35.73958333333238,
,68.7604166666658,20.4979166666659,
,36.97291666666629,44.614583333332284,
,66.33541666666582,55.8312499999987,
,66.32708333333252,15.222916666666062,
,18.86874999999989,42.618749999998926,
,61.177083333332526,49.33124999999882,
,40.88958333333288,31.193749999999085,
,65.09374999999918,-18.90208333333342,
,68.91041666666582,24.12708333333256,
,50.10208333333276,36.102083333332416,
,41.10624999999954,9.302083333332803,
,66.37291666666584,18.72291666666595,
,69.10208333333249,19.702083333332638,
,42.9437499999995,43.81041666666562,
,43.21041666666618,43.00208333333227,
,37.252083333332955,35.68958333333239,
,45.5437499999995,44.397916666665616,
,55.18541666666599,23.931249999999206,
,61.643749999999216,12.022916666666049,
,36.44791666666628,36.443749999999085,
,49.189583333332756,3.268749999999585,
,66.61041666666583,28.51874999999916,
,63.43541666666583,56.93124999999873,
,51.1562499999994,38.48124999999902,
,52.58124999999938,14.768749999999354,
,48.19791666666611,55.00624999999871,
,60.32708333333258,36.63541666666572,
,54.102083333332686,28.35208333333247,
,55.87291666666597,21.73124999999925,
,54.010416666666,26.956249999999216,
,52.6020833333327,54.3895833333321,
,40.822916666666224,47.61041666666551,
,57.0812499999993,30.26874999999916,
,58.83124999999929,49.560416666665525,
,57.906249999999254,45.9562499999989,
,64.18541666666587,10.535416666666123,
,31.527083333333017,51.09374999999878,
,68.04791666666583,57.63541666666535,
,44.843749999999496,23.831249999999244,
,47.72708333333277,15.272916666666049,
,54.36458333333268,-7.768750000000265,
,32.752083333333,64.21041666666524,
,62.90208333333252,12.714583333332797,
,53.764583333332695,38.76458333333238,
,42.314583333332855,41.6645833333323,
,57.87291666666596,55.35624999999871,
,52.51041666666605,37.98124999999899,
,53.12708333333268,34.95208333333241,
,55.48958333333265,46.04374999999891,
,55.65624999999932,32.56458333333242,
,64.68124999999915,42.606249999998965,
,61.54374999999923,39.98124999999899,
,62.02708333333254,7.577083333332838,
,32.74791666666633,36.014583333332354,
,46.95624999999949,1.989583333332916,
,40.227083333332885,29.468749999999122,
,49.46458333333276,29.447916666665837,
,33.20624999999965,66.3604166666652,
,62.15624999999919,5.168749999999534,
,63.331249999999194,44.94791666666555,
,47.11874999999946,29.822916666665865,
,50.67291666666605,15.456249999999356,
,42.581249999999535,44.46458333333225,
,67.50208333333245,26.0687499999992,
,48.84791666666609,22.81458333333265,
,42.331249999999535,43.54791666666563,
,35.047916666666296,44.11458333333227,
,41.2229166666662,27.593749999999115,
,58.856249999999235,25.452083333332553,
,67.53958333333247,63.56874999999857,
,44.22708333333285,46.32291666666553,
,63.83124999999918,40.0104166666656,
,42.189583333332884,46.33958333333225,
,65.91458333333253,43.94791666666558,
,57.62291666666597,56.27708333333208,
,37.764583333332915,48.28958333333218,
,55.06874999999935,26.456249999999184,
,40.95208333333289,22.922916666665913,
,55.71874999999933,-2.7354166666670205,
,57.15624999999931,31.397916666665765,
,64.63958333333252,43.74791666666556,
,63.752083333332536,32.48541666666574,
,37.714583333332925,57.10208333333205,
,48.49374999999944,-4.1145833333336554,
,55.852083333332644,28.935416666665837,
,62.97291666666585,57.902083333331966,
,69.6854166666658,25.91874999999916,
,36.172916666666275,44.689583333332216,
,50.3937499999994,-4.085416666666958,
,64.26874999999916,-16.81875000000008,
,32.097916666666364,55.956249999998704,
,32.852083333333,46.156249999998856,
,55.03541666666599,-7.768750000000265,
,44.45624999999951,8.981249999999505,
,64.64791666666582,50.81874999999883,
,64.73124999999916,27.064583333332504,
,41.039583333332885,-1.3604166666670494,
,67.09791666666578,33.23541666666577,
,65.45208333333247,57.39791666666539,
,32.352083333333034,63.752083333331974,
,43.464583333332854,0.08541666666630476,
,64.53124999999918,52.24791666666544,
,38.77708333333294,30.55624999999918,
,53.88958333333269,47.97291666666555,
,29.63958333333309,66.09791666666521,
,49.16874999999941,42.602083333332295,
,50.085416666666084,3.8604166666662536,
,32.41041666666633,49.852083333332125,
,65.30208333333252,26.87291666666587,
,59.718749999999254,55.02291666666545,
,45.88958333333283,25.818749999999167,
,19.422916666666545,43.497916666665645,
,50.389583333332745,40.993749999998954,
,51.08541666666603,6.41041666666618,
,42.06874999999955,-7.635416666666941,
,59.37291666666594,10.260416666666174,
,65.30624999999918,18.427083333332632,
,62.72291666666588,45.26874999999893,
,67.62291666666582,54.23958333333206,
,67.50208333333245,58.6812499999987,
,68.50624999999911,20.964583333332598,
,44.01041666666617,28.002083333332507,
,55.243749999999324,29.939583333332447,
,67.35208333333247,19.414583333332615,
,50.47291666666607,31.16874999999913,
,44.60208333333279,39.01874999999895,
,58.50208333333261,30.27291666666582,
,35.41458333333296,62.28124999999857,
,67.67291666666574,50.264583333332155,
,30.747916666666377,40.506249999998964,
,53.64374999999938,7.868749999999523,
,65.96458333333246,25.989583333332515,
,56.47708333333264,56.056249999998755,
,60.985416666665905,11.981249999999392,
,44.556249999999515,25.189583333332564,
,43.231249999999505,21.435416666665898,
,51.34791666666608,58.227083333332025,
,59.6479166666659,40.61874999999901,
,47.6479166666661,5.793749999999561,
,39.02291666666624,-1.793750000000358,
,50.247916666666036,31.418749999999164,
,42.40208333333285,-0.760416666667055,
,58.06458333333262,55.164583333332075,
,45.02291666666614,17.268749999999386,
,51.797916666666076,6.181249999999466,
,57.43541666666597,56.00208333333211,
,62.01041666666587,11.522916666666106,
,64.11874999999917,-17.706250000000097,
,14.381249999999984,48.35208333333216,
,58.17291666666595,13.102083333332786,
,43.23541666666617,6.177083333332887,
,38.635416666666245,31.189583333332422,
,62.36041666666589,58.53541666666533,
,36.289583333332956,29.73958333333252,
,53.50208333333269,12.477083333332757,
,40.802083333332895,-3.4937500000003183,
,49.14374999999942,36.98958333333235,
,59.0270833333326,40.53541666666566,
,57.36041666666595,27.597916666665867,
,63.11458333333253,9.314583333332848,
,63.46874999999919,17.93124999999935,
,32.939583333333005,49.91458333333219,
,54.43541666666599,35.0604166666657,
,68.17291666666576,37.243749999999004,
,57.322916666665975,-2.770833333333655,
,56.13958333333263,28.747916666665866,
,45.67291666666611,26.035416666665835,
,52.53124999999933,37.36458333333237,
,56.03124999999933,28.677083333332522,
,13.656249999999979,43.8604166666656,
,53.77708333333271,52.59374999999878,
,79.02708333333229,15.402083333332714,
,56.314583333332614,46.71458333333217,
,32.156249999999716,51.63541666666549,
,37.95208333333291,43.431249999998926,
,52.47291666666604,-8.618750000000261,
,21.877083333333168,39.01874999999895,
,41.82708333333289,33.368749999999096,
,56.243749999999295,56.652083333331994,
,58.939583333332614,54.89374999999879,
,60.843749999999226,36.95624999999898,
,30.381249999999714,63.99791666666525,
,50.231249999999385,6.172916666666168,
,38.9145833333329,56.093749999998685,
,41.23124999999955,15.543749999999335,
,52.047916666666026,0.7145833333329108,
,54.40624999999936,-6.235416666666964,
,52.293749999999356,-0.6770833333337122,
,61.09791666666591,39.86874999999898,
,62.63124999999919,23.239583333332547,
,58.26458333333261,43.385416666665606,
,30.36458333333304,51.777083333332115,
,37.91458333333295,22.143749999999272,
,57.60208333333261,14.21041666666602,
,64.56041666666584,-18.052083333333456,
,34.481249999999655,68.01041666666524,
,68.34374999999912,25.7895833333325,
,46.347916666666144,17.802083333332686,
,61.71874999999922,42.28124999999891,
,43.189583333332855,42.32708333333223,
,36.922916666666296,31.0479166666658,
,68.38124999999911,52.65624999999874,
,31.19791666666637,53.26041666666537,
,64.9729166666658,14.197916666666059,
,79.63124999999894,24.57708333333261,
,60.16874999999924,55.01874999999878,
