name,latitude,longitude,mndwi
ASHTA 2,42.01168611,19.55194167,-0.1192468
Banja / Banjë,40.96,20.068,-0.020671342
Bele 1/2,42.06903611,20.46006667,-0.26628995
Bishnica 1/2,39.9169,20.1374,-0.4636057
Bistrica 1,39.9116,20.1047,-0.49258676
Cernaleve 1/2,42.02941667,20.55555278,-0.45973125
Fangu,41.705833,19.770278,-0.259832
Fierza,42.2514,20.0431,-0.0219111
Ftere 1,40.11119167,19.87758889,-0.49302042
Holta,40.92728056,20.22091667,-0.47305313
Koman,42.1033,19.8224,-0.2864809930324554
Lanabregas,41.3428,19.8964,-0.4565133154392242
Langarica 1/2/3,40.3098,20.47698056,-0.4789560437202453
Lenie,40.76601389,20.39604444,-0.4987474679946899
Lura 1/3,41.81460833,20.21796944,-0.3990332782268524
Moglicë,40.6939862,20.439501,-0.2586954236030578
Oresheke,42.02874167,20.53076389,-0.4152339398860931
Peshqesh,41.705833,19.770278,-0.2598319947719574
Pobreg,42.085925,19.79325278,-0.5006325244903564
Prelle,41.69380833,20.0131694,-0.5010766386985779
Qarrishta 1,41.21956111,20.30383333,-0.4150407314300537
Rajan 1/2,40.26653611,20.52168611,-0.3601742684841156
Shkalle,41.579025,20.12165833,-0.4383528232574463
Shkopet,41.6796,19.8305,-0.5716448426246643
Sllabinje,40.96899722,20.51337222,-0.4526042342185974
Stravaj 2,41.0057,20.425,-0.4815531373023987
Topojan 1/2,41.98756111,20.52793889,-0.4345612227916717
Ulez,41.6796,19.8936,-0.0018201110651716
Vau i Dijes,42.0137,19.6359,-0.2987551987171173
Vlushe,40.506225,20.310079,-0.4425251483917236
Argel,40.3786,44.6069,-0.4057755470275879
Arzni,40.2968,44.5875,-0.4183059930801391
Harzdan,40.5078,44.7606,-0.3779605627059936
Qanaqer HPP,40.2226,44.5134,-0.403308093547821
Sevan,40.5522,44.9513,-0.4044718444347381
Shamb,39.4743,46.1306,-0.3825525045394897
Spandaryan,39.6494,45.85,-0.3130748569965362
Tatev,39.3956,46.2578,-0.4278972744941711
Yerevan-1 HPP,40.191,44.484,-0.4113043844699859
Yerevan-3 HPP,40.1642,44.5009,-0.382801353931427
Abwinden-Asten,48.248,14.4305,0.2471818774938583
Altenmarkt,47.71944444,14.67222222,-0.2156071215867996
Altenwörth Altenwoerth-KW - Altenwoerth Hydroelectric Power Plant Austria,48.374728,15.855343,0.252814769744873
Annabrücke Annabruecke Hydroelectric Power Plant Austria - Annabruecke Hydroelectric Power Plant Austria,46.561407,14.479829,-0.0632903575897216
Arnstein,47.0167,15.1667,-0.5225338339805603
Aschach,48.3853,14.023,0.2912100851535797
Bischofshofen,47.407,13.2205,-0.0218456964939832
Bodendorf mur,47.107688,14.065071,-0.2476651817560196
Bodendorf paal,47.107717,14.065156,-0.2518004775047302
Braunau-Simbach,48.244,13.006,0.77361661195755
Brennerwerk-M1,47.126999,11.453,-0.2027734518051147
Bärenwerk,47.2166667,12.8166667,-0.4490813612937927
Böckstein,47.79940564,13.04399014,-0.1793854385614395
Bösdornau Boesdornau-KW - Boesdornau Hydroelectric Power Plant Austria,47.15192,11.833298,-0.3460191786289215
Debant_1-M1,48.257999,16.389999,-0.3655003309249878
Dießbach,47.5166667,12.8333333,-0.468944102525711
Dionysen,47.41,15.214,-0.4610385596752167
Dorferbach-KW,47.02,12.362,-0.3418937623500824
Edling Edling-KW - Edling Hydroelectric Power Plant Austria,46.628959,14.701371,0.0767597109079361
Ering-Frauenstein,48.29207045,13.1589383,-0.3820555508136749
Feistritz-Ludmannsdorf,46.5347,14.1712,0.0078668883070349
Feldkirchen,46.8638,13.3355,-0.2249008119106292
Feldsee Kraftwerk Feldsee - Feldsee Pumped Storage Power Plant Austria,46.9985746,13.0418733,0.288886547088623
Ferlach Maria Rain,46.5462,14.2985,0.0057972534559667
Fisching,47.1743,14.723143,-0.3982204496860504
Friesach,47.186513,15.336014,-0.060415644198656
Funsingau,47.2354,12.0583,-0.3773627877235412
Gabersdorf,46.7772,15.5842,-0.41972616314888
Gaming,48.1766,16.4813,0.298417329788208
Gamp,47.6833333,13.1,-0.3165772259235382
"Garsten st, ulrich",48.018488,14.411714,-0.0614075064659118
Gemeinschaftskraftwerk inn,47.062954,10.662868,-0.4039893448352813
Gerlos,47.2342,11.8997,-0.3860918581485748
Gmuend-Speicher,47.932999,13.797,-0.3118603527545929
Gralla,46.828285,15.566222,-0.0089362552389502
Gratkorn,47.1333,15.35,-0.439836323261261
Graz puntigam,47.039749,15.442537,-0.068362757563591
Greifenstein,48.3553,16.2424,0.0873130187392234
Gries,47.287673,12.885052,-0.2449419647455215
Großraming,47.892954,14.512341,0.0350372418761253
Gunggl,47.09048,11.792702,-0.347705990076065
Gössendorf,46.997841,15.467519,-0.0892098620533943
Heinfels-M1,46.748001,12.434,-0.4220262765884399
Hieflau,47.6,14.7333,-0.4649578034877777
Hierzman-Speicher,47.016998,15.125,-0.5142714381217957
Hintermuhr,47.79940564,13.04399014,-0.1793854385614395
Häusling Haeusling-KW - Haeusling Pumped Storage Power Plant Austria,47.146432,11.967219,-0.4279471337795257
Imst,47.212246,10.721519,-0.3393116295337677
Jochenstein,48.5184,13.7076,0.2191808819770813
KW Amlach,46.8142,12.7618,-0.4338881373405456
KW Jenbach,47.3932,11.7886,-0.1618753671646118
KW Kaunertal,47.0678,10.6652,-0.2692202031612396
KW Kühtai,47.2078,11.0057,-0.1943175196647644
KW Silz,47.2696,10.9678,-0.2898708879947662
Kalsdorf,46.944097,15.50363,-0.1107685267925262
Kalserbach-M1,46.923,12.601,-0.4013822674751282
Kaprun Limberg II,47.1985,12.7223,-0.3746379017829895
Kaprun Oberstufe,47.1968,12.7192,0.0419166013598442
Kaprun main stage,47.2591,12.7389,-0.4763963520526886
Kellerberg,46.67,13.6886,-0.4094765186309814
Kirchbichl-M1,47.515999,12.088,0.0349898301064968
Klaus,47.8314,14.1572,-0.3634190261363983
Kopswerk I - Kops I Hydroelectric Power Plant Austria,46.976121,10.05145,-0.3682174384593963
Kopswerk II,46.975,10.043,-0.3187353909015655
Koralpe Koralpe Pumped Storage Power Plant Austria - Koralpe Pumped Storage Power Plant Austria,46.6407766,14.9488018,-0.3873861730098724
Kraftwerk Alberschwende,47.470464,9.862094,-0.3949768841266632
Kraftwerk Kamering,46.738998,13.594,-0.4861186444759369
Kraftwerk Oschenik,46.987999,13.106,-0.3061734139919281
Kraftwerk Schuett,46.570999,13.722,-0.1870170384645462
Kraftwerk Woella,46.875,13.138,-0.2949638962745666
Kraftwerk Wurten,46.987999,13.106,-0.3061734139919281
Kraftwerk Zirknitz,47.009998,13.01,-0.0673697516322135
Kraftwerk außerfragant Kraftwerk Ausserfragant,46.9380556,13.1097222,-0.4799027740955353
Kreuzbergmaut,47.4412,13.2108,-0.0614817887544631
Kreuzeck days storage,46.8727,13.3117,-0.3385298252105713
Krippau,47.703511,14.689298,-0.1808652877807617
Landl,47.651131,14.750286,-0.3116994798183441
Langkampfen-M1,47.560001,12.139,0.0064069703221321
Latschau Latschau Hydroelectric Power Plant Austria - Latschau Hydroelectric Power Plant Austria,47.0739,9.8749,-0.1360428035259246
Laufnitzdorf,47.3,15.3167,-0.4921910166740417
Lavamünd Lavamuend-KW - Lavamuend Hydroelectric Power Plant Austria,46.643429,14.937028,0.2384636402130127
Lebring,46.8522,15.5383,-0.4797916114330292
Leoben,47.3833,15.1,-0.4083139300346374
Losenstein,47.9243,14.4367,-0.5080118179321289
Lünerseewerk,47.074,9.874,-0.1900104731321334
Malta Secondary school,47.0659,13.3539,-0.4163946211338043
Malta main stage,47.0659,13.3539,-0.4163946211338043
Malta unterstufe Malta-Unterstufe-KW - Malta Unterstufe (Moellbruecke) Hydroelectric Power Plant Austria,46.8332,13.360071,-0.4440723061561584
Mandling,47.4,13.5667,-0.5477358102798462
Mayrhofen,47.1581,11.8501,-0.2644977867603302
Melk,48.2232,15.3042,0.0997001677751541
Mellach run power plant,46.910999,15.486,-0.0563712455332279
Mühlrading,48.131686,14.473996,-0.0131410155445337
Nassfeld,47.05,13.05,-0.4910551905632019
Neuötting,48.2497963,12.69110217,0.1824175715446472
Niklai,46.8167,13.3167,-0.4195539057254791
Nussdorf near Vienna,48.259257,16.369185,-0.0865555703639984
Oberaudorf Ebbs,47.6413,12.1989,0.2740119397640228
Obervermuntwerk,46.9271,10.0539,-0.3152534067630768
Obervermuntwerk II,46.936111,10.0625,-0.4894327223300934
Obervogau,46.745776,15.571428,-0.029202526435256
Oschenik innerfragant Innerfragant Pumped Storage Power Plant Austria - Innerfragant Pumped Storage Power Plant Austria,47.1374819,12.3273397,0.8285115361213684
Ottensheim-Wilhering,48.3166,14.1512,0.2184720635414123
Passau-Ingling,48.5536,13.4371,0.5857194066047668
Paternion,46.7209,13.6453,0.0012248260900378
Peggau,47.2,15.35,-0.3083437979221344
Pernegg,47.3598,15.3424,-0.3387092053890228
Pichlern,48.022415,14.322989,-0.2591050267219543
Pöls,47.217744,14.599075,-0.3751891255378723
Rabenstein,47.251148,15.31034,0.018873767927289
Reisseck Reisseck-Jahresspeicher-KW - Kolbnitz (Reisseck/Kreuzeck) Hydroelectric Power Plant Austria,46.89411184,13.34315198,-0.4410847127437591
Reißeck-Tagesspeicher-KW,46.87297136,13.31180113,-0.3718039095401764
Rellswerk,47.0531826,9.7529724,0.5974821448326111
Remsach,47.1333333,13.1333333,-0.3954627811908722
Rifawerk Rifa Pumped Storage Power Plant Austria - Rifa Pumped Storage Power Plant Austria,46.9782553,10.0383768,-0.422625869512558
Rodundwerk I,47.085,9.8813,0.1018075793981552
Rodundwerk II,47.0847,9.8744,0.0400269888341426
Rosegg-St. James,46.5696,14.0268,-0.2870630323886871
Rosenau,47.992886,14.376871,0.0187262948602437
Rott,47.79940564,13.04399014,-0.1793854385614395
Roßhag Rosshag-KW - Rosshag Pumped Storage Power Plant Austria,47.086876,11.774061,-0.4040063023567199
Salza,47.491345,13.956943,-0.4434739351272583
Schonau,47.775426,14.650605,-0.0881405994296073
Schwabeck,46.658,14.8726,0.2446955144405365
Schwarzach,47.3152,13.1389,-0.2646152973175049
Schwarzach-KW,46.929001,12.545,-0.535977840423584
Schärding neuhaus,48.4355526,13.44094485,0.1891070008277893
Sidan-KW,47.348999,11.885,-0.4586918950080871
Soelk-KW,47.433998,13.949,-0.4554756879806518
Spielfeld,46.716449,15.62127,-0.0829222351312637
St. Georgen,47.104453,14.087593,-0.4007008373737335
St. Johann,47.3386,13.1974,-0.0946780666708946
St. Martin,46.987392,15.091178,-0.5435779690742493
St. Pantaleon,48.224936,14.53116,-0.1504476368427276
St. Veit,47.3214,13.1744,-0.137396290898323
Staning,48.098607,14.468763,0.1557245552539825
Strubklamm,47.79940564,13.04399014,-0.1793854385614395
Ternberg,47.9333,14.35,-0.4854617118835449
Triebenbach,47.5,14.4667,-0.4510765969753265
Urreiting,47.3749,13.2101,-0.0151007901877164
Vermuntwerk,46.9684,10.0599,-0.2766051888465881
Vienna-Freudenau,48.1766,16.0,-0.4818148016929626
Villach,46.6329,13.8294,0.1278271973133087
Wald,47.9044444,13.0263889,-0.460890531539917
Walgauwerk,47.192,9.6815,-0.4678587019443512
Wallnerau Salzach stage,47.316,13.141,-0.2259418219327926
Wallnerau underwater stage,47.31554,13.140946,-0.1882509440183639
Wallsee-Mitterkirchen,48.1666,14.6953,0.09668430685997
Weinzödl,47.108388,15.392094,-0.1755671501159668
Werfen-Pfarrwerfen,47.4698,13.1945,0.0204054117202758
Weyer,47.84903023,14.63882788,-0.1813497245311737
Wiestal,47.79940564,13.04399014,-0.1793854385614395
Ybbs-Persenbeug,48.1892,15.0682,0.2315776050090789
Zederhaus,47.15,13.5,-0.3829500377178192
Mingechevir,40.79,47.0287,-0.1937668025493621
Shamkir,40.9487,46.168,-0.3604700565338135
Varvara,40.6837,47.0926,-0.0148365413770079
Yenikend,40.9193,46.2829,-0.0658920183777809
Beverce robertville Beverce (Robertville) Hydroelectric Power Project Belgium - Beverce (Robertville) Hydroelectric Power Project Belgium,50.4387,6.0386,-0.3143883347511291
COO,50.3849,5.8618,-0.4119780361652374
HEID-DE-GOREUX 1,50.426,5.7328,-0.3788661062717438
HU AMPSIN-NEUVILLE,50.5335,5.2962,0.1074980497360229
HU ANDENNE,50.4928,5.07,0.0028168212156742
HU GRAND-MALADES,50.4665,4.8992,-0.0395224131643772
HU IVOZ-RAMET,50.5922,5.4613,0.0472193211317062
HU LIXHE,50.7517,5.6863,0.0675144791603088
HU MONSIN,50.6517,5.6308,0.0900644436478614
PLATE TAILLE T,50.1884,4.3861,-0.1575101315975189
Bocac Hydroelectric Power Plant Bosnia and Herzegovina,44.5075,17.1618,-0.1416450589895248
Capljina Pumped Storage Power Plant Bosnia and Herzegovina,43.0133,17.8041,-0.4049427807331085
Grabovica Hydroelectric Power Plant Bosnia and Herzegovina,43.5872,17.7189,-0.2773939669132232
Jablanica Hydroelectric Power Plant Bosnia and Herzegovina,43.6924,17.7325,-0.0879529938101768
Jajce I Hidroelektrana Bosnia and Herzegovina,44.3774,17.2816,-0.4881928563117981
Jajce II Hidroelektrana Bosnia and Herzegovin,44.4279,17.2404,-0.4864412248134613
Krupa Hydroelectric Power Plant Bosnia and Herzegovina,44.5624,17.135,-0.4016112089157104
Mostar Hydroelectric Power Plant Bosnia and Herzegovina,43.3776,17.8449,-0.2515257894992828
Mostarsko Blato Hydroelectric Power Plant Bosnia and Herzegovina,43.2989,17.794,-0.5139942169189453
Pec Mlini Hydroelectric Power Plant Bosnia and Herzegovina,43.3375,17.3261,-0.5052980184555054
Rama Hydroelectric Power Plant Bosnia and Herzegovina,43.747,17.6758,-0.5091874003410339
Salakovac Hydroelectric Power Plant Bosnia and Herzegovina,43.4478,17.8369,-0.3464395403861999
Trebinje I Hydroelectric Power Plant Bosnia and Herzegovina,42.7338,18.4971,-0.348315417766571
Trebinje II Hydroelectric Power Plant Bosnia and Herzegovina,42.7066,18.3805,-0.3839156329631805
Visegrad Hydroelectric Power Plant Bosnia and Herzegovina,43.7603,19.2891,0.0078567843884229
Aleko Aleko Hydroelectric Power Plant Bulgaria - Aleko Hydroelectric Power Plant Bulgaria,42.1194,24.289,-0.4814174771308899
Alexander Stambolyski Hydro Power Site,43.1213,25.171,0.3317303359508514
Barzia HPP,43.19,23.167,-0.5436994433403015
Batak Batak Hydroelectric Power Plant Bulgaria - Batak Hydroelectric Power Plant Bulgaria,41.91922,24.19305,-0.4709920883178711
Beli Iskar + Mala Tsarkva + Simeonovo HPP,42.1373,23.5691,-0.1238984614610672
Devin Devin Hydroelectric Power Plant Bulgaria - Devin Hydroelectric Power Plant Bulgaria,41.72052,24.42502,-0.40977343916893
HPP Tsankov kamak,41.83225,24.42183,-0.4037815928459167
IVAILOVGRAD,41.5839,26.1075,-0.2183341532945633
KARDZHALI,41.6334,25.3381,-0.4419435560703277
Kalin + Kamenitsa + Pastra + Rila HPP,42.07,23.13,-0.5794581174850464
Klisoura HPP,43.16859,23.15498,-0.4537314474582672
Kokalyane HPP,42.58398,23.42819,-0.4855171740055084
Koprinka HPP (Kaplan),42.6125,25.3198,-0.3209792375564575
Krichim + Vacha I + Vacha II Hydro Power Plant,42.02719,24.47085,-0.4657010734081268
Lilyanovo,41.62674,23.33449,-0.5268857479095459
MOMINA KLISU,42.232,23.9494,-0.4378935694694519
Orphey Orfeus bulgeria HPP_ORFEUS_PUMP - Orfeus Pumped Storage Hydroelectric Power Plant Bulgeria,41.94027778,24.44666667,-0.3502920866012573
PESHTERA,42.0132,24.2574,-0.4713701605796814
PSBELMEKEN,42.1996,23.8586,-0.3729711771011352
PSCHAIRA GEN,42.1603,23.8612,-0.4715525507926941
Pasarel Hydro Power Station,42.5441,23.4861,-0.4806260764598846
Petrohan HPP,43.12,23.12,-0.5034069418907166
Pirin HPP,41.5745,23.5626,-0.5625163316726685
Popina Laka,41.65627,23.3754,-0.515267550945282
SESTRIMO,42.2083,23.9158,-0.4701802134513855
Sandanski I,41.58536,23.2905,-0.4747001528739929
Spanchevo HPP,41.56265,23.56559,-0.502602756023407
Stara Zagora HPP,42.4452,25.6364,-0.1336824148893356
Studen kladenets Studen Kladenets Hydroelectric Power Plant Bulgaria - Studen Kladenets Hydroelectric Power Plant Bulgaria,41.61227,25.64052,-0.4456931054592132
Teshel Teshel Hydroelectric Power Plant Bulgaria - Teshel Hydroelectric Power Plant Bulgaria,41.6428,24.153,-0.2395144999027252
Cakovec Hydroelectric Power Plant Croatia Croatia,46.3113,16.4945,-0.304736316204071
Djale Hydroelectric Power Plant Croatia,43.5745,16.7115,-0.3799022138118744
Dubrava Hydroelectric Power Plant Croatia Croatia,46.3205,16.7489,-0.3440086543560028
Dubrovnik Hydroelectric Power Plant Bosnia and Herzegovina,42.6037,18.2357,-0.4106327593326568
Fužine,45.3049852,14.7148369,-0.383312463760376
Gojak Hydroelectric Power Plant Croatia Croatia,45.2989,15.2633,-0.4666627049446106
Golubic Hydroelectric Power Plant Croatia Croatia,44.09,16.2204,-0.4630791544914245
HE Rijeka,45.33499908,14.45199966,-0.4131494164466858
Hidroelektrana Velebit / Velebit pump,44.2007328,15.6811168,-0.3824717104434967
Jaruga Hydroelectric Power Plant Croatia Croatia,43.805,15.9626,-0.3333539068698883
Kraljevac Hydroelectric Power Plant Croatia,43.4307,16.8849,-0.3913712501525879
Lesce Hydroelectric Power Plant Croatia Croatia,45.3485,15.3452,-0.2534077167510986
Maljacka Hydroelectric Power Plant Croatia Croatia,44.0019,16.0192,-0.5017706751823425
Orlovac Hydroelectric Power Plant Croatia,43.6737,16.784,-0.4345495104789734
Ozalj Hydroelectric Power Plant Croatia Croatia,45.6143,15.4778,-0.3665107488632202
Peruca Hydroelectric Power Plant Croatia,43.7951,16.5968,-0.4686274826526642
Senj - Senj Hydroelectric Power System Croatia Croatia,45.009998,14.893,-0.4362208843231201
Senj Hydroelectric Power System Croatia Croatia,44.9429,14.9276,-0.4768130481243133
Sklope Hydroelectric Power Plant Croatia Croatia,44.6895,15.2706,-0.3827667534351349
Varazdin Hydroelectric Power Plant Croatia Croatia,46.3479,16.2684,-0.292041003704071
Vinodol Hydroelectric Power System Croatia Croatia,45.2286,14.6736,-0.5524868369102478
Zakucac Hydroelectric Power Plant Croatia,43.4581,16.7027,-0.4443711042404175
?t?chovice I,49.8465,14.4219,-0.1696350872516632
?t?chovice II,49.8465,14.4219,-0.1696350872516632
Dale?ice,49.1245,16.1242,-0.2812286615371704
Dlouhé Strán? I,50.0854,17.1794,-0.4475425779819488
Hnevkovice,49.180417,14.447083,0.2024188786745071
Kamyk republic Kamyk Hydroelectric Power Plant Czech Republic - Kamyk Hydroelectric Power Plant Czech Republic,49.633,14.2468,-0.1831284761428833
Lipno I,48.6333,14.2375,-0.3129174411296844
Nechranice,50.36625,13.412917,0.5226282477378845
Orlík,49.6066,14.1816,-0.1290986537933349
Slapy,49.82354,14.434501,-0.2735312879085541
Slezska Harta,49.89125,17.579583,0.2115678191184997
Strekov republic Strekov Hydroelectric Power Plant Czech Republic - Strekov Hydroelectric Power Plant Czech Republic,50.6386,14.0478,0.0536446534097194
Vir I,49.56625,16.30875,0.1894408911466598
Vrane republic Vrane Hydroelectric Power Plant Czech Republic - Vrane Hydroelectric Power Plant Czech Republic,49.9381,14.3749,-0.0520507581532001
Vranov,48.907917,15.817083,0.1937883794307708
Ahvenkoski,60.5,26.5,-0.4780631959438324
Aittokoski,64.8364584,28.85048,-0.30164635181427
Alakoski,62.55,29.25,-0.4780506789684295
Anjalankoski,60.69833333,26.81611111,-0.2313208729028701
Atro,63.3725,27.98833333,-0.3601442277431488
Finlayson ve,61.5025,23.75944444,-0.1793918907642364
Haapakoski,65.3333,25.2833,-0.5248533487319946
Hamari,64.07555556,24.57944444,-0.3488773703575134
Hietamankoski,62.59944444,25.575,-0.3805767297744751
Hilmonkoski,63.06333333,25.33722222,-0.3999214768409729
Hirvikoski,62.80944444,23.03583333,-0.4771163165569305
Imatra Imatra - Imatra Hydroelectric Power Plant Finland,61.166797,28.774695,-0.2858395874500274
Inkeroinen ve,60.71027778,26.81361111,-0.3220822215080261
Isohaara,65.797083,24.549583,-0.3581529855728149
Juankoski,63.0675,28.33861111,-0.3672485947608948
Jumisko,66.3333,28.15,0.4803682565689087
Juotas,63.5,22.5333,-0.4797702133655548
Jylhama,64.57875,26.76625,-0.3626195192337036
KAVO Koivukoski III,64.22333333,27.78444444,-0.4115954935550689
Hinkua,63.70194444,25.35222222,0.3633727431297302
Kaaranneskoski,66.647,24.4266,-0.4594621956348419
Kaihua,66.35,26.85,-0.4382754862308502
Kaitfors,63.694,23.4009,-0.4154897332191467
Kaltimo,62.807917,30.179583,0.2312768548727035
Karjalankoski,63.04472222,28.30416667,-0.4104721248149872
Katerman vesivoimalaitos,64.09611111,28.97388889,-0.4287817776203155
Kattilakoski,63.47,23.30638889,-0.4113068878650665
Keltti hydropower plant,60.87361111,26.61444444,-0.0830150991678237
Kelukoski,67.45555556,26.59833333,-0.2070750743150711
Kierikki,65.35944444,25.91,-0.4879473745822906
Killinkoski,62.4,23.8667,-0.3368163108825683
Kiltua,63.828,27.8391,-0.4597801864147186
Kokkosniva,67.22305556,27.32111111,-0.1177148446440696
Kolsi,61.27333333,22.355,-0.1399572193622589
Korkeakoski,60.53138889,26.9075,-0.2816332876682281
Kuhankoski,62.37583333,25.9475,-0.232572540640831
Kuokkastenkoski,63.54111111,28.95361111,-0.5146435499191284
Kurittukoski,67.85861111,26.71472222,-0.0238395258784294
Kurkiaska,67.285,26.72861111,-0.3851953446865082
Kuurna,62.70527778,29.8725,-0.3691346049308777
Kuusankoski hydropower plant,60.9075,26.64944444,-0.3131085336208343
LSV Harjavallan vesivoimalaitos,61.33777778,22.11555556,0.218093067407608
Leppikoski,64.45555556,27.88722222,-0.2760125994682312
Leuhunkoski,62.66777778,25.26916667,-0.320688784122467
Lieksankoski,63.3362,30.03768,-0.4444231390953064
Maalismaa,65.31083333,25.69361111,-0.3481898307800293
Mankala,60.92694444,26.26805556,-0.210371196269989
Matarakoski,67.5847,26.7453,-0.1605020463466644
Melo,61.462083,23.437917,-0.2987739741802215
Merikoski,65.02166667,25.4825,-0.3003579378128052
Montta,64.82055556,26.01388889,-0.2961675524711609
Myllykosken vesivoimalaitos VVA2,60.76694444,26.77111111,-0.1288963109254837
Nuojua,64.57722222,26.71361111,-0.2552461326122284
Oksava,63.75,25.3333,-0.3689168989658355
Ossauskoski,66.155998,25.125,-0.2250563502311706
Pahkakoski,65.35833333,26.03833333,-0.2941513657569885
Palokki,62.56194444,28.625,-0.3636721074581146
Pamilo Heinajoki,62.807917,30.529583,-0.371474027633667
Pankakoski,63.32638889,30.13805556,-0.3352783322334289
Peltokoski,62.42,30.43916667,-0.4214032292366028
Permantokoski,66.4925,26.12722222,-0.2142553180456161
Petajaskoski / Petäjäskoski,66.27222222,25.3375,-0.2937338352203369
Pirttikoski,66.33972222,27.15361111,-0.3368399143218994
Portimokoski,66.37861111,23.78416667,-0.3845803737640381
Porttipahta,68.10875,26.722083,-0.5158854126930237
Puntarikoski,62.825417,29.475417,-0.4551810622215271
Pyhäkoski,64.84611111,26.04027778,-0.2352876514196396
Pälli,64.84333333,26.19388889,-0.3347522318363189
Raasakka,65.33444444,25.41166667,-0.2700293362140655
Ruskeakoski,62.42694444,30.4425,-0.3251786231994629
Seitakorva,66.40583333,27.33027778,0.0047595216892659
Seitenoikea,64.59222222,28.41611111,-0.2627902925014496
Tainionkoski Tainionkoski Hydroelectric Power Plant Finland - Tainionkoski Hydroelectric Power Plant Finland,61.210576,28.782635,-0.3620380759239197
Taivalkoski,65.931,24.714001,-0.0867624729871749
Tammerkoski,61.4991,23.7871,-0.23577781021595
Tampella ve,61.5037,23.7659,-0.2454710751771927
Tyrvään vesivoimalaitos,61.32861111,22.84694444,-0.2321459203958511
Uljua,64.3333,25.85,-0.477034717798233
Utanen,64.73638889,26.47777778,-0.2895570397377014
Vaaja,62.24472222,25.88722222,-0.4186937510967254
Vajukoski,67.69611111,26.80444444,-0.2345557659864425
Valajaskoski,66.424004,25.540001,-0.1614439189434051
Vanttauskoski,66.36875,26.689583,0.0050825248472392
Verla 1 ja 2,61.06277778,26.63972222,-0.4074267148971557
Voikkaa hydropower plant,60.93833333,26.5975,-0.2374117374420166
Vuolenkoski ve,61.07972222,26.1825,-0.3492906391620636
 Centrale Hydroéléctrique d'Arrens,42.9474,-0.2179,-0.4808110296726227
Aigle AIGLE 6 - L'Aigle Hydroelectric Generating Station France,45.24373,2.22483,-0.2834269106388092
Albaret-le-Comtal,44.8674,3.1442,-0.5251504778862
Allement Allement Hydroelectric Power Station France - Allement Hydroelectric Power Station France,46.112,5.422,-0.0151976533234119
Alrance Alrance Hydroelectric Power Station France - Alrance Hydroelectric Power Station France,44.1035517,2.6946591,0.3584229946136474
Aragnouet,42.7845,0.1782,-0.4845868647098541
Arbéost,42.9795,-0.2738,-0.538459300994873
Arcambal,44.4548,1.5482,-0.4787199199199676
Argancy,49.1906164,6.1910177,0.1805338859558105
Argentat Hydroelectric Generating Station - Argentat Hydroelectric Generating Station,45.104,1.954,-0.251809298992157
Argentiere bessee Argentiere-La Bessee Hydroelectric Power Station France - Argentiere-La Bessee Hydroelectric Power Station France,44.79472222,6.55972222,-0.1316666007041931
Argentine,45.4894,6.3328,-0.5329238176345825
Arlos,42.8865,0.7118,-0.3308389782905578
Arreau,42.9143,0.3356,-0.5315544605255127
Artemare,45.8699,5.6901,-0.4333033263683319
Artouste Hydroelectric Power Station France - Artouste Hydroelectric Power Station France,42.887,-0.411,-0.4900998473167419
Arvan,45.25416667,6.32333333,-0.361376404762268
Arvillard,45.4095,6.1709,-0.3209876418113708
Aston ASTON - Aston Hydroelectric Power Station France,42.77668,1.67671,-0.4214099645614624
Auribeau-sur-Siagne,43.6121,6.9118,-0.5692580938339233
Auterive,43.3594,1.4775,-0.4918317496776581
Auzat,42.76298,1.47771,-0.3709929585456848
Auzerette Auzerette Hydroelectric Power Station France - Auzerette Hydroelectric Power Station France,45.365,2.646,-0.4113756716251373
Avignon AVIGNON VILLENEUVE - Avignon  Hydroelectric Power Station France,43.97606,4.81721,0.129045233130455
Avrieux,45.1776,6.7466,-0.337234616279602
Badecon-le-Pin/Roche-bat-l'Aigue,46.52972222,1.58138889,-0.3375367820262909
Bagnères-de-Bigorre,42.9745,0.1329,-0.4327027201652527
Baigts-de-Béarn,43.5094649,-0.8416505,-0.2206557691097259
Baix logis neuf BAIX LOGIS NEUF - Logis Neuf Hydroelectric Power Station France,44.67605,4.78827,0.1881117671728134
Banca,43.1001,-1.3716,-0.505612313747406
Bancairon Bancairon Hydroelectric Power Station France - Bancairon Hydroelectric Power Station France,44.00166667,7.13694444,-0.3551003932952881
Bar,45.34416667,1.82388889,-0.5395915508270264
Beaucens,42.9519,0.0232,-0.3298149704933166
Beauchastel BEAUCHASTEL - Beauchastel Hydroelectric Power Station France,44.82397,4.81049,0.1068474873900413
Beaumont Beaumont Hydroelectric Power Station France - Beaumont Hydroelectric Power Station France,43.735,5.753,-0.3368250727653503
Beauvoir Beauvoir Hydroelectric Power Station France - Beauvoir Hydroelectric Power Station France,45.121,5.319,-0.0131368162110447
Benagues,43.0775,1.6098,-0.4890747964382171
Bessières,43.797,1.5859,-0.5023369193077087
Bessède-de-Sault,42.7854,2.1372,-0.5284859538078308
Beyrède-Jumet,42.9554,0.338,-0.5879389643669128
Bissorte Hydroelectric 1/2/3,45.202,6.585,-0.3219675123691559
Bonnac,43.1723,1.5878,-0.5904557704925537
Bonnevaux,46.2948,6.6664,-0.4762413203716278
Bort BORT 1 - Bort Les Orgues Hydroelectric Power Station France,45.41269,2.49862,-0.4872845113277435
Bourg les valence BOURG les VALENCE - Bourg Les Valence Hydroelectric Power Station France,44.96128,4.87221,0.1398001015186309
Bourg-de-Sirod,46.72527778,5.95805556,-0.4560997188091278
Bourg-et-Comin,49.4027,3.6594,-0.4501946270465851
Bouvante,44.93555556,5.257222222,-0.490202933549881
Bozel,45.4418754,6.6377553,-0.4000061452388763
Brassac,43.612,2.5118,-0.6045741438865662
Bregnier cordon Bregnier-Cordon Hydroelectric Power Station France - Bregnier-Cordon Hydroelectric Power Station France,45.654,5.605,-0.2726295292377472
Brens-Virigin Hydroelectric Power Station France - Brens-Virigin Hydroelectric Power Station France,45.725,5.698,-0.3597306311130523
Briançon/Pont Blady,44.8996,6.649,-0.4596183001995086
Brillanne & Brillanne I & II Hydroelectric Power Station France - Brillanne I & II Hydroelectric Power Station France,43.921,5.925,-0.4056234955787658
Brommat BROMMAT 6/7,44.76793,2.68415,-0.5129777789115906
Brousse-le-Château,44.0062,2.6383,-0.5162408351898193
Bujaleuf,45.8025,1.614444444,-0.4985017478466034
Buzy,43.1411,-0.4466,-0.5429640412330627
Caderousse CADEROUSSE - Caderousse Hydroelectric Power Station France,44.09606,4.72329,0.2049898505210876
Cajarc,44.4939,1.8384,-0.5190971493721008
Calypso,45.235311,6.4399136,-0.2770166099071502
Cambeyrac Cambeyrac Hydroelectric Power Station France - Cambeyrac Hydroelectric Power Station France,44.655,2.574,-0.3389229774475097
Campan,42.9617,0.2164,-0.4736945927143097
Capdenac,44.5849,2.066,-0.4988458156585693
Cargiaca,41.7322,9.0412,-0.5160687565803528
Castelnau lassouts Castelnau-Lassouts Hydroelectric Power Station France - Castelnau-Lassouts Hydroelectric Power Station France,44.505,2.874,-0.4578068256378174
Castillon Castillon Hydroelectric Power Station France - Castillon Hydroelectric Power Station France,43.878,6.538,-0.2833769917488098
Castillon-en-Couserans,42.9142,1.02833,-0.483424574136734
Castirla Hydroelectric Power Station France - Castirla Hydroelectric Power Station France,42.38,9.134,-0.4520728886127472
Caussade,44.157,1.5439,-0.4796355366706848
Causse-de-la-Selle,43.7932,3.6295,-0.5162160992622375
Centrale Hydro-Électrique Luz I & 2,42.87024,-0.01209,-0.369619071483612
Centrale Hydroélectrique de Lau-Balagnas,42.9929,-0.0998,-0.5271167159080505
Centrale Hydroélectrique de Nouaux,42.9842,-0.1428,-0.5289241075515747
Centrale Hydroélectrique de Tucoy,42.90973,-0.25888,-0.4949460923671722
Centrale hydraulique EDF de Golfech - Sud-Ouest,44.1091231,0.8503732,-0.2110183537006378
Champcella Champcella Hydroelectric Power Station France - Champcella Hydroelectric Power Station France,44.737,6.575,-0.4573223292827606
Champsanglard,46.2801,1.8891,-0.5144796967506409
Charritte-de-Bas,43.2951,-0.897,-0.4607742130756378
Chartrettes,48.4943,2.7131,-0.5111299753189087
Chastang CHASTANG (LE) 1 - Chastang Hydroelectric Generating Station France,45.15185,2.00985,-0.340535968542099
Chaudanne Chaudanne Hydroelectric Power Station France - Chaudanne Hydroelectric Power Station France,43.848,6.544,-0.2460777312517166
Chautagne Chautagne Hydroelectric Power Station France - Chautagne Hydroelectric Power Station France,45.879,5.811,-0.2223592847585678
Château-Chinon (Campagne),47.0563,3.9403,-0.4896635711193084
Châtel-Montagne,46.1002,3.7168,-0.5139194130897522
Châtellerault,46.8153,0.5526,-0.4594161510467529
Châtelus-le-Marcheix,46.0068,1.6256,-0.5383481383323669
Cierp-Gaud,42.9129,0.6341,-0.5937093496322632
Cize bolozon Cize Bolozon Hydroelectric Power Station France - Cize Bolozon Hydroelectric Power Station France,46.211,5.465,-0.1779498755931854
Claux Claux Hydroelectric Power Station France - Claux Hydroelectric Power Station France,44.876,6.48,-0.3648234903812408
Coiselet Coiselet Hydroelectric Power Station France - Coiselet Hydroelectric Power Station France,46.294,5.592,-0.1656046360731125
Combe d'avrieux COMBE DAVRIEUX 1 - Aussois + Combe d'Avrieux Hydroelectric Power Station France,45.21348,6.72053,-0.1967914402484893
Cornimont,47.9686,6.8651,-0.4493952095508575
Couesque COUESQUE - Couesque Hydroelectric Power Station France,44.69609,2.58555,-0.3185301125049591
Curbans CURBANS - Curbans Hydroelectric Power Station France,44.42078,6.02016,-0.0683232396841049
Cusset jonage Cusset-Jonage Hydroelectric Power Station France - Cusset-Jonage Hydroelectric Power Station France,45.79,5.025,0.1724783927202224
DONZERE MONDRAGON - Bollene Hydroelectric Power Station France,44.304001,4.742,0.0831426307559013
Domène,45.2044,5.8371,-0.4105648398399353
Egets Egets Hydroelectric Power Station France - Egets Hydroelectric Power Station France,42.955,0.565,-0.5747780203819275
Eguzon Eguzon Hydroelectric Power Station France - Eguzon Hydroelectric Power Station France,46.455,1.613,-0.5077677369117737
Enchanet Enchanet Hydroelectric Power Station France - Enchanet Hydroelectric Power Station France,45.082,2.194,-0.4527063369750976
Entraygues-sur-Truyère,44.6548,2.5787,-0.5288106203079224
Eygliers Eygliers Hydroelectric Power Station France - Eygliers Hydroelectric Power Station France,44.672,6.65,-0.3678489029407501
Eymoutiers,45.7111,1.7405,-0.5220626592636108
Faux-la-Montagne,45.7431,1.9351,-0.5343852639198303
Felletin,45.8905,2.1825,-0.433897316455841
Fessenheim FESSENHEIM - Fessenheim Hydroelectric Power Station France,47.91466,7.57067,0.0531158745288848
Foix,42.9654,1.6102,-0.4807621538639068
Fontan,44.0215,7.5448,-0.5228081941604614
Fontpédrouse,42.463,2.1949,-0.3719988167285919
Fos,42.8607,0.7473,-0.4754645526409149
Fumel,44.5079,0.9804,-0.5087184309959412
Gaillac,43.9165,1.8862,-0.4835393130779266
Gambsheim,48.682,7.919,0.3322762250900268
Gargilesse-Dampierre,46.5061,1.6202,-0.4837027788162231
Genissiat GENISSIAT - Genissiat Hydroelectric Power Station France,46.05271,5.81285,-0.0201256461441516
Germ,42.7767,0.4407,-0.5026730298995972
Gerstheim GERSTHEIM - Gerstheim Hydroelectric Power Station France,48.40385,7.72775,0.0444679334759712
Gervans Gervans Hydroelectric Power Station France - Gervans Hydroelectric Power Station France,45.136,4.806,0.0950342789292335
Cheylas CHEYLAS 1 - Cheylas (Le) Hydroelectric Power Station France,45.3846,6.00207,-0.4285727441310882
Gignac,43.66361111,3.55722222,-0.2152423113584518
Giuncaggio,42.1921,9.3824,-0.5559070110321045
Golinhac Golinhac Hydroelectric Power Station France - Golinhac Hydroelectric Power Station France,44.606,2.605,-0.4902968406677246
Gour Noir (Le) Hydroelectric Power Station France - Gour Noir (Le) Hydroelectric Power Station France,45.071,2.067,-0.5516615509986877
Grand maison GRAND MAISON 1 - Grand Maison Pumped Storage Hydroelectric Power Station France,45.20597,6.11719,-0.031648326665163
Grandrif,45.5205,3.8348,-0.5059322714805603
Grandval Grandval Hydroelectric Power Plant France - Grandval Hydroelectric Power Plant France,44.9219,3.0745,-0.1895918250083923
Grangent Grangent Hydroelectric Power Station France - Grangent Hydroelectric Power Station France,45.467,4.248,-0.217207670211792
Guchen,42.8567,0.3213,-0.490401953458786
Hautefage Hautefage Hydroelectric Power Station France - Hautefage Hydroelectric Power Station France,45.06,1.994,-0.5688276290893555
Hauteluce,45.7642,6.6156,-0.4414558708667755
Hermillon HERMILLON,45.28424,6.35799,-0.208616554737091
Hillion,48.5028,-2.6463,-0.469682902097702
Hospitalet l' Hospitalet (L') Hydroelectric Power Station France - Hospitalet (L') Hydroelectric Power Station France,42.588,1.797,-0.316081702709198
Hourat Hourat Hydroelectric Power Station France - Hourat Hydroelectric Power Station France,43.075,-0.42,-0.324832558631897
Izernore,46.2184,5.5632,-0.5111989378929138
Jouques Jouques Hydroelectric Power Station France - Jouques Hydroelectric Power Station France,43.681,5.656,-0.2452737540006637
Jouy-aux-Arches,49.0644,6.0867,-0.4746720194816589
Kembs KEMBS - Kembs Hydroelectric Power Station France,47.655,7.52,0.0861833170056343
L'Isle-Jourdain,46.2384,0.6985,-0.492585152387619
La Bastide-Puylaurent,44.5658,3.888,-0.4957635402679443
La Bathie - Roseland,45.68545,6.62249,0.039935365319252
La Bresse,48.0184,6.9255,-0.4870830178260803
La Bridoire,45.5299,5.7378,-0.4934528172016144
La Grave,45.0601,6.2836,-0.4772276282310486
La Llagonne,42.5377,2.094,-0.4401724636554718
La Roche-de-Rame,44.7659,6.617,-0.4480085372924804
La Soula,42.7225,0.41944444,-0.4545708894729614
Lacourt,42.9332,1.1708,-0.5754631757736206
Laguiole,44.6943,2.8677,-0.4954808056354522
Lanau Lanau Hydroelectric Power Station France - Lanau Hydroelectric Power Station France,44.891,3.003,-0.381194919347763
Landry,45.5637,6.7617,-0.4164172708988189
Langogne,44.7238,3.8338,-0.4913490116596222
Lantosque,43.9706,7.3049,-0.5317376255989075
Laparan,42.6717259,1.7009906,-0.520264208316803
Lardy Lardy Hydroelectric Power Station France - Lardy Hydroelectric Power Station France,44.662,2.583,-0.3475186228752136
Largue Largue Hydroelectric Power Station France - Largue Hydroelectric Power Station France,43.854,5.859,-0.3033415675163269
Laroquebrou,44.9744,2.1934,-0.5256355404853821
Larrau,43.01,-0.973,-0.5971333980560303
Laval,45.2362,5.9815,-0.5307707190513611
Laval cere & Laval de Cere  1 & 2 Hydroelectric Power Station France - Laval de Cere  1 & 2 Hydroelectric Power Station France,44.953,1.95,-0.4670404195785522
Laval-de-Cère/Barrage de Brugale,44.9443,1.9359,-0.5523431897163391
Lavours,45.8115,5.7724,-0.4468237161636352
Lazer le Lazer (Le) Hydroelectric Power Station France - Lazer (Le) Hydroelectric Power Station France,44.346,5.868,-0.4490758776664734
Le Bourg-d'Hem,46.3006,1.8404,-0.5144087076187134
Le Cannet-des-Maures,43.3739,6.3755,-0.5205370187759399
Le Palais-sur-Vienne,45.8737,1.3248,-0.5112561583518982
Le Tech,42.4418,2.513,-0.614486813545227
Licq atherey Licq-Atherey Hydroelectric Power Station France - Licq-Atherey Hydroelectric Power Station France,43.048,-0.886,-0.475017100572586
Livet-et-Gavet,45.0905,5.9188,-0.4285310506820678
Livinhac-le-Haut,44.5968,2.2161,-0.5218228101730347
Lot Lot Hydroelectric Power Station France - Lot Hydroelectric Power Station France,44.663,2.664,-0.3257789015769958
Loudenvielle,42.7302,0.4323,-0.28351029753685
Lugo di nazza Lugo Di Nazza Hydroelectric Power Station France - Lugo Di Nazza Hydroelectric Power Station France,42.091,9.316,-0.4448067247867584
Lusigny-sur-Barse,48.263,4.2773,-0.4929252564907074
Luz-Saint-Sauveur,42.8322,0.0177,-0.4711969792842865
Luzenac,42.7199,1.7426,-0.5262642502784729
MONTELIMAR - Chateauneuf Du Rhone Hydroelectric Power Station France,44.499001,4.708,0.081924058496952
Malgovert,45.61787,6.79074,-0.2542631924152374
Mallemort Mallemort Hydroelectric Power Station France - Mallemort Hydroelectric Power Station France,43.715,5.205,-0.3376359939575195
Manosque voix Manosque-Voix Hydroelectric Power Station France - Manosque-Voix Hydroelectric Power Station France,43.85081,5.83276,-0.4089672863483429
Marcillac - barrage la Valette,45.215,2.038,-0.4891010820865631
Marckolsheim MARCKOLSHEIM - Marckolsheim Hydroelectric Power Station France,48.15371,7.5898,0.0160120874643325
Mareges MAREGES - Mareges Hydroelectric Power Station France,45.39171,2.36446,-0.3516500294208526
Mazamet,43.458,2.3893,-0.5404261946678162
Mazet Hydroelectric Power Station France - Mazet Hydroelectric Power Station France,45.801,1.803,-0.4713191390037536
Metz/Central hydraulique de Metz-Wadrinau,49.1198,6.154,-0.1294618844985962
Meyras,44.6766,4.2604,-0.5897558331489563
Millac/La Roche,46.1954,0.7055,-0.4647111296653747
Miramont-de-Comminges,43.0912,0.7558,-0.6346063017845154
Mirandol-Bourgnounac,44.1468,2.1715,-0.5213881134986877
Mizoën,45.0431,6.1821,-0.482226550579071
Monceaux La Virolle Hydroelectric Power Station France - Monceaux La Virolle Hydroelectric Power Station France,45.576,1.84,-0.4975922703742981
Montahut Montahut Hydroelectric Power Station France - Montahut Hydroelectric Power Station France,43.571,2.94,-0.4965941309928894
Montauban,44.0226,1.3638,-0.4945733547210693
Montbrun,44.5114,1.9032,-0.498807817697525
Monteynard MONTEYNARD - Monteyard-Avigonnet Hydroelectric Power Station France,44.96118,5.68874,-0.0409127324819564
Montezic MONTEZIC 1 - Montezic Pump Storage Hydroelectric Power Station France,44.73766,2.64342,-0.46270352602005
Montpezat MONTPEZAT,44.69026,4.27215,-0.4560540914535522
Montsapey,45.5313,6.3673,-0.5268040895462036
Motz,45.9191,5.8448,-0.4409770369529724
Moux charmines Moux Charmines Hydroelectric Power Station France - Moux Charmines Hydroelectric Power Station France,46.277,5.554,-0.4557253420352936
Moûtiers,45.4864,6.5373,-0.4307767450809479
Méolans-Revel,44.371,6.498,-0.4219296872615814
Méréville,48.5912,6.1369,-0.5067631006240845
Nantes-en-Ratier,44.9279,5.8283,-0.4965415894985199
Nentilla Nentilla Hydroelectric Power Station France - Nentilla Hydroelectric Power Station France,42.772,2.213,-0.4833624064922333
Neuville-sur-Ain,46.08166667,5.37944444,-0.3245081603527069
Noirefontaine/Dampjoux,47.3471,6.7644,-0.4929133653640747
Nyer,42.5014,2.2744,-0.5333988070487976
Ocana Ocana Hydroelectric Power Station France - Ocana Hydroelectric Power Station France,41.946,8.935,-0.4462682604789734
Olargues,43.5411,2.9176,-0.4839186668395996
Olette,42.5962,2.2423,-0.478160560131073
Oloron-Sainte-Marie,43.16305556,-0.59194444,-0.3739011585712433
Oo Hydroelectric Power Station France - Oo Hydroelectric Power Station France,42.804,0.56,-0.5278657078742981
Oraison ORAISON - Oraison Hydroelectric Power Station France,43.92101,5.92438,-0.4050692021846771
Orelle,45.20308,6.57913,-0.3606386184692383
Orgeix,42.6757,1.8767,-0.4928505420684814
Orlu Orlu Hydroelectric Power Station France - Orlu Hydroelectric Power Station France,42.689,1.912,-0.4567685425281524
Ottmarsheim OTTMARSHEIM - Ottmarsheim Hydroelectric Power Station France,47.77399,7.52246,-0.0025071913842111
Pardies,43.3858,-0.5879,-0.193048894405365
Passy,45.954,6.7398,-0.4061902165412903
Passy PASSY,45.91642,6.72592,-0.3202780187129974
Perles-et-Castelet,42.7179,1.774,-0.5083717703819275
Pied borne PIED DE BORNE - Pied-de-Borne Hydroelectric Power Station France,44.47198,3.98867,-0.3941332399845123
Pierre benite Pierre Benite Hydroelectric Power Station France - Pierre Benite Hydroelectric Power Station France,45.702,4.842,-0.0596539750695228
Pinet Hydroelectric Power Station France - Pinet Hydroelectric Power Station France,44.07,2.805,-0.3652704060077667
Plouasne,48.3118,-2.0078,-0.5092853307723999
Pointis-Inard,43.0837,0.7971,-0.5795560479164124
Pointis-de-Rivière,43.0911,0.6255,-0.482453316450119
Pont-de-Roide,47.3853,6.7628,-0.5316169261932373
Pontcharra,45.43293,6.03032,-0.5091454982757568
Port-Mort,49.1697841,1.3876834,0.191932812333107
Portillon le Portillon (Le) Hydroelectric Power Station France - Portillon (Le) Hydroelectric Power Station France,42.733,0.553,-0.5444289445877075
Poses,49.3096743,1.2362412,0.3057804703712463
Pouget POUGET 4 - Pouget (Le) Hydroelectric Power Station France,44.0597,2.77,-0.4001254737377167
Pragneres Hydroelectric Power Station France,42.8211,0.01033,-0.3385747075080871
Pralognan-la-Vanoise,45.3501,6.7208,-0.4036111235618591
Prayssac,44.502783,1.1732197,-0.3172355890274048
Queige,45.71916667,6.49861111,-0.4942894577980041
Quinson Quinson Hydroelectric Power Station France - Quinson Hydroelectric Power Station France,43.699,6.051,-0.4334354102611542
Rabodanges,48.8003,-0.2895,-0.454608678817749
Rance tidal RANCE - Rance Tidal Hydroelectric Power Station France,48.6180022,-2.0238876,0.1676715016365051
Randens RANDENS,45.52711,6.31996,-0.4365936517715454
Revin REVIN 1 - Revin Pump Storage Hydroelectric Power Station France,49.92556,4.61331,-0.4654082953929901
Rhinau RHINAU - Rhinau Hydroelectric Power Station France,48.28412,7.67728,0.0801539942622184
Rhue Rhue (La) Hydroelectric Power Station France - Rhue (La) Hydroelectric Power Station France,45.415,2.499,-0.5301309823989868
Roanne,46.0451,4.0801,-0.4110825061798095
Romanche-Gavet,45.1171846,5.9590868,-0.401856929063797
Roquebillière,44.02138889,7.30722222,-0.3708187937736511
Sablons PEAGE DE ROUSSILLON - Sablons Hydroelectric Power Station France,45.307,4.797,0.0481019094586372
Sail-sous-Couzan,45.7367,3.9618,-0.5125818252563477
Saint cassien Saint Cassien Hydroelectric Power Station France - Saint Cassien Hydroelectric Power Station France,43.602,6.841,-0.524828314781189
Saint chamas SAINT CHAMAS - Saint Chamas Hydroelectric Power Station France,43.52741,5.07342,-0.2553247511386871
Saint dalmas Saint Dalmas Hydroelectric Power Station France - Saint Dalmas Hydroelectric Power Station France,44.047,7.586,-0.3622539937496185
Saint esteve SAINT ESTEVE - Saint Esteve-Janson Hydroelectric Power Station France,43.69049,5.38489,-0.4057350754737854
Saint georges commiers Saint Georges de Commiers Hydroelectric Power Station France - Saint Georges de Commiers Hydroelectric Power Station France,45.006,5.687,-0.4175952076911926
Saint guillerme SAINT GUILLERME - St. Guillerme Hydroelectric Power Station France,45.03048,6.07914,-0.4741169810295105
Saint pierre cognet,44.87249,5.77319,-0.4169971644878387
Saint-Alban-des-Villards,45.3146,6.2362,-0.5021425485610962
Saint-Barthélemy-de-Séchilienne,45.0397,5.8221,-0.6057793498039246
Saint-Barthélemy-le-Plain,45.0453,4.7436,-0.4865165054798126
Saint-Christophe-en-Oisans,44.9289,6.2441,-0.2842223644256592
Saint-Cézaire-sur-Siagne,43.6597,6.8033,-0.5352458953857422
Saint-Dalmas-le-Selvage,44.2894,6.841,-0.3722111582756042
Saint-Denis-des-Murs,45.7797,1.5295,-0.4760839939117431
Saint-Firmin,44.7936,6.0261,-0.4250531196594238
Saint-Flour/Centrale hydroelectrique EDF de Sauviat,45.7102,3.5096,-0.4454852640628814
Saint-Gervais-d'Auvergne,46.0192,2.8311,-0.4727220237255096
Saint-Gervais-les-Bains,45.857,6.741,-0.4093867540359497
Saint-Girons,42.9756,1.1531,-0.4309082925319671
Saint-Jean-de-Maurienne,45.2719,6.3455,-0.4247024357318878
Saint-Jeoire,46.1387,6.4645,-0.5404486060142517
Saint-Julien-Mont-Denis,45.2803,6.4175,-0.4871583878993988
Saint-Julien-le-Petit,45.8223,1.7051,-0.4972226619720459
Saint-Laurent-du-Var,43.6865,7.1823,-0.3683909177780151
Saint-Laurent-en-Beaumon,44.89527778,5.85805556,-0.5129086971282959
Saint-Laurent-en-Royans,45.0098,5.3463,-0.5702953934669495
Saint-Lizier,43.0002,1.1292,-0.3947421312332153
Saint-Léonard-de-Noblat,45.841,1.4954,-0.512042760848999
Saint-Mamet-la-Salvetat,44.8566,2.3054,-0.3909846842288971
Saint-Martin-du-Var,43.8162,7.1996,-0.5427799820899963
Saint-Maurice-Navacelles,43.8448,3.5064,-0.5482463836669922
Saint-Maurice-de-Lignon,45.2330869,4.1547189,-0.5008812546730042
Saint-Maurice-en-Valgodemard,44.7984,6.1126,-0.3558253645896911
Saint-Paul-sur-Ubaye,44.559,6.8207,-0.3104624152183532
Saint-Pierre-Chérignat,45.9602,1.6139,-0.5298429131507874
Saint-Pierre-en-Faucigny,46.0468,6.37475,-0.4914991557598114
Saint-Priest-Taurion,45.9063392,1.4122593,-0.4286247193813324
Saint-Étienne-de-Cuines,45.3454,6.2602,-0.4059013128280639
Sainte Helene - La Coche,45.49667,6.51038,-0.3276261687278747
Sainte croix,43.73687,6.13423,-0.2971028387546539
Sainte tulle i&ii Sainte Tulle I&II Hydroelectric Power Station France - Sainte Tulle I&II Hydroelectric Power Station France,43.787,5.774,-0.4120114743709564
Sainte-Agnès,45.2106,5.96,-0.393528550863266
Sainte-Foy-Tarentaise,45.5844,6.9414,0.1452274173498153
Sainte-Marie-de-Cuines,45.3191,6.2942,-0.3609618544578552
Salignac Salignac Hydroelectric Power Station France - Salignac Hydroelectric Power Station France,44.138,5.979,-0.326114684343338
Salon Salon Hydroelectric Power Station France - Salon Hydroelectric Power Station France,43.633,5.114,-0.3227925896644592
Sarrans SARRANS - Sarrans Hydroelectric Power Station France,44.82942,2.74042,-0.2314771264791488
Sassenage,45.20856,5.65681,-0.507534384727478
Sault brenaz Sault Brenaz Hydroelectric Power Station France - Sault Brenaz Hydroelectric Power Station France,45.846,5.418,0.0490738935768604
Saussaz SAUSSAZ,45.20992,6.47663,-0.3058291971683502
Saut mortier Saut Mortier Hydroelectric Power Station France - Saut Mortier Hydroelectric Power Station France,46.372,5.642,-0.4629322290420532
Sautet le Sautet (Le) Hydroelectric Power Station France - Sautet (Le) Hydroelectric Power Station France,44.817,5.908,-0.3404306173324585
Sauto,42.5155,2.1488,-0.5107607245445251
Serdinya,42.5763,2.3226,-0.3555087745189667
Serre poncon SERRE PONCON - Serre Poncon Hydroelectric Power Station France,44.47095,6.26967,-0.4301117062568664
Servières-le-Château,45.1402,2.0225,-0.5533202290534973
Seyssel Hydroelectric Power Station France - Seyssel Hydroelectric Power Station France,45.971,5.834,0.383598119020462
Sisteron SISTERON 1 - Sisteron Hydroelectric Power Station France,44.17517,5.95215,0.3028159141540527
Soulom Soulom Hydroelectric Power Station France - Soulom Hydroelectric Power Station France,42.953,-0.069,-0.2968948781490326
St etienne cantales ST ETIENNE CANTALES - Saint Etienne Cantales Hydroelectric Power Station France,44.94516,2.21906,-0.1414692997932434
Strasbourg STRASBOURG - Strasbourg Hydroelectric Power Station France,48.52561,7.79456,-0.1663230657577514
Teich Teich Hydroelectric Power Station France - Teich Hydroelectric Power Station France,42.71,1.864,-0.5046509504318237
Teillet-Argenty,46.2627,2.517,-0.4518775045871734
Tende,44.0996,7.5403,-0.4575625956058502
Tet (La) Hydroelectric Power Station France - Tet (La) Hydroelectric Power Station France,42.553,2.267,-0.4434592723846435
Thuès-Entre-Valls,42.5036,2.23,-0.5686388611793518
Tolla,41.9637369,8.9663116,-0.194547489285469
Toulouse/Bazacle Complex,43.60277778,1.4325,0.2661346793174743
Tramezaygues,42.7442,0.41,-0.4088369607925415
Triouzoune Hydroelectric Power Station France - Triouzoune Hydroelectric Power Station France,45.347,2.349,-0.5013216137886047
Truel Truel Hydroelectric Power Station France - Truel Hydroelectric Power Station France,44.06,2.769,-0.21958589553833
Tuilieres Tuilieres Hydroelectric Power Station France - Tuilieres Hydroelectric Power Station France,44.845,0.633,-0.2436388731002807
Usson,45.5271,3.3419,-0.4591381251811981
Uzerche,45.4242,1.5653,-0.4442728459835052
Val beynette Val Beynette Hydroelectric Power Station France - Val Beynette Hydroelectric Power Station France,45.416,2.372,-0.3650429248809814
Valentine,43.09666667,0.70083333,-0.3758156597614288
Vallabregues VALLABREGUES - Beaucaire Hydroelectric Power Station France,43.82415,4.64349,0.1478900462388992
Varilhes,43.0551,1.6343,-0.5727218985557556
Vaufrey,47.3405,6.9306,-0.4238905906677246
Vaugris Vaugris Hydroelectric Power Station France - Vaugris Hydroelectric Power Station France,45.495,4.826,0.2348883748054504
Venthon,45.69389,6.40457,-0.4523649513721466
Villar-d'Arêne,45.0001,6.3639,0.0718132480978965
Villard-sur-Doron,45.7274,6.5193,-0.5795275568962097
Villarodin VILLARODIN 1 - Villarodin Hydroelectric Power Station France,45.21466,6.71208,-0.1980929374694824
Villaroger,45.5574,6.8693,-0.3394668102264404
Villefranche-de-Panat,44.0976,2.7161,-0.4816932082176208
Villelongue,42.9429,-0.0167,-0.4385688602924347
Villerest Hydroelectric Power Station France - Villerest Hydroelectric Power Station France,45.9869,4.04938,-0.3728713989257812
Vinon Vinon Hydroelectric Power Station France - Vinon Hydroelectric Power Station France,43.725,5.827,-0.4109836518764496
Vogelgrun VOGELGRUN - Vogelgrun Hydroelectric Power Station France,48.0203,7.57393,-0.0262066833674907
Vouglans VOUGLANS - Vouglans Hydroelectric Power Station France,46.39734,5.66556,-0.0863498076796531
Voutezac,45.2928,1.4406,-0.4968678653240204
Zicavo,41.8845,9.167,-0.4839032292366028
Épierre,45.4523,6.3254,-0.3663858771324157
Atshesi (Atsi) Hydroelectric Power Plant Georgia,41.5841,41.8903,-0.1918649673461914
Chitakhevi Hydroelectric Power Plant Georgia,41.7914,43.302,-0.3770492672920227
Dzevrula (Tkibuki-II) Hydroelectric Power Plants Georgia,42.2629,42.9582,-0.5692713856697083
Gumati I and II Hydroelectric Power Plants Georgia,42.3202,42.704,0.1473205387592315
Inguri (Enguri) Dam Hydroelectric Power Station Georgia,42.7584,42.0309,-0.0655869543552398
Khrami I Hydroelectric Power Plant Georgia,41.5489,44.1235,-0.3997427821159363
Khrami II Hydroelectric Power Plant Georgia,41.5461,44.1277,-0.3771993517875671
Lajanuri Hydroelectric Power Plant Georgia,42.589,42.8519,-0.2944038510322571
Ortachala Hydroelectric Power Plant Georgia,41.6831,44.8266,-0.0511493422091007
Rioni Hydroelectric Power Plant Georgia,42.2006,42.7258,-0.3977442979812622
Satskhenisi Hydroelectric Power Plant Georgia,41.7048,44.9328,-0.4009244740009308
Shaori Hydroelectric Power Plants Georgia,42.3637,43.0034,-0.4515096545219421
Vardnili I Hydroelectric Power Plant Georgia,42.6524,41.7619,-0.4195632934570312
Vartsikhe Cascade Hydroelectric Power Plants Georgia,42.1545,42.7088,0.058144312351942
Zahesi Hydroelectric Power Plant Georgia,41.8226,44.76,-0.1232495084404945
Zhinvali Hydroelectric Power Plant Georgia,42.1349,44.7721,-0.524202823638916
Albbruck dogern,47.5985,8.171,0.2593031227588653
Altheim,48.5837,12.2186,-0.3257625102996826
Altusried M2,47.817052,10.227499,-0.2646261751651764
Alzwerke,48.18324,12.85345,-0.4516641497611999
Aufkirchen,48.3066864,11.858847,-0.4715364277362823
Bergheim,48.750807,11.273237,-0.1514950543642044
Bertoldsheim,48.735932,11.020923,-0.1461585164070129
Bigge,51.093173,7.86272,0.4406550228595733
Bittenbrunn,48.734459,11.14382,-0.1392600387334823
Bleiloch,50.52438482,11.71438694,-0.1052094995975494
Bobingen M1,48.26,10.8,-0.5257200002670288
Dessau,47.739292,10.825702,-0.025017999112606
Dettingen,48.11222222,10.13277778,-0.396508514881134
Detzem,49.810941,6.843882,-0.2052029967308044
Dingolfing,48.63404,12.48369,0.0177839044481515
Dornau,47.8001993,10.9026434,-0.2652846574783325
Egglfing,48.3202287,13.31740725,-0.2384592294692993
Eitting,48.3585905,11.8821921,-0.4480973780155182
Ellgau,48.596746,10.8789,-0.1291733384132385
Enkirch,49.97667,7.127777,0.0576238706707954
Erzhausen PSW Erzhausen Block 1 - Erzhausen Pumped Storage Power Plant Germany,51.89912,9.92452,-0.3072923719882965
Ettling,48.6960722,12.7977619,-0.4850940406322479
Faimingen,48.558394,10.411764,-0.1465785056352615
Fankel,50.123918,7.225915,0.0210974086076021
Fluhmühle,47.839568,10.192668,-0.2518860101699829
Gars,48.15395,12.31107,-0.2871836423873901
Geesthacht,53.41888889,10.39388889,-0.3208194673061371
Geisling,48.974806,12.344002,0.0094538209959864
Goldisthal PSW Goldisthal PSS A - Goldisthal Pumped Storage Power Plant Germany,50.50975864,11.02087498,-0.3698645234107971
Großaitingen M1,48.23,10.76,-0.455018550157547
Gummering,48.622456,12.398037,-0.0095660276710987
Haeusern Schluchsee,47.755001,8.188,-0.2712116837501526
Haminan höyrykattilalaitos,51.520132,14.337383,-0.347366601228714
Heimbach,50.628568,6.451776,-0.4826915562152862
Hemfurth,51.167139,9.046832,-0.2459810078144073
Hohenwarte,50.61433423,11.49212837,-0.2805361747741699
Höchstädt,48.603156,10.582724,-0.0972887352108955
Ingolstadt,48.750317,11.412153,-0.0915727913379669
Inningen M1,48.29,10.83,-0.3700288534164428
Jettenbach,48.177714,12.381857,0.0924434065818786
KW Gundelsheim,49.280578,9.156055,-0.2301859110593795
KW Öpfingen,48.29463,9.830391,-0.3471869230270386
Kachlet,48.5797112,13.4082738,-0.2031396180391311
Kaufering,48.084026,10.864936,-0.2225422859191894
Koblenz,50.365855,7.58171,0.1033403575420379
Koepchenwerk Koepchenwerk - Koepchenwerk II (Herdecke) Pumped Storage Power Plant Germany,51.41048,7.45314,-0.1152924299240112
Kraftwerk Rothenfels,49.90018,9.58676,-0.1039167717099189
Landau,48.667862,12.660027,-0.0503635816276073
Laufwasserkraftwerk Hengstey,51.400404,7.45204,-0.0692856311798095
Legau M1,47.869845,10.181145,-0.1455631554126739
Lehmen,50.274724,7.458957,0.3735960721969604
Leitzach,47.873938,11.87099,-0.218665599822998
Markersbach PSW Markersbach PSS A - Markersbach Pumped Storage Power Plant Germany,50.51938,12.87976,-0.3299912214279175
Meitingen,48.546994,10.86507,-0.3750965595245361
Merching,48.2704497,10.9773463,-0.319184809923172
Mittelstetten M1,49.21,10.72,-0.4924464821815491
Müden,50.18416667,7.33277778,0.1215675994753837
Mühltal,47.99629724,11.48542787,-0.4022000730037689
Neef,50.087362,7.135809,0.0991014540195465
Niederaichbach,48.6039132,12.3023425,-0.2810783088207245
Niederwartha,51.09153428,13.60982895,-0.3053093254566192
Nußdorf,47.74444,12.1348886,0.3210204243659973
Obernach,47.554694,11.291366,-0.303240954875946
Oberpeiching,48.646423,10.879086,-0.0630879029631614
PSW Hohenwarte II PSS A,50.615002,11.492,-0.2646762728691101
Perach,48.0261021,12.789632,-0.4149124920368194
Pfrombach,48.44132,11.99233,-0.3273773789405823
Pielweichs,48.76166667,12.87027778,0.0678855031728744
Prem,47.692726,10.797592,-0.2026478052139282
Prittriching,48.21062,10.904933,-0.0743946135044097
Psw langenprozelten,50.05313,9.58137,-0.3782017230987549
Psw vianden Vianden 1 - Vianden Pumped Storage Power Plant Luxembourg,49.95156713,6.180031287,-0.414295494556427
Pumpspeicherkraftwerk glems,48.50499,9.28692,-0.2733320295810699
Pumpspeicherwerk rönkhausen Rönkhausen Pumped Storage Power Plant Germany - Rönkhausen Pumped Storage Power Plant Germany,51.22475,7.99281,-0.0843347758054733
Radag,47.58629,8.13207,-0.3695870637893677
Rain,48.692383,10.897786,-0.2173035591840744
Reckingen,47.57122,8.338716,-0.2564140856266022
Reisach,49.53002,12.28481,-0.2617665529251098
Rheinfelden,47.56990573,7.810113464,0.1076405793428421
Rheinkraftwerk iffezheim Rheinkraftwerk Iffezheim,48.83135,8.11216,-0.3177426755428314
Rosenheim,47.83825,12.15333,0.5190712809562683
Roßhaupten,47.651451,10.735525,-0.4775437116622925
Rudolf fettweis werk,48.67128595,8.354376729,-0.3244655728340149
Scheuring,48.180229,10.8833102,0.0161985214799642
Schwabmünchen M1,48.191,10.729,-0.3036350607872009
Schwabstadl,48.148375,10.867023,0.0865531489253044
Schwammenauel,50.628507,6.479111,-0.4330032169818878
Schwarzenbach,48.6559308,8.3262275,0.1923258304595947
Serrig,49.566954,6.592348,-0.1969834417104721
Sorpesee,51.3510404,7.9680569,-0.1633101105690002
Stammham,48.24932,12.86469,-0.4234115183353424
Straubing,48.89659,12.55752,-0.3380871713161468
Säckingen,47.5619736,7.95484645,-0.49752938747406
Säckingen run-of-river,47.55828,7.9558,-0.1925780922174453
Tannheim,48.00795,10.118537,-0.3761847615242004
Tanzmühle,49.552216,12.281256,-0.3972423672676086
Teufelsbruck,48.11444444,12.27194444,0.3453913331031799
Trier,49.728029,6.624451,0.0703133940696716
Töging,48.2518176,12.5873078,-0.4130282700061798
Unterbergen,48.237449,10.92718,-0.0275395475327968
Unteropfingen,48.0612649,10.1284379,-0.4746984243392944
Uppenborn,48.473474,11.95481,-0.0987518429756164
Uppenborn 2,48.5152,12.101,-0.3452053964138031
Urspring,47.71598,10.825785,0.270222395658493
Vohburg,48.778103,11.60119,-0.1587826311588287
WKW Großarmschlag Hauptkraftwerk,48.883166,13.359728,-0.4980061650276184
WKW II/ Alzarkraftwerke Heider,48.068,12.576,-0.4509186446666717
WKW III,48.154,12.652,-0.4723108410835266
Walchensee,47.631354,11.337054,-0.4723334014415741
Waldeck I Pumped Storage Power Plant Germany - Waldeck I Pumped Storage Power Plant Germany,51.166,9.0461,-0.3014200925827026
Waldeck bringhausen Waldeck II M5 - Waldeck II Pumped Storage Power Plant Germany,51.167139,9.046832,-0.2459810078144073
Waldshut Schluchsee,47.61777,8.1926,-0.2555341422557831
Wasserburg,48.05699,12.22074,-0.3987776935100555
Wasserkraftanlage Odertalsperre,51.646122,10.504712,-0.5276650190353394
Wasserkraftanlage Okertalsperre,51.86256,10.471185,-0.5684095621109009
Wehr Kraftwerk Wehr - Wehr Pumped Storage Hydroelectric Power Plant Germany,47.64529898,7.91819945,-0.4719475507736206
Wendefurth Wendefurth Pumped Storage Power Plant Germany - Wendefurth Pumped Storage Power Plant Germany,51.74223,10.91879,-0.3848083317279815
Weserkraftwerk bremen,53.061134,8.864937,-0.0847205445170402
Wintrich,49.879784,6.948762,0.2098070383071899
Witznau Schluchsee,47.68791,8.25159,-0.4155815541744232
Zeltingen,49.951074,7.023166,-0.0499860607087612
AGRAS,40.806,22.003,-0.4887857437133789
Asomata ASOMATA - Asomata Hydroelectric Power Plant Greece,40.4744,22.2439,-0.4297027289867401
Ilarionas ILARIONAS - Ilarionas Hydroelectric Power Plant Greece,40.0966,21.8039,-0.3034912943840027
Kastraki KASTRAKI - Kastraki Hydroelectric Power Plant Greece,38.7415,21.3642,-0.3962217271327972
Kremasta,38.890417,21.499583,0.084757812321186
LOUROS,39.251598,20.8648,-0.5220458507537842
Ladonas LADONAS,37.75,21.8833333,-0.4943531155586242
Mesochora Hydroelectric Power Plant Greece - Mesochora Hydroelectric Power Plant Greece,39.4644,21.3042,-0.3865814805030823
Piges Aoos Hydroelectric Power Plant Greece,39.6871,20.8421,0.4184518456459045
Plastiras PLASTIRAS - Plastira Hydroelectric Power Plant Greece,39.2361,21.7462,-0.0173573605716228
Platanovrysi PLATANOVRYSI - Platanovrisi Hydroelectric Power Plant Greece,41.3355,24.4621,-0.3306660056114197
Polyfyto POLYFYTO - Polyfyto  Hydroelectric Power Plant Greece,40.3305,22.1253,-0.4833426773548126
Pournari,39.1845,21.0255,-0.5264083743095398
Sfikia SFIKIA - Sfikia Hydroelectric Power Plant Greece,40.3856573,22.2113777,-0.4722676277160644
Smokovo,39.1463,22.0629,0.0771760046482086
Stratos,38.676,21.3233,-0.4920308589935303
Thisavros φράγμα θησαυρού,41.267032,24.5008777,-0.445187509059906
HE Tiszalok,48.025136,21.307715,-0.0354688614606857
Kesznyeten hernadviz hungary Kesznyeten (Hernadviz) Hydroelectric Power Plant Hungary - Kesznyeten (Hernadviz) Hydroelectric Power Plant Hungary,47.995972,21.033037,-0.4422559440135956
Kiskore hungary Kiskore Hydroelectric Power Plant Hungary - Kiskore Hydroelectric Power Plant Hungary,47.493163,20.514556,0.0954823940992355
Andakíl,64.5386,-21.695,-0.3993362188339233
Blanda,65.4158,-19.8198,-0.307027131319046
Búrfell,64.1052,-19.8335,-0.1850404441356659
Búðarháls,64.2355,-19.3707,0.0336395390331745
Fljótsdalsvirkjun (Kárahnjúkar ),64.9471,-15.7931,0.3052515387535095
Hrauneyjafoss,64.2009,-19.2406,-0.4254876971244812
Lagarfoss,65.5069,-14.3656,0.0695616975426673
Laxárvirkjun 3,65.8182,-17.314,-0.2579994201660156
Ljósafossvirkjun,64.0944,-21.0107,-0.3516471683979034
Sigalda,64.1733,-19.1272,0.0172574166208505
Steingrímsstöð,64.129,-21.0266,-0.4294008910655975
Sultartangi,64.1672,-19.6212,-0.3974204063415527
Vatnsfell,64.1966,-19.0341,0.1183636561036109
Írafoss,64.0875,-21.0077,-0.2605855464935303
Ardnacrucha production unit Ardnacrusha Unit 1 - Ardnacrusha Hydroelectric Power Plant Ireland,52.7056,-8.6128,-0.3450146913528442
Erne Scheme,54.5,-8.19,-0.2947492301464081
Lee Scheme,51.89,-8.61,-0.3879347741603851
Liffey Scheme / Poulaphouca,53.1233,-6.5058,0.4352785646915436
Turlough hill Turlough Hill Unit 1 - Turlough Hill (Tomaneena) Pumped Storage Hydroelectric Power Plant Ireland,53.0280556,-6.3930556,-0.3688776791095733
 Valsoera - Telessio,45.487814,7.395236,-0.0445993095636367
Acceglio,44.474627,6.990918,-0.3497941792011261
Acquoria,41.960922,12.798884,-0.2860235273838043
Agordo,46.2855556,12.0375,-0.5826519727706909
Agri,40.289012,16.139079,-0.4169450104236603
Ala,45.758995,11.000182,-0.4334617555141449
Alanno,42.295438,13.971105,-0.4135365188121795
Albano,46.131588,9.280837,-0.4783390760421753
Albi Magisano,39.01339,16.6279,-0.378616452217102
Anapo c.le UP_ANAPO_C.L_1 - Anapo Pumped Storage Power Plant Italy,37.115761,15.137157,-0.3634868860244751
"Andonno c,",44.314628,7.482432,-0.3901570737361908
Ardenno,46.164292,9.644944,-0.4613918960094452
Arsie',45.983007,11.758295,-0.410281240940094
Ascoli porta romana,42.85527778,13.56527778,-0.4588385820388794
Aventino,42.004033,14.156813,-0.4046311676502228
Avise UP_AVISE_1,45.700913,7.193059,-0.3697578012943268
Balsorano,41.80388889,13.55888889,-0.4736155271530151
Barca cle,40.2333333,15.2333333,-0.4839108288288116
Barcis,46.1597222,12.6594444,-0.4906233847141266
Bardonecchia,45.07972222,6.71055556,-0.2155398428440094
Bardonetto - Pont,45.40861111,7.48722222,-0.4515538513660431
Bargi UP_BARGI_CEN_1,44.117039,11.04338,-0.1933505833148956
Baschi,42.672832,12.21796,-0.4402982294559479
Battiggio,45.98305556,8.12694444,-0.3392515182495117
Bergkristall Stieber,46.827532,11.169127,-0.2361676692962646
Boazzo,45.947196,10.62107,-0.3897702991962433
Boffetto,46.15833333,9.93805556,-0.4671342670917511
Bolognano,42.24638889,13.95388889,-0.4395108819007873
Bordogna,45.95083333,9.71277778,-0.4237671792507171
Braulio,46.51472222,10.40361111,-0.3000247180461883
Bressanone,46.71503251,11.65597916,-0.4401432573795318
Brossasco,44.56722222,7.3525,-0.4626796841621399
Brunico,46.79343,11.983386,-0.3670292794704437
Bussento,40.1304,15.511,-0.5257439613342285
Bussolengo,45.47833333,10.8425,-0.289487212896347
Cadarese,46.262983,8.327813,-0.4966521859169006
Caffaro,45.82078451,10.52706957,-0.3973344266414642
Cairo Montenotte,44.3938,8.2787,-0.4069967269897461
Calice,46.09518,8.28085,-0.4953331053256988
Calore,40.97333333,14.98361111,-0.5488511323928833
Campliccioli,46.060376,8.114612,-0.3144444823265075
Campo,46.221592,9.449839,-0.4098972678184509
Campo moro,46.2695803,9.8720987,-0.3381431996822357
Caneva,45.96861111,12.44138889,-0.4507987797260284
Canterno,43.475754,12.628657,-0.45652636885643
Caoria,46.2,11.6833333,-0.5433302521705627
Capriati UP_CAPRIATI_1,41.476824,14.128279,-0.4892528355121612
Cardano UP_CARDANO_1,46.494973,11.395485,-0.3188704550266266
Carona,46.02139,9.78285,-0.3202980458736419
Caroso Borzonasca,44.42463,9.395171,-0.4598937630653381
Cassino,41.55333333,13.83944444,-0.438994437456131
Castel giubileo,41.98833333,12.4975,0.0679884254932403
Castel madama,41.973522,12.868485,-0.3728311061859131
Castelbello,46.628316,10.906664,-0.4337078034877777
Casteldelf,44.58963,7.069818,-0.3799910843372345
Castelletto,45.96972222,12.35138889,-0.425921082496643
Castrocucco,39.9896,15.8081,-0.3603545725345611
Casuzze,38.07333333,13.36,-0.4165598750114441
Cavilla,45.919705,11.730896,-0.4605763554573059
Cencenighe,46.343118,11.973394,-0.3931558132171631
Centrale Rusca,45.529214,9.533849,0.1224703639745712
Centrale Santu Miali,39.5366292,8.9544651,-0.4898488223552704
Centrale Uvini Monte Su Rei,39.599699,9.257067,-0.4687620103359222
Centrale di Airole,43.869813,7.549187,-0.3641412258148193
Centrale di Aymavilles,45.710407,7.253837,-0.256641149520874
Centrale di Bard,45.604446,7.746439,-0.2500270009040832
Centrale di Bevera,43.822105,7.579253,-0.3119398355484009
Centrale di Canistro,41.9407659,13.4028744,-0.5242828130722046
Centrale di Casteldoria,40.889793,8.893944,-0.5182172656059265
Centrale di Contrasto Adrano,37.65189,14.805299,-0.4290341734886169
Centrale di Covalou,45.7743331,7.5951308,-0.2574819326400757
Centrale di Faubourg,45.716877,6.945111,-0.3899754285812378
Centrale di Grosio,46.292,10.266,-0.3019435703754425
Centrale di Isollaz,45.6892628,7.71111,-0.3685495853424072
Centrale di Premadio - S. Giacomo,46.4862865,10.3492706,-0.3826347589492798
Centrale di Prestone,46.392704,9.353384,-0.3132115602493286
Centrale di Rezzalasco,46.348831,10.355053,-0.3591015040874481
Centrale di San Bernardo,46.3420087,9.3687663,-0.4652165174484253
Ceprano,41.54571751,13.51472855,-0.416408509016037
Ceresole - Rosone (Locana),45.435348,7.418466,-0.3533645868301391
Champagne,45.701758,7.2079,-0.4012852013111114
Chatillon,45.74472222,7.59305556,-0.3404051661491394
Chavonne,45.6999,7.2193,-0.5225827693939209
Chiavenna,46.307194,9.395236,-0.3813846409320831
Chievo,45.45,10.9333333,-0.3684124946594238
Chievolis,46.3111111,12.7891667,-0.5113734602928162
Chiotas entracque,44.1775758,7.4165053,-0.3362524807453155
Cimego UP_CIMEGO_1,45.923109,10.628414,-0.2022011429071426
Cividate,45.942493,10.277462,-0.4453387558460235
Cogolo,46.362907,10.672964,-0.2476106435060501
Comunacqua,41.863023,13.250095,-0.437336802482605
Comunanza,42.957348,13.412282,-0.4093000888824463
Corenno,46.075987,9.304638,-0.3986385762691498
Corfino,44.13195,10.410998,-0.5633991956710815
Centrale di Ampezzo,46.4277312,12.7834987,-0.5986502766609192
Coscile,39.809603,16.163285,-0.4289014637470245
Crego,46.24638889,8.33166667,-0.343657523393631
Creva,46.15,8.3,-0.4361525475978851
Curon,46.808317,10.542652,-0.3125799894332886
Darfo,45.893791,10.185661,-0.3911819458007812
Dezzo di Scalve (derivazione Dezzo),45.983092,10.10006,-0.3994926214218139
Dossi,46.0299,9.984,-0.2491235584020614
Edison ARMISA (UP_ALTOADDA_1),46.176359,9.982129,-0.4294487833976745
Edison Angelo Bertini Paderno,45.6647544,9.4833148,-0.4946091771125793
Edison Belviso,46.160817,10.086202,-0.4037261605262756
Edison Carlo Esterle Cornate D'Adda,45.6540043,9.4847369,-0.3372529149055481
Edison Ganda,46.14055556,10.12361111,-0.41471728682518
Edison Publino (UP_ALTOADDA_1),46.150244,9.818459,-0.3973861932754516
Edison Sonico,46.161206,10.352905,-0.4018248915672302
Edison VEDELLO (UP_ALTOADDA_1),46.15944,9.929995,-0.4746654331684112
Edison VENINA (UP_ALTOADDA_1),46.1608,9.9238,-0.4469054639339447
Edison ZAPPELLO (UP_ALTOADDA_1),46.159346,9.930337,-0.4838005006313324
Edolo UP_EDOLO_1 - Edolo Pumped Storage Hydroelectric Power Plant Italy,46.172153,10.344367,-0.3822290599346161
Entracque rovina UP_ETQ_ROVINA_1 - Entracque Chiotas-Piastra Pumped Storage Power Plant Italy,44.22573,7.39012,-0.1620731800794601
Fadalto UP_FADALTO_1,46.028439,12.300677,-0.4101610481739044
Farfa,42.2181,12.6929,-0.5065405964851379
Farigliano,44.509523,7.912195,-0.2437963932752609
Farneta,44.3616,10.5816,-0.4649258852005005
Fedio,44.315526,7.298728,-0.2487517893314361
Fenestrelle,45.03594,7.049409,-0.2906997203826904
Fondovalle,46.376886,8.425713,-0.3123109936714172
Forno zoldo,46.34083333,12.20111111,-0.4103034138679504
Fucine,45.239148,7.375412,-0.4741079211235046
Furlo,43.683959,12.644054,-0.3484820127487182
GALLETO,42.5427,12.7208,-0.4345179796218872
Gallicano,44.057349,10.4452,-0.4774211943149566
Gardona,46.597121,11.530879,-0.2864599227905273
Gargnano UP_GARGNANO_1,45.703881,10.686097,-0.211570456624031
Gaudalami - Piana degli Albanesi,37.9937488,13.2882915,-0.3902603089809418
Gerosa,42.957348,13.412282,-0.4093000888824463
Goglio devero,46.260882,8.320213,-0.3737604022026062
Gordona,46.292293,9.365335,-0.3983941972255707
Gravedona,46.146389,9.300937,-0.501591682434082
Gressoney,45.829667,7.82321,-0.3230025768280029
Grigno,46.016007,11.636892,-0.3698930740356445
Grosotto Boscaccia,46.283001,10.259756,-0.321778655052185
Hone,45.613561,7.738513,-0.3330557644367218
Isola palanzano,44.437255,10.194488,-0.4283679723739624
Isola serafini,45.089969,9.93657,-0.4420615136623382
Isolato Madesimo,46.443199,9.335009,-0.2304481863975525
Isolato spluga ISOLATO SPLUGA,46.443064,9.334613,-0.2780442833900451
Istrago,46.110463,12.880402,-0.373506486415863
Lana UP_LANA_1,46.6073775,11.1613274,-0.3043922483921051
Lanzada UP_LANZADA_1,46.268585,9.877013,-0.4218319356441498
Lappago,46.890931,11.860181,-0.35872283577919
Lasa,46.616614,10.700159,-0.3229836821556091
Lazzaro,43.69076,12.812658,-0.4573149383068084
Le piane,44.142257,11.163814,-0.4071643650531769
Levane,43.552147,11.588433,-0.4864957928657532
Ligonchio ozola,44.316254,10.341393,-0.4865032136440277
Lovero,46.23777778,10.21527778,-0.5508530735969543
Malga ciapela,46.43392,11.976792,-0.3551793992519378
Mallero,46.168995,9.869149,-0.2640555799007416
Mandela,42.025524,12.996287,-0.4618318378925323
Mantelera,45.929593,10.308663,-0.4469897449016571
Marlengo,46.65261772,11.14545822,-0.3838859498500824
Masino,46.164292,9.644944,-0.4613918960094452
Mazzunno ,45.91083333,10.12388889,-0.4740592241287231
Maën Cignana,45.868104,7.6147242,-0.3063903152942657
Maën Perreres,45.8717692,7.6067958,-0.4404604434967041
Meduno,46.2180556,12.7980556,-0.4515979588031769
Mese UP_MESE_1,46.304613,9.376503,-0.3797707557678222
Molare,44.613917,8.606257,-0.4286283552646637
Moline,46.058609,11.786595,-0.4315103590488434
Monastero,46.171791,9.430139,-0.4522473216056824
Montelungo,41.405919,13.985517,-0.4955151975154876
Montjovet,45.707963,7.67411,-0.3232672214508056
Montorio UP_MONTORIO_1,42.58555556,13.70888889,-0.5199304819107056
Morasco,46.376886,8.425713,-0.3123109936714172
Morino,41.87305556,13.45583333,-0.5080298781394958
Mucone,39.4716,16.4056,-0.5094069242477417
Muschioso,44.295555,10.570198,-0.4572858810424804
Muzzone Coghinas ,40.719766,9.101024,-0.4731318354606628
Naturno UP_CNTRLNTRNO_11,46.651148,10.993403,-0.3362100124359131
Nazzano,42.20055556,12.61138889,-0.2346615046262741
Nembia,46.076602,10.908474,-0.3275876641273498
Nove,45.9766667,12.3033333,-0.4586300253868103
Nus,45.7395178,7.4459142,-0.2532728612422943
Orichella Timpagrande Calusia UP_ORTICA_1,39.17553,16.780345,-0.5181559324264526
Orte,42.517131,12.523069,-0.4931314587593078
Ozieri Monte Lerno,40.585962,9.001224,-0.4000180661678314
Paisco,46.030996,10.345862,-0.360257476568222
Palazzo,39.799101,15.90748,-0.465742290019989
Palazzolo sull'Oglio,45.61888889,9.90111111,-0.2831960916519165
Pallanzeno,46.04202073,8.259487152,-0.396930068731308
Pantano d'avio,46.178199,10.329159,-0.3746538460254669
"Paterno' c,le",40.2333333,15.2333333,-0.4839108288288116
Pedesina,46.08189,9.549444,-0.3860128223896026
Pelos,46.5041667,12.4736111,-0.5163540840148926
Penna,43.417645,11.723338,-0.4715752899646759
Perreres,45.876066,7.624305,-0.2638190984725952
Pescara,42.213736,13.913504,-0.4052715301513672
Pian della rocca,43.978948,10.545703,-0.538306713104248
Piedimulera,46.02408493,8.258972168,-0.4110782146453857
Pietraporzio,44.343724,7.035322,-0.2981977462768554
Pieve vergonte,46.012976,8.260816,-0.4591724574565887
Pizzone,41.672525,14.036415,-0.5055007934570312
Pont st. martin,45.595361,7.794514,-0.3397637903690338
Pont ventoux,45.141299,6.962786,-0.4615361392498016
Ponte Vizzà,44.250215,9.679784,-0.404537558555603
Ponte annibale,41.099714,14.220126,-0.4118157625198364
Ponte gardena,46.597121,11.530879,-0.2864599227905273
Ponte malon,46.5555556,12.4380556,-0.5528894662857056
Ponte marm,46.376886,8.425713,-0.3123109936714172
Pontecorvo,41.382916,13.686911,-0.4431003034114837
"Poschiavino c,le",46.203898,10.133854,-0.3777860105037689
Pracomune,46.5478079,11.0070771,-0.4327707886695862
Prati vizze,46.85,11.3833333,-0.4142397046089172
Predazzo,46.308814,11.599686,-0.2418552786111831
Premesa,46.56662,11.56098,-0.2985865771770477
Presenzano UP_PRESENZAN_1 - Presenzano (Domenico Cimarosa) Pumped Storage Power Plant Italy,41.380906,14.09146,-0.1737948656082153
Provvidenza UP_PROVVIDEN_1,42.511133,13.410606,-0.5487769842147827
Quart,45.740261,7.466604,-0.2976116836071014
Quero,45.921807,11.9315,-0.4040335416793823
Quincinetto,45.56296,7.807315,-0.3868411481380462
Radicone Troina,37.829642,14.576644,-0.3097148835659027
Regoledo,46.135091,9.551643,-0.41009521484375
Resio,45.925692,10.250862,-0.4091969132423401
Rio pusteria,46.8333333,11.6166667,-0.3128154873847961
Rio riva,46.920333,11.954483,-0.333818107843399
Riva garda nuovo,45.883103,10.837735,-0.3931159675121307
Roncovalgrande UP_RONCOVALG_1PS - Roncovalgrande Pumped Storage Power Plant Italy,46.067588,8.731877,-0.2571036517620086
Rovesca,46.060376,8.114612,-0.3144444823265075
"S,silvestro",46.149311,11.789193,-0.4222773313522339
S. floriano UP_SFLORIANO_2,46.290466,11.245401,-0.4460825622081756
S.fiorano,46.049856,10.351457,-0.1513434797525406
S.massenza - Vezzano molveno UP_S MASS CL_1,46.067653,10.983605,-0.2972591817378998
Sagittario nuovo,41.99383,13.803905,-0.4453174173831939
Saint-Clair,45.7425728,7.6221486,-0.3810911476612091
Salbertrand - Chiomonte,45.12167,6.979784,-0.4268838465213775
Salisano,42.259328,12.745778,-0.4546232521533966
Salsominore,44.643854,9.496569,-0.445859283208847
Sampeyre,44.579631,7.184521,-0.2833998501300812
San Michele Caroso Borzonasca,44.42463,9.395171,-0.4598937630653381
Sanfront,44.647034,7.321022,-0.4040138125419616
Sarentino,46.64352,11.355774,-0.3063190877437591
Satriano,38.666883,16.481205,-0.4082547724246979
Saviner,46.43392,11.976792,-0.3551793992519378
Seled glorenza SELED GLORENZA,46.6879187,10.5465492,-0.3351088166236877
Sendren,45.775066,7.826612,-0.3024927973747253
Signayes,45.73736,7.316601,-0.2240574210882187
Sistema Alto Flumendosa Bau Muggeris Sa Teula,39.9622222,9.5055556,-0.3708811104297638
Somplago UP_TAGLIAMENTO_1,46.343237,13.067161,-0.3701196908950805
Sondrio UP_SONDRIO_1,46.173,9.8876,-0.4051080644130707
Sorio nuova,45.44213,12.34014,-0.49986732006073
Sospirolo,46.1394444,12.0677778,-0.5548002123832703
Soverzene UP_SOVERZENE_1,46.201029,12.302334,-0.3946119248867035
Sperando,44.027651,10.765107,-0.5220180749893188
Spigno Monferrato,44.539551,8.338876,-0.3573215901851654
Stanga,46.1111111,12.1002778,-0.5413761734962463
Stazzona,46.203898,10.133854,-0.3777860105037689
Storo,45.84924956,10.58022022,-0.439877986907959
Suio,41.240815,13.932818,-0.3775960803031921
Suviana,44.170457,11.088812,-0.4941859245300293
Taio S.Giustina Mezzocorona UP_NOCE_1,46.326132,11.063244,-0.2699768543243408
Taloro (Gusana - Cucchinadorza - Benzone) UP_TALORO1_1 - Tumuele Baddu Ozzana,40.127148,9.140644,-0.3715443909168243
Tanagro,40.543612,15.44886,-0.4540415108203888
Teglia,44.375151,9.878882,-0.4420621991157532
Telessio - Eugio - Rosone,45.433313,7.417422,-0.4387409090995788
Tirso,40.032651,8.896729,-0.5243579149246216
Torbole UP_TORBOLE_1,45.882608,10.882742,-0.3415363132953644
Tornavento,45.59677,8.754735,-0.486118346452713
Torrent,45.682972,8.708733,-0.5113739371299744
Torrite,44.12125,10.404598,-0.4639480113983154
Triano,42.360941,14.138007,-0.2604260146617889
Tusciano,40.657211,15.02305,-0.3904393911361694
UP_SGIACOMO_3,42.553001,13.556,-0.4767540991306305
Val noana,46.149311,11.789193,-0.4222773313522339
Valpelline UP_VALPELLIN_1,45.825196,7.333163,-0.3813310861587524
Vaprio D'Adda,45.576941,9.535214,-0.1493489891290664
Varzo,46.20668,8.252412,-0.4010855257511139
Venamartello,42.769944,13.410185,-0.4026554822921753
Venaus UP_VENAUS_1 (Venasco),45.161887,7.008396,-0.3309661746025085
Verampio,46.210781,8.320614,-0.3146711885929107
Verres,45.666562,7.689111,-0.3137227594852447
Villa,41.961334,14.342717,-0.4456569850444793
Villa rinaldi,46.0347222,12.6791667,-0.4488770365715027
Vinadio,44.309025,7.176025,-0.3970139324665069
"Vizzola t,",45.6317,8.6865,-0.5027726292610168
Vobarno,45.640087,10.503473,-0.3830927014350891
Volturno,41.625824,14.089016,-0.495221197605133
Zevio,45.372086,11.129292,-0.4148323237895965
Zuino,45.712165,7.882814,-0.3330892026424408
HC LUMBARDHI 1 2 Belaja DECANI,42.58880928,20.17900745,-0.5214695334434509
Ujmani,42.940311,20.652053,-0.1035311669111251
Kegums hpp Kegums HPP - Kegums Hydroelectric Power Plant Latvia,56.7405,24.7113,0.1047490239143371
Plavinas hpp Plavinas HPP - Plavinas Hydroelectric Power Plant Latvia,56.583,25.2394,0.0475422739982605
Riga HPP,56.94600412,24.10589218,-0.203242227435112
Kaunohe Kauno KHE------HA1 - Kaunas Hydroelectric Power Plant Lithuania,54.87414,24.0,0.0815571993589401
Kruonis & extension Kruonio KHAE-----HA1 - Kruonis Pumped Storage Hydroelectric Power Plant Lithuania,54.797866,24.248169,-0.3940248191356659
Hydropower Plant CHE-Costesti,47.8381,27.2246,-0.0793066397309303
Hydropower Plant Dubasari,47.2778,29.123,0.0747485980391502
HE Glava Zete,42.6,18.98,-0.5379900932312012
Perucica Hydroelectric Power Plant Montenegro - Perucica Hydroelectric Power Plant Montenegro,42.6718,18.9951,-0.5451849102973938
Piva_G1 - Piva (Mratinje) Hydroelectric Power Plant Montenegro,43.272999,18.841999,-0.251429945230484
Globocica (Crn Drim) Hydroelectric Power Plant Macedonia,41.3371,20.6347,-0.4043984413146972
Kalimantsi Hydroelectric Power Plant Macedonia - Kalimantsi Hydroelectric Power Plant Macedonia,41.97115,22.57809,-0.5206862092018127
Kozjak Hydroelectric Power Plant Macedonia - Kozjak Hydroelectric Power Plant Macedonia,41.8792,21.1921,-0.3152289688587188
Matka Hydroelectric Power Plant Macedonia - Matka Hydroelectric Power Plant Macedonia,41.9528,21.2982,-0.4778658151626587
Raven Hydroelectric Power Plant Macedonia - Raven Hydroelectric Power Plant Macedonia,41.7791,20.8563,-0.4310497045516968
Spilje Hydroelectric Power Plant Macedonia,41.4936,20.5054,-0.5237131118774414
Sveta Peka Hydroelectric Power Plant Macedonia - Sveta Peka Hydroelectric Power Plant Macedonia,41.9249,21.2647,-0.4510592818260193
TIKVES G1 - Tikves Hydroelectric Power Plant Macedonia,41.404999,21.936001,-0.4415628910064697
VRUTOK G1 -  Mavrovo Vrutok Hydroelectric Power Plant Macedonia,41.771,20.84,-0.5217598676681519
Vrben Hydroelectric Power Plant Macedonia - Vrben Hydroelectric Power Plant Macedonia,41.7166,20.7219,-0.489697128534317
Aall-Ulefoss,59.281502,9.253044,-0.2788426280021667
Adamselv,70.409578,26.701878,-0.4577459990978241
Alta krv,69.717916,23.795677,-0.5217306017875671
Andåsfossen,65.822425,13.259879,-0.446870893239975
Askerudfoss,60.20311,10.342111,-0.2542541623115539
Aunfoss,64.610022,12.578041,-0.2597787976264953
Aura,62.664258,8.514969,-0.5282085537910461
Aurland II H,60.805201,7.377305,-0.5125547647476196
Aurland II L,60.804331,7.378572,-0.4911781251430511
Aurland III,60.798131,7.571407,-0.4215090274810791
Aurland IV (Vangen),60.901828,7.178971,-0.4034450054168701
Aurland V (Reppa),60.804002,7.35285,-0.146125853061676
Bagn,60.827132,9.548789,-0.5531041026115417
Bardufoss,69.043788,18.589681,-0.429691880941391
Befring,61.609102,6.635326,-0.3600444197654724
Begna,60.202559,10.249582,-0.4639343619346618
Bele,63.017618,8.527644,-0.4956483542919159
Bergerfoss,60.227748,10.376135,-0.2695070505142212
Bergsbotn,69.433207,17.483038,-0.231877863407135
Bergselva,69.299368,19.985893,-0.2093162089586258
Bergstø,59.906073,6.497474,-0.4555338025093078
Berild,62.447595,7.487445,-0.4244397580623626
Berlifoss,58.945844,8.482479,-0.5445483922958374
Bingsfoss,59.989971,11.264708,-0.2975976169109344
Bjelland,58.405782,7.523531,-0.4180411100387573
Bjerka,66.062707,13.997822,-0.4789668917655945
Bjordalen,59.674243,8.558921,-0.4175834059715271
Bjølvo,60.440065,6.406111,-0.5498226284980774
Bjørdal,62.134077,6.298791,-0.42058926820755
Bjørgelva,69.144622,17.945353,-0.2202460467815399
Bjørkåsen,68.327861,16.786002,-0.4985105991363525
Bjørndalen,61.821713,5.799066,-0.4592155814170837
Bjørndalselva,61.5096,6.287082,-0.4106612801551819
Blådalselva,60.764629,5.385733,-0.4638460874557495
Blåfalli III H,59.874602,6.073856,-0.5490056276321411
Blåfalli III L,59.874725,6.074131,-0.5461607575416565
Blåfalli IV,59.930933,6.197613,-0.4868936538696289
Blåfalli V,59.919097,6.187562,-0.4927768111228943
Blåfalli Vik,59.844023,5.994117,-0.4264765679836273
Boen Foss,58.245048,8.1401,-0.1963446140289306
Bogna,64.228736,12.025878,-0.3980262577533722
Borgund,61.061044,7.822617,-0.4244745075702667
Borregaard,59.276365,11.129869,-0.1316835433244705
Braskereidfoss,60.706254,11.791752,-0.1381424069404602
Aurland I,60.8525,7.300704,-0.2491042464971542
Bratsberg,63.357887,10.447937,-0.4900939464569092
Brattingfoss,64.046234,11.082015,-0.4383618235588074
Brattset,62.802952,10.017076,-0.3669578731060028
Breiava,59.159053,6.612866,-0.5476694703102112
Breivikelva,67.054756,14.478863,-0.3923935890197754
Brokke,59.12481,7.5063,-0.4180615246295929
Brulandsfoss,61.435682,5.915368,-0.3424247503280639
Brunstad,62.284418,6.67713,-0.3953374326229095
Bruvollelva,64.266277,12.294282,-0.4738503992557525
Brødbølfoss,60.033452,12.371142,-0.456836462020874
Byafossen,64.038142,11.552689,-0.361813873052597
Byrkjelo,61.733639,6.508575,-0.3794152438640594
Byrte,59.496878,7.829058,-0.3424572646617889
Båtsvatn,68.090128,17.716649,-0.5051621198654175
Bøhnsdalen,60.286995,11.194128,-0.3610210418701172
Bøylefoss,58.596229,8.716276,-0.3156163096427917
Daja,67.082708,16.055171,-0.4172744154930115
Dale (Volda),62.063379,5.926892,-0.3931479454040527
Dale II,60.581955,5.823857,-0.4723266661167145
Dalelva,60.12831,6.233554,-0.3233269155025482
Dalsfos,58.96678,9.313175,-0.4505052268505096
Dalvatn,59.690494,6.570213,-0.478238582611084
Dauremål,61.829094,5.78213,-0.4134920537471771
Deveggåe,60.251962,8.83648,-0.4355173707008362
Dittielva,68.656321,18.784474,-0.4189344644546509
Dividalen,68.875556,19.560557,-0.3869267106056213
Djupdal,59.939501,9.339152,-0.4033373892307281
Dokka,60.810641,10.135008,-0.2999938130378723
Dokkelva,62.679671,8.137279,-0.5238023400306702
Dragefossen,67.023919,15.321611,-0.4525831937789917
Driva,62.627288,8.893746,-0.494549423456192
Duge,59.128899,6.892177,-0.3960728645324707
Duvedalen,60.960885,5.48906,-0.4723324179649353
Dversetelva,67.161093,15.405711,-0.4080149829387665
Dynjanfoss,58.951934,8.394045,-0.5538330078125
Dyrdalselva,61.116097,6.01307,-0.4463959038257599
Dyrnesli,61.204094,5.811217,-0.3795664608478546
Døla,63.951327,11.65664,-0.4649428725242615
Døvikfoss,59.885624,9.909036,-0.3725195825099945
Egge,61.683966,6.521126,-0.4206061065196991
Eid,60.720717,9.713376,-0.3075953722000122
Eidefossen,61.8037,9.303697,-0.3321166634559631
Eidsdal,62.225603,7.143688,-0.4146091938018799
Eidsfoss,59.297123,9.219933,-0.4338999986648559
Eidsfossen,61.756715,6.245702,-0.2567358911037445
Eikelandsosen,60.255341,5.74083,-0.5035847425460815
Einunna,62.231331,10.342027,-0.3944920301437378
Eiriksdal,61.238651,6.159359,-0.2831591665744781
Ekkjestølen,59.791456,6.767096,-0.4995760321617126
Eldao,61.46122,7.03845,-0.3868388533592224
Eldrevatn,61.01993,8.127023,-0.5264748334884644
Ellenelva,69.380694,19.644744,-0.3941682875156402
Embretsfoss,59.902164,9.925332,-0.386553406715393
Engeset,62.264103,6.860074,-0.4213797748088836
Evanger,60.662252,6.118739,-0.5015818476676941
Evenstad,58.543204,8.673748,-0.3656237721443176
Fagerli,67.116045,16.067266,-0.4008241593837738
Fagervollan,66.375658,13.657311,-0.4601514637470245
Fall,60.678333,10.352728,-0.4773334562778473
Faslefoss,60.958423,9.300065,-0.4236884713172912
Fausa II,62.357548,6.894803,-0.3260820209980011
Fellesanlegget Kykkelsrud-Fossumfoss,59.579898,11.100725,-0.0895136445760726
Finndøla,59.187073,8.039687,-0.5458394289016724
Finså,58.65991,6.698752,-0.4363171756267547
Fiskløysa,64.465473,14.03276,-0.34925377368927
Fivelandselva,59.674717,6.418735,-0.4911212027072906
Fjellet,59.400865,9.550383,-0.5176857113838196
Fjelna,63.199304,9.006507,-0.4960756301879883
Fjone,59.21679,8.451892,-0.4337985217571258
Fjæremsfoss,63.321965,10.436126,-0.4705137610435486
Flatenfoss 2,58.629922,8.688104,-0.28678759932518
Flatenfoss 3,58.629862,8.687982,-0.2668591439723968
Flittig,59.323002,9.53647,-0.4691020548343658
Flørli,59.010982,6.445127,-0.3282515704631805
Follafoss,63.986371,11.094741,-0.4172172248363495
Follsjå,59.659779,9.213667,-0.4725974500179291
Forneselva,69.596644,19.903016,-0.1617642045021057
Forsanvatn,67.950665,15.654038,-0.3962188065052032
Forsland,66.074163,13.047689,-0.0781186297535896
Forså,66.951346,14.2253,-0.4331742823123932
Fossan,63.027127,11.70028,-0.5232137441635132
Fossbråten,60.976724,9.295138,-0.3789820969104767
Fossheim,61.579621,6.502653,-0.3792645931243896
Fossmark,58.976905,6.24297,-0.4961552619934082
Framruste,61.937434,7.886853,-0.2650034427642822
Fritzøe,59.052673,10.018279,-0.2960087656974792
Frøland,60.384643,5.806852,-0.4338259696960449
Frøystul,59.824603,8.345011,-0.5129976868629456
Funna,63.440244,11.742539,-0.4609368145465851
Funnefoss,60.167127,11.529376,-0.3701025247573852
Furegardane,60.636372,6.17251,-0.3361216187477112
Furset,62.282863,6.884733,-0.4531244039535522
Fykanvannet,66.796795,14.000749,-0.2412884086370468
Gamlebrofoss,59.657714,9.651615,-0.3372564315795898
Gandvik,70.014732,29.115253,-0.4005569219589233
Gaudøla,62.685993,8.416823,-0.4169670939445495
Gaula,62.802846,11.370119,-0.3455353379249573
Gausbu,59.367561,7.892581,-0.4589966833591461
Gausvik I,68.608998,16.493108,-0.4720466732978821
Geithusfoss,59.928859,9.963443,-0.3937725126743316
Geitåni,60.649557,6.007385,-0.4612208902835846
Gire,60.501992,9.136954,-0.4844702780246734
Gisnafallet,62.694766,9.941145,-0.4378129541873932
Gjerdsvika,62.256071,5.583926,-0.3781889677047729
Gjesdal,61.487222,6.120527,-0.4155020117759704
Gjetingsdalen,60.138493,6.240125,-0.4304590821266174
Gjuva,60.929668,8.422985,-0.4286166131496429
Gjønaelva,60.260097,5.865826,-0.4902435541152954
Glomfjord,66.796875,14.000939,-0.2558410763740539
Gosland,60.608276,6.344046,-0.4022772908210754
Govddesåga,66.923648,14.393596,-0.5775861144065857
Grana,62.915995,9.680167,-0.5322559475898743
Gravfoss I,59.931023,9.945466,-0.4038016498088836
Gravfoss II,59.929421,9.946417,-0.2551231384277344
Gresslifoss,63.053018,11.489542,-0.3670046329498291
Grunnåi,59.517958,8.671041,-0.4166938364505768
Grytendal,65.184825,12.798047,-0.4981363415718078
Grytneselva,62.723486,8.114792,-0.3322128355503082
Gryto,60.414314,6.25049,-0.4388055801391601
Grytten,62.500671,7.776139,-0.3549928069114685
Grytåga,65.803544,12.72901,-0.2924340665340423
Gråsjø,62.933703,9.125257,-0.3491354286670685
Grøa,62.639218,8.730667,-0.3740791082382202
Grønsdal,60.44001,5.860706,-0.4923790097236633
Grønvollfoss,59.658549,9.207749,-0.3902543187141418
Grøslandselva,60.417901,9.375481,-0.4291550815105438
Grøvla,61.499777,5.975762,-0.3919223546981811
Gudåa,63.438872,11.616029,-0.360838919878006
Hafslund,59.274985,11.129381,-0.0181869752705097
Hakavik,59.624806,9.953291,-0.4056253731250763
Hammeren,59.996669,10.749974,-0.4540113806724548
Hanefoss,58.530183,8.334636,-0.5147963762283325
Hardeland H,59.657666,6.096468,-0.4303215742111206
Hardeland K,59.657561,6.096339,-0.4169667065143585
Harpefossen,61.581624,9.842172,-0.4753987789154053
Hatlestad,61.384128,6.737623,-0.1345253884792328
Haugafossen,60.28032,6.264236,-0.4388823211193084
Haugfoss,59.913781,9.885792,-0.3775867819786072
Haukeli,59.732555,7.544277,-0.3971169292926788
Haukland,58.465032,6.544322,-0.4833312630653381
Haukrei,59.204847,7.835123,-0.4464562535285949
Heggmoen,67.355703,14.8518,-0.4575976431369781
Hegsetfoss,63.164753,11.231371,-0.4005037844181061
Hekni,58.996124,7.54686,-0.4307016730308532
Helganes,59.499145,6.57497,-0.4586831033229828
Helgheim,61.561844,6.403492,-0.4276735484600067
Helgåa,62.061383,5.752021,-0.3341859877109527
Hellandsfoss,60.83077,5.881864,-0.3156907558441162
Hellandsfossen,60.832358,5.883056,-0.4543724060058594
Hellefoss,59.787085,9.900813,-0.0567530021071434
Hellifossen,65.066945,12.3519,-0.4199353456497192
Hemsil I,60.802417,8.638246,-0.5176090598106384
Hemsil II,60.705018,8.969284,-0.5208255648612976
Hensfoss,60.208303,10.239006,-0.2864526808261871
Herand,60.346716,6.404039,-0.4335373640060425
Herje,62.668789,7.532345,-0.4093188047409057
Herva,61.565819,7.86585,-0.3960879445075989
Hesjeberg,68.730314,17.470616,-0.4182171821594238
Hinøgla,61.495152,9.278089,-0.3384036719799042
Hisvatn,58.609254,6.895574,-0.5114669799804688
Hjartdøla,59.608253,8.713219,-0.5789443254470825
Hjelmeland,59.223845,6.219298,-0.460068792104721
Hodnaberg,60.55784,6.211286,-0.3580809235572815
Hofsfoss,60.185024,10.241127,-0.213012009859085
Hogga,59.310502,9.045155,-0.4345508813858032
Hogstad,59.321348,9.657249,-0.4887100458145141
Hol I (Urunda),60.62675,8.181679,-0.3636074066162109
Hol I (Votna),60.626677,8.182144,-0.3647602796554565
Hol II,60.611234,8.26258,-0.4177529811859131
Hol III,60.58293,8.404554,-0.4381665587425232
Holen,61.355592,7.086449,-0.3059461712837219
Holen I-II,59.353128,7.247817,-0.4834662079811096
Holen III,59.353127,7.247782,-0.4836741089820862
Holmen,60.849199,6.722972,-0.4576916992664337
Holsen,61.419767,6.158174,-0.4187025427818298
Hommelfoss,60.900223,5.617947,-0.4872836470603943
Hopland,61.863325,6.321515,-0.2619720697402954
Hopselva,60.31221,5.669692,-0.5425719022750854
Hovatn,58.983853,7.67232,-0.4726194739341736
Hove,61.066514,6.589224,-0.4464967846870422
Hovland,61.593455,5.443195,-0.4790329933166504
Hunderfossen,61.219683,10.439034,-0.4220897555351257
Hunsfoss,58.265174,7.966342,-0.3238952159881592
Hylen,59.557855,6.602344,-0.4093962907791137
Hynna,63.057755,11.43934,-0.3593483865261078
Håen,63.113494,10.478311,-0.4499934017658233
Håkvik,68.403304,17.42153,-0.1690489202737808
Hålandsfoss,61.330877,5.413983,-0.4573509395122528
Håvardsvatn,60.10165,6.913308,-0.486239343881607
Håverstad,58.505942,7.417104,-0.4310354590415954
Høgefoss,58.951596,8.517097,-0.478150874376297
Hønefoss,60.169989,10.25448,-0.2070512622594833
Høyanger K5A,61.21888,6.063321,-0.3521871864795685
Høyanger K5B,61.218822,6.063635,-0.3160045444965362
Høylandsfoss,58.281282,6.815432,-0.490069717168808
Ildgrubfossen,66.300896,14.350961,-0.3923211991786957
Imsland,59.478233,5.990793,-0.4673959910869598
Innset,68.659576,18.824753,-0.5014594793319702
Istad,62.805201,7.700295,-0.3968877494335174
Iveland,58.390377,7.894692,-0.3365900814533233
Jordal,62.754863,8.315464,-0.4611529409885406
Jordalen 2,60.869995,6.724412,-0.4293180704116821
Jostedal,61.520817,7.308742,-0.4668171405792236
Jukla,60.191554,6.389272,-0.498964250087738
Julfoss,63.41285,10.944374,-0.5548264384269714
Julskaret,63.140481,10.968042,-0.3893904685974121
Juvfossen,62.246257,6.890173,-0.4245995581150055
Jørundland,58.906297,8.22607,-0.5497189164161682
Jøssang,59.002831,6.081567,-0.4873009324073791
Jøssingfjord,58.326221,6.351906,-0.2298609167337417
Kaggefoss,59.947544,9.934564,-0.4705648422241211
Kaldestad,60.364247,6.150254,-0.2715705931186676
Kaldsåni,59.540832,7.33328,-0.3970153927803039
Kalvedalen,61.258271,8.757071,-0.5299189686775208
Kandal,61.671548,6.379287,-0.3792918026447296
Kangsliåga,66.148018,13.850365,-0.3720901012420654
Kanndalen,62.675889,8.157595,-0.3942945003509521
Kaupanger 3,61.198121,7.224067,-0.2608955204486847
Kildalen,69.665984,21.10666,-0.457459807395935
Kinnforsen,66.127928,13.61361,-0.1253820359706878
Kinso,60.351842,6.757931,-0.3760523498058319
Kiste,59.242816,9.811942,-0.4957849681377411
Kjela,59.736731,7.434555,-0.4911782741546631
Kjeldalselva,69.290812,19.910354,-0.4048234522342682
Kjensvatn,66.057335,14.243865,-0.3675231337547302
Kjosfoss,60.747019,7.134844,-0.4015747904777527
Kjøsnesfjorden,61.511812,6.60963,0.0109174819663167
Kleiva,59.739328,6.518956,-0.5096592903137207
Klosterfoss,59.198381,9.609542,-0.3172136843204498
Kløvtveit,60.976254,5.280915,-0.3119751513004303
Knutfoss,64.522753,12.426384,-0.4685176610946655
Kobbelv,67.621621,16.007076,-0.4444126486778259
Kobbholm,69.762373,30.706416,-0.0997171252965927
Kolsvik,65.209196,12.796868,-0.4305142164230346
Kongsfjord I,70.598729,29.057905,-0.4565165936946869
Kongsfoss,59.89513,9.911384,-0.450664758682251
Kongsvinger,60.202822,11.892736,-0.2275936752557754
Kopa,62.033469,6.39558,-0.302643746137619
Krogstadelva,68.884472,18.420259,-0.492401659488678
Krokevatn,60.983711,5.698632,-0.4184800386428833
Kuli,58.716285,6.632243,-0.5156491994857788
Kulu,60.616102,8.534165,-0.4647795855998993
Kupe,61.639534,5.098009,-0.2953845560550689
Kuråsfoss,62.673965,11.454045,-0.4617789089679718
Kvanndal,59.658147,6.985079,-0.33537557721138
Kvannvatn,66.417748,14.522988,-0.3038039207458496
Kvassteinåga,66.127891,13.572895,-0.3209244608879089
Kvemma,61.042128,7.767102,-0.4207882881164551
Kvilldal,59.526995,6.658841,-0.2793373465538025
Kvinen,58.935618,7.088094,-0.4824953973293304
Kvitno,60.174717,6.546339,-0.4187427759170532
Kvittingen,60.464284,5.915178,-0.5043787360191345
Kvænangsbotn,69.720002,22.057216,-0.4121424853801727
Kåven,70.117984,22.796744,-0.3494065403938293
Lakshola,67.451702,15.742424,-0.5650995373725891
Lang-Sima,60.507421,7.140704,-0.5344852209091187
Langdalselva,70.026561,22.099499,-0.4672524034976959
Langedal,61.563993,5.572292,-0.4789707958698272
Langedalen,62.072866,6.799832,-0.4165657162666321
Langfjord,65.375988,12.699796,-0.4231720566749573
Langfoss,58.901719,9.337977,-0.4757001996040344
Langvatn,66.336842,14.166999,-0.4476637840270996
Lassajavrri,69.658857,22.217542,-0.4745785295963287
Laudal,58.244885,7.515696,-0.5093844532966614
Lavkajohka,69.235588,20.523863,-0.5093525052070618
Leikanger,61.204764,6.708265,-0.5009059309959412
Leinafoss,60.831726,7.118358,-0.3513606488704681
Leirdøla,61.4371,7.23479,-0.5098322033882141
Leirelva,66.044449,14.063713,-0.5117385983467102
Leirfossene,63.372365,10.404037,-0.5327020287513733
Leiro,60.406628,7.376671,-0.3256773948669433
Leiråa,65.327052,12.918319,-0.423006147146225
Leknesvatn,61.434683,5.35534,-0.4733448624610901
Lindland,58.358826,6.300171,-0.4879811406135559
Linvasselv,64.652493,13.786226,-0.4188162088394165
Lio,59.465161,7.932223,-0.5625826120376587
Lislevatn,58.57946,7.967914,-0.4785307049751282
Litj-Hena,63.04971,11.487127,-0.3519787192344665
Litjfossen,62.662417,10.139673,-0.4007069766521454
Litledalen,59.663476,6.065529,-0.3630064129829407
Logna,58.763639,7.51007,-0.4692130386829376
Lomen,61.140411,8.881986,-0.4725766479969024
Lomi,67.120911,16.120824,-0.4779945313930511
Lutufallet,61.065634,12.581802,-0.3179093301296234
Lya,60.664311,8.680959,-0.4588575065135956
Lysebotn 2,59.065338,6.632272,-0.5609721541404724
Lysvatn,66.875106,13.84261,-0.2819277346134186
Løpet,61.163873,11.456755,-0.3099662065505981
Matre H,60.870058,5.596857,-0.4066774547100067
Matre M,60.872581,5.594089,-0.478815883398056
Mattisfoss,69.916531,23.013535,-0.0160003174096345
Maudal,58.764683,6.36841,-0.3480342626571655
Mauranger,60.127577,6.337427,-0.484588474035263
Mel,61.350357,6.573761,-0.2833707928657532
Mela,64.254483,12.545905,-0.4367601573467254
Melkefoss,69.399382,29.7873,-0.4333758354187011
Meråker,63.407563,11.776733,-0.385585069656372
Mesna,61.115301,10.454126,-0.3135168552398681
Middøla,59.929771,8.748934,-0.4892081916332245
Midtlæger,59.833807,6.9935,-0.4287962913513183
Midtre Tessa,61.842305,8.960191,-0.3701154291629791
Moflåt,59.883233,8.684686,-0.2590864598751068
Mosbakka,59.639354,6.298696,-0.4844816327095032
Mosvik,63.726499,10.865013,-0.4831355810165405
Muoidejohka,66.811343,14.644825,-0.4001748561859131
Mydalen,59.715441,8.699349,-0.5182785987854004
Myklebost,61.524872,6.35634,-0.3885279595851898
Mykstufoss,60.050395,9.19932,-0.5183560848236084
Myster,60.738619,5.806827,-0.479701429605484
Mågeli,60.132949,6.628084,-0.3210150301456451
Målset,60.978203,6.516092,-0.3805221319198608
Mår,59.885318,8.674014,-0.4736173748970032
Mølleelva,69.950044,23.06281,-0.3783553540706634
Mørre,63.927744,10.233434,-0.4097576737403869
Naddvik,61.176752,7.626967,-0.0331765450537204
Nea,63.032064,11.703242,-0.5146324038505554
Nedalsfoss,62.957739,12.098549,-0.4626434445381164
Nedre Bersåvatn,60.168571,6.671918,-0.3853518068790436
Nedre Fiskumfoss,64.543207,12.454644,-0.2469459027051925
Nedre Leiråga,66.441674,13.86279,-0.3247254490852356
Nedre Markevatn,61.462957,5.322115,-0.2508925795555115
Nedre Nea,63.155303,11.235879,-0.4852209091186523
Nedre Otta,61.792927,9.383549,-0.4834389686584472
Nedre Porsa,70.401409,23.627292,-0.492326945066452
Nedre Røssåga,66.052027,13.774634,-0.4623931646347046
Nedre Svultingen,61.154509,5.350066,-0.4590065479278564
Nedre Tessa 1,61.846025,8.96078,-0.3835028707981109
Nedre Tessa 2,61.846032,8.961143,-0.3839274942874908
Nedre Vinstra,61.564563,9.792926,-0.4556968808174133
Nes,60.603391,9.064691,-0.4791560471057892
Neselva,61.694729,6.373533,-0.2940261363983154
Nessane,61.13531,6.272163,-0.3373932242393493
Neverdalsåga,66.822241,13.980626,-0.4487907290458679
Niingen,68.53702,17.028627,-0.3968404829502105
Nomeland,58.356703,7.904827,-0.415467619895935
Norddalen,68.174304,17.919127,-0.4553069472312927
Nordvik,62.869929,8.622095,-0.4147509634494781
Nore I,60.267223,8.959338,-0.3189079165458679
Nore II,60.238241,9.00084,-0.402144581079483
Novle,59.831861,6.881373,-0.5303046107292175
Nybrufoss,59.667538,9.652135,-0.2114490717649459
Nybuelvi,60.553377,9.183276,-0.3713505268096924
Nye Suvdøla,59.1495,8.815056,-0.4530432522296905
Nye Verma,62.345564,8.046513,-0.3389074206352234
Nygard,60.892783,6.065015,-0.4874972701072693
Nygård,68.475637,17.626088,-0.1116295754909515
Nyset,61.163283,7.750692,-0.3400703966617584
Nørlandselva,60.822291,5.381364,-0.3981716334819793
Offervann,70.360458,26.891966,-0.2920711040496826
Oftedal I,58.542325,6.734958,-0.4746674299240112
Oftedal II,58.542997,6.709784,-0.3354891240596771
Oksebotn,60.738549,6.261966,-0.4376408755779266
Oksla,60.125942,6.568911,-0.4246481359004974
Oldereid,67.129685,14.955136,-0.2331380844116211
Oltedal,58.828059,6.055008,-0.4925522804260254
Oltesvik,58.851993,6.123135,-0.364030510187149
Ormsetfoss,63.84787,10.682239,-0.4323202073574066
Osa,61.237602,11.517878,-0.3834904730319977
Osbu,62.508165,8.473322,-0.260949045419693
Osdalen,61.992549,6.358703,-0.4689544439315796
Osen,58.662373,6.617867,-0.4812992215156555
Osfallet,61.201663,11.506418,-0.4621559679508209
Osteren,69.311689,17.166028,-0.5093050599098206
Pikerfoss,59.721147,9.594435,-0.4227297902107239
Pålsbu,60.433067,8.734342,-0.2798890173435211
Ramfoss,60.084174,9.816174,-0.4328740239143371
Rana,66.294966,14.270422,-0.4981346130371094
Rasdalen,60.636289,5.963677,-0.4497413039207458
Raukforsen,67.671732,16.060866,-0.270870566368103
Refsdal,61.021375,6.567661,-0.4447159767150879
Reinfossen,66.349608,14.342784,-0.2874141037464142
Reingardsåga,66.441763,14.259013,-0.4657057523727417
Reinset,62.804585,8.502891,-0.4254381954669952
Reinskar,66.944213,14.122051,-0.3789934813976288
Reinåga,66.037574,13.854985,-0.4035338461399078
Rekvatn,67.824218,15.993795,-0.2948957979679107
Rendalen,61.811303,11.114915,-0.4660436511039734
Reppa,66.645942,13.560479,-0.1586452573537826
Repvåg,70.773547,25.616486,-0.3578572571277618
Riksheimdal,62.340278,6.531834,-0.4702722132205963
Ringdal,62.08921,6.853629,-0.3836900293827057
Ringedalen,60.115822,6.625288,-0.444974422454834
Rognsfossen,60.632487,6.431703,-0.3302130997180938
Romøyri,61.285947,6.684627,-0.321424275636673
Rongkleiv,61.664138,5.912952,-0.4381716847419739
Roppa,61.240405,10.058534,-0.4440067410469055
Roskrepp,59.026674,7.089143,-0.5225090384483337
Rosten,61.860793,9.408787,-0.453582227230072
Rottenvik,69.600545,20.27112,-0.4628642499446869
Rusdalsåni,58.588596,6.506877,-0.4975618124008178
Rygene,58.406049,8.636195,-0.3495504558086395
Rånåsfoss,60.027536,11.323332,-0.1814034134149551
Råssåfoss,62.827032,8.701812,-0.412278264760971
Rødberg,60.263113,8.976154,-0.4209892451763153
Rødne,59.562936,5.871519,-0.4786984920501709
Røldal,59.818538,6.818576,-0.2489726245403289
Røneid,61.417,7.257286,-0.3219806551933288
Røstefoss,62.507535,11.263389,-0.4199447333812713
Røyrvikfoss,64.886275,13.562079,-0.3201670348644256
Sage,61.482112,7.440386,-0.4703890681266784
Sagefossen,61.614778,5.678216,-0.461544781923294
Sagelva,63.462784,11.512801,-0.4082248210906982
Sagevikelv,61.361474,5.561724,-0.4415163695812225
Sagfossen,67.904601,15.860028,-0.4364360868930816
Sagnfossen,61.161438,12.44547,-0.3466930687427521
Saksenvik,67.110578,15.462681,-0.3900077044963836
Salhuselva,67.805099,15.773792,-0.4301098585128784
Saltdalelva,69.515225,19.25669,-0.5161553025245667
Salvasskardelva,68.652366,18.897696,-0.218879833817482
Sama,63.111583,10.601726,-0.5120667815208435
Sarp,59.27644,11.133689,-0.1527610570192337
Saurdal,59.479142,6.692334,-0.5062391757965088
Savalen,62.185692,10.611858,-0.4714893698692322
Selselva,61.387342,5.61457,-0.5028985142707825
Sesselva,62.556419,7.161748,-0.4867827296257019
Seterkraft,62.674848,8.430747,-0.3347697854042053
Sevre,60.470494,9.22888,-0.4420287013053894
Sigdestad,61.834199,5.664874,-0.3724276721477508
Sildvik,68.397625,17.799681,-0.0972231775522232
Siso,67.323103,15.722386,-0.1182772070169448
Sjona,66.310342,13.563553,-0.5118167996406555
Sjøfossen,66.970862,14.146661,-0.2307205349206924
Sjønstå,67.19867,15.724273,-0.0105851711705327
Skagen,61.504615,7.706137,-0.3940747380256653
Skarelva,68.183906,17.306387,-0.4988351166248321
Skarg,59.350378,7.295355,-0.35252845287323
Skibotn,69.312883,20.34206,-0.377945065498352
Skjefstadfoss I,60.826503,11.610549,-0.378923088312149
Skjefstadfoss II,60.830494,11.611755,-0.284319519996643
Skjenaldfossen,63.293668,9.728589,-0.4684013724327087
Skjerdal,61.834041,5.974903,-0.3875137567520141
Skjerka,58.557967,7.367182,-0.5456017255783081
Skjomen,68.201085,17.36584,0.1667587161064148
Skjåk I,61.899278,8.227095,-0.4145903289318084
Skoddeberg,68.625246,17.260847,-0.4562042951583862
Skogfoss,69.372953,29.694029,-0.386403888463974
Skogheim,61.675014,5.783221,-0.458268404006958
Skollenborg,59.621986,9.667983,-0.4767215847969055
Skotfoss,59.207785,9.528109,-0.2229456603527069
Skravlåga,66.112053,13.53764,-0.25164794921875
Slind,63.192406,10.956678,-0.4148043990135193
Slunkajavrre,67.807909,16.115713,-0.4737248420715332
Smeland,58.669051,7.450992,-0.5659518241882324
Smådøla,61.736211,8.936282,-0.5302002429962158
Småvatna,69.684261,22.154025,-0.2780659794807434
Sokna,63.150398,10.317983,-0.4956682026386261
Solbergfoss,59.636706,11.154443,-0.0773666650056839
Solbjørn,68.004201,13.161108,-0.4543890058994293
Solhom,58.775692,7.012965,-0.554206132888794
Songa,59.779587,7.728818,-0.4528959989547729
Stakaldefoss,61.445797,6.009602,-0.4003112018108368
Standal,62.261338,6.416543,-0.4718048274517059
Stardalen,61.612472,6.548202,-0.231491133570671
Steinsfoss,58.300155,7.967539,-0.4781404435634613
Steinsland,60.923999,5.98594,-0.4141125082969665
Steinsvik,61.999557,5.854637,-0.3637256026268005
Stordal,60.960972,5.703188,-0.3662443459033966
Storelva,60.977974,5.48821,-0.4928208589553833
Storelvi,60.262074,6.624444,-0.3489487767219543
Storlia,60.390513,7.391766,-0.4903588891029358
Storlivatn,59.687516,6.521502,-0.5657886266708374
Storåselva,64.279771,12.617346,-0.4223025441169739
Storåvatn 1,66.474322,13.396543,-0.5540375709533691
Strandfossen,60.909193,11.525804,-0.3771837055683136
Straumsmo,68.73871,18.656695,-0.4683306217193603
Stølsdalselva,60.280322,6.289923,-0.4618753492832184
Suldal I,59.651863,6.824512,-0.4802606999874115
Suldal II,59.651863,6.824512,-0.4802606999874115
Sundsbarm,59.498545,8.633632,-0.4608548283576965
Sundsfjord,66.971196,14.157405,-0.3973943889141083
Svandalsflona,59.850284,6.962739,-0.5032623410224915
Svardøla,61.490419,6.983725,-0.3366487324237823
Svartdalen,60.790566,5.418863,-0.5571936368942261
Svartelva,63.637554,10.132666,-0.5222365260124207
Svartisen,66.724509,13.931344,0.0941738709807396
Svartkulp,59.729116,6.627519,-0.4616627097129822
Svean,63.279212,10.472662,-0.406768649816513
Svelgen I,61.771111,5.297622,-0.1527096778154373
Svelgen II,61.768853,5.304793,-0.3636543452739715
Svelgen III,61.716662,5.236697,-0.4187283217906952
Svelgen IV,61.768853,5.304793,-0.3636543452739715
Svelgfoss,59.582112,9.256108,-0.4782461822032928
Svorka,63.038848,8.655876,-0.379224956035614
Svorkmo,63.178053,9.772572,-0.5167700052261353
Sværen,61.281879,6.497773,-0.4121021032333374
Sy-Sima,60.506968,7.140933,-0.5230926871299744
Sylsjø,62.930266,12.151988,-0.3452799618244171
Syversætre Foss,60.62985,12.030383,-0.4256388545036316
Såheim,59.87665,8.593622,-0.222609594464302
Sædalen,60.491297,5.771373,-0.436401754617691
Søa,63.300242,9.136845,-0.4398463368415832
Søberg,65.235725,12.657184,-0.4386178851127624
Søkkunda,61.370997,11.098058,-0.3621348738670349
Sølna,62.116303,10.559259,-0.4060854911804199
Sønnå H,59.639933,6.379561,-0.5308339595794678
Sønnå L,59.639933,6.379561,-0.5308339595794678
Sørbrandal,62.166187,5.568515,-0.181926354765892
Sørdalselva,62.04192,5.701138,-0.3857551217079162
Sørfjord I,68.060656,16.668725,-0.0268790069967508
Sørfjord II,68.037607,16.690698,-0.0110361203551292
Søråni,58.849841,7.819366,-0.4509776830673218
Tafjord 1,62.226405,7.421345,-0.3114923238754272
Tafjord 2,62.205012,7.445873,-0.4402301609516144
Tafjord 3,62.149826,7.43549,-0.4032276570796966
Tafjord 4,62.232343,7.429693,-0.2698517441749573
Tafjord 5,62.195096,7.517685,0.1819233447313308
Tenneelva,62.070161,5.830044,-0.4022854268550873
Tevla,63.39412,11.913236,-0.395998477935791
Timbra,61.752008,6.585757,-0.3760332763195038
Tinfos I,59.568963,9.26405,-0.4691175818443298
Tinfos II,59.565626,9.26308,-0.3694183528423309
Tinnkraft,59.989813,8.700788,-0.4590845704078674
Tistedalsfoss,59.128023,11.43825,-0.4443759620189667
Tjodan,59.047854,6.647579,-0.2279101610183715
Tjønnefoss,58.982861,8.533434,-0.5278173685073853
Tjørhom,58.881373,6.817814,-0.5791163444519043
Tjøstheim,59.473793,6.473523,-0.4683966934680938
Tjøtaelva,61.751706,5.951292,-0.3032698333263397
Todøla,60.527584,9.177261,-0.4458885788917541
Tokke,59.445572,8.040303,-0.4984371066093445
Toklev,59.362264,9.663048,-0.5171365141868591
Tolga,62.427683,11.086361,-0.4992294907569885
Tonstad,58.658155,6.728166,-0.4739919006824493
Torpa,61.006569,10.031814,-0.434584230184555
Torsnes,60.239467,6.201726,-0.4447638690471649
Tosdalen,65.28981,13.041161,-0.3722678124904632
Tossevikelva,60.418858,10.049833,-0.3503956198692322
Toverud,60.42073,10.384411,-0.408699095249176
Trandal,62.262534,6.5004,-0.3928771913051605
Trengereid,60.428801,5.623466,-0.4929098188877105
Trollfjord I,68.362655,14.930794,-0.5814254283905029
Trollheim,63.001093,9.020321,-0.490931361913681
Trollvikelva,69.525221,20.765212,-0.3487474620342254
Tryland,58.222591,7.335344,-0.5112670660018921
Trysilfossen,61.750061,6.276408,-0.3097289502620697
Trælandsfos,58.348279,6.964348,-0.4315058588981628
Tunnsjø,64.695063,13.64173,-0.4558680057525635
Tunnsjødal,64.703361,12.836591,-0.3317630887031555
Tunnsjøfoss,64.690137,13.215878,-0.3682253658771515
Tussa,62.107524,6.57182,-0.5158467292785645
Tveitelva,60.164824,6.284669,-0.4086261093616485
Tveitereidfoss,58.924804,9.333019,-0.4678113162517547
Tverrdalselvi,61.448104,6.73452,-0.4067380726337433
Tverrelva,59.921765,5.904339,-0.4712959825992584
Tverrgjuvlo,60.717129,6.120648,-0.5311267375946045
Tverråa,65.329941,12.971645,-0.4072782695293426
Tverråga,66.044477,14.063695,-0.5124942064285278
Tverråna,59.126243,6.270145,-0.4608447253704071
Tverråni,60.588828,9.172901,-0.4320453107357025
Tya,63.032098,11.703237,-0.5165293216705322
Tyin,61.297126,7.849949,-0.413942277431488
Tyria I,61.114006,10.671124,-0.4501042068004608
Tyria II,61.124574,10.695165,-0.4278672933578491
Tysseelva,59.394732,6.216533,-0.5591283440589905
Tyssefossen,60.375235,5.758082,-0.2840602695941925
Tysseland,59.507622,6.218006,-0.3458688855171203
Tysso II,60.129931,6.641965,-0.4655045866966247
Tøsse,60.617731,5.586937,-0.4079000055789947
Uleberg,58.600174,7.673136,-0.4311859309673309
Ulefoss,64.830095,11.933663,-0.4447104632854461
Ullestad,59.1262,6.270215,-0.4613387286663055
Ulset,62.621834,10.257691,-0.4979168474674225
Ulvik II,60.575845,6.921271,-0.4609436988830566
Ulvund,62.834158,8.520459,-0.4536437392234802
Urke,62.212377,6.567568,-0.4029211401939392
Usma,62.633769,8.299117,-0.4173614680767059
Usta,60.567368,8.410259,-0.2714400589466095
Ustekveikja,60.529049,7.746783,-0.4452292919158935
Uvdal I,60.243794,8.701658,-0.3139854967594147
Uvdal II,60.257442,8.92642,-0.4736794829368591
Vafos,58.895751,9.337293,-0.374849259853363
Vaksvik,62.450298,6.895947,-0.4178816974163055
Valdra,59.727955,5.942801,-0.4805825054645538
Valen,59.82739,5.795447,-0.4881162047386169
Valken,67.119331,15.495843,-0.3358067870140075
Valsøyfjord,63.121025,8.568069,-0.2846292853355407
Vamma,59.54261,11.169893,-0.2529040277004242
Vangjolo,60.603565,6.362556,-0.3716708123683929
Vangpollen,68.611578,15.58176,-0.1183512434363365
Vanndøla,61.599953,7.292476,-0.4191980361938476
Vassenden,66.123043,13.257638,-0.5978868007659912
Vassfossen,58.661989,8.062375,-0.5255824327468872
Vasstøl,59.708008,6.857516,-0.4809145629405975
Vassvikelva,59.913941,6.528615,-0.4285162091255188
Vatne,62.140217,6.249948,-0.3834367096424103
Vedeld,62.182051,5.793378,-0.3699669539928436
Veiski,67.331657,15.976916,-0.1979307234287262
Veiteberg,61.618866,6.642294,-0.3891674876213074
Veka,59.503556,6.535517,-0.4830183684825897
Vemork,59.86944,8.493679,-0.2260525375604629
Vemundsbotn,60.857432,5.696332,-0.5125231146812439
Vengåa,62.558565,7.842979,-0.3792567849159241
Venna,63.34793,9.281183,-0.4839741587638855
Urdsdalselva,65.941912,13.064278,-0.2620078027248382
Vesle Kjela,59.787693,7.251534,-0.4939543008804321
Veslefallet,61.383113,11.142157,-0.5000050067901611
Vessingfoss,62.996363,11.826643,-0.4983132183551788
Vestfossen,59.733039,9.872011,-0.3934083878993988
Vestrebotn,60.995104,5.722891,-0.3975308835506439
Viddal,62.138258,6.611988,-0.4292995631694793
Vigelandsfoss,58.253518,7.958415,-0.2211520224809646
Vikaelva,59.793494,6.094221,-0.488650918006897
Vikeså,58.640929,6.08579,-0.4613815546035766
Vindedal,61.121005,7.330941,-0.1323496997356414
Vinje,59.625305,7.853282,-0.4723221659660339
Vinkelfallet,61.532876,10.141178,-0.4463415145874023
Virakelva,68.377169,17.123301,-0.4356784522533417
Vittingfoss,59.474488,10.004542,-0.3055272698402405
Viulfoss,60.194522,10.322398,-0.3700233995914459
Voldsetelva,63.871533,10.796528,-0.3859216868877411
Vossedalselvi,60.646363,6.10383,-0.3623853623867035
Vrangfoss,59.30235,9.203938,-0.4784707129001617
Vrenga,59.862852,9.384991,-0.4683605432510376
Vågaåna,59.49324,6.126577,-0.4391118288040161
Vågen,62.114402,6.540055,-0.403556227684021
Ylja,61.198141,8.382167,-0.4487515687942505
Ytre Alsåker,60.384801,6.499802,-0.3999680876731872
Ytre Matre,59.823114,5.987583,-0.3740144371986389
Åbjøra,60.911585,9.368901,-0.4038249552249908
Åkraelva,59.794126,6.093596,-0.4532798230648041
Åkvisla,61.340634,10.341534,-0.3707541525363922
Åmdal,59.363499,8.052367,-0.4723912477493286
Åmela,62.020561,5.839346,-0.4109891057014465
Åmli-Gjøv,58.767746,8.481447,-0.4638150036334991
Åmli-Nidelv,58.767697,8.48176,-0.4579001069068908
Åna-Sira,58.293734,6.453253,-0.4026904702186584
Årdal Øvre,61.671474,6.424681,-0.4453145563602447
Årlifoss,59.686023,9.142329,-0.4066550731658935
Årvik,60.17154,6.108996,-0.4608079493045807
Årøy,61.27795,7.150454,-0.5416216850280762
Årøy I,61.276639,7.157259,-0.4339306056499481
Åsebotn,60.97561,6.063749,-0.598092794418335
Åselva,61.52042,6.340126,-0.3861077129840851
Åskåra 1,61.801738,5.669953,-0.2570878565311432
Åskåra 2,61.801738,5.669953,-0.2570878565311432
Åsmulfoss,64.677473,12.677895,-0.3327865302562713
Øgreyfoss,58.478973,6.030994,-0.3820965886116028
Øksenelvane,61.841527,5.802617,-0.0294617619365453
Øljusjøen,61.003581,8.068592,-0.4333205223083496
Ølmedal,59.499256,6.007593,-0.4835021495819092
Ørteren,60.502923,7.862656,-0.2622611224651336
Ørtvatn,66.40672,14.503245,-0.1019909679889679
Østerbø,61.079957,5.925388,-0.4838979542255401
Øvre Bersåvatn,60.181651,6.693228,-0.3633801639080047
Øvre Fiskumfoss,64.556298,12.4777,-0.1654187589883804
Øvre Forsland,66.050199,13.11736,-0.395076036453247
Øvre Leirfoss,63.372869,10.407425,-0.4767729640007019
Øvre Leiråga,66.442256,13.842201,-0.2916121780872345
Øvre Markevatn,61.446093,5.335162,-0.4292728006839752
Øvre Russvik,68.135978,16.546919,-0.2393390089273452
Øvre Røssåga,65.887092,13.800661,-0.3553051650524139
Øvre Svultingen,61.160205,5.478088,-0.5346052050590515
Øvre Tessa,61.817179,8.951578,-0.4832644462585449
Øvre Vinstra,61.481479,9.314391,-0.3291677236557007
Øyberget,61.92177,8.090528,-0.4266348779201507
?aga? II/Zagan II,51.6154,15.3168,-0.3187815546989441
?apino?/Lapnio,54.2847,18.4482,-0.3830287456512451
Bielkowo Bielkowo Hydroelectric Power Plant Poland - Bielkowo Hydroelectric Power Plant Poland,54.2696,18.51,-0.49551522731781
Brzeg dolny waly slaskie Brzeg Dolny (Waly Slaskie) Hydroelectric Power Plant Poland - Brzeg Dolny (Waly Slaskie) Hydroelectric Power Plant Poland,51.2605,16.7656,0.1424424350261688
Brąswałd,53.84,20.4041,-0.4449674785137176
Czchow Czchow Hydroelectric Power Plant Poland - Czchow Hydroelectric Power Plant Poland,49.81,20.680556,0.1656298339366912
Debe Debe Hydroelectric Power Plant Poland - Debe Hydroelectric Power Plant Poland,52.4883,20.9236,-0.0097614284604787
Dobrze?,50.7558,17.8332,-0.0870639681816101
Dychów Dychow - Dychow Pumped Storage Hydroelectric Power Plant Poland,51.9863325,15.0608199,-0.4365683495998382
Gorzupia II,51.736,15.2584,-0.4526969790458679
Grajówka,51.6725,15.2919,-0.0869879424571991
Grodek Grodek Hydroelectric Power Plant Poland - Grodek Hydroelectric Power Plant Poland,53.4999,18.3736,-0.4570816457271576
Januszkowice,50.3905,18.1133,-0.111629381775856
Koronowo Koronowo Hydroelectric Power Plant Poland - Koronowo Hydroelectric Power Plant Poland,53.2753,17.9527,-0.3856481611728668
Kr?pna,50.4483,17.9577,-0.4161857068538666
Krapkowice,50.4712,17.9809,-0.2135976552963256
Myczkowce Myczkowce Hydroelectric Power Plant Poland - Myczkowce Hydroelectric Power Plant Poland,49.4311,22.4084,-0.0611244700849056
Niedzica Niedzica Pumped Storage Power Plant Poland - Niedzica Pumped Storage Power Plant Poland,49.4099645,20.3267659,0.4653292894363403
O?awa,50.9374,17.3401,-0.1460344791412353
Pierzch?y,54.3007,19.849,-0.4216974973678589
Pilchowice Pilchowice Hydroelectric Power Plant Poland - Pilchowice Hydroelectric Power Plant Poland,50.964,15.645,-0.0726213306188583
Porabka Porabka Hydroelectric Power Plant Poland - Porabka Hydroelectric Power Plant Poland,49.8073,19.202,-0.1519959419965744
Porąbka żar Porabka Zar H1 - Porabka-Zar Pumped Storage Power Plant Poland,49.7704966,19.2116631,-0.3702405095100403
Raduszec Stary,52.0293,15.0719,-0.0354927740991115
Rakowice,51.1294,15.5766,-0.3773720562458038
Roznow Roznow Hydroelectric Power Plant Poland - Roznow Hydroelectric Power Plant Poland,49.7614,20.6631,-0.0029585815500468
Smardzewice,51.4739,20.0061,0.0284674558788537
Solina Solina - Solina Pumped Storage Hydroelectric Power Plant Poland,49.3958323,22.4606916,-0.4793337881565094
Sromowice Wy?ne,49.4068,20.3336,-0.0998638644814491
Straszyn,54.2742,18.5633,-0.4357946217060089
Strzegomino,54.3202,17.2311,-0.4597037732601166
Tresna Tresna Hydroelectric Power Plant Poland - Tresna Hydroelectric Power Plant Poland,49.7473,19.2075,-0.1803585737943649
Włocławek Wloclawek - Wloclawek Hydroelectric Power Plant Poland,52.6564,19.1339,0.0491074956953525
Zielisko,51.62166667,14.76111111,-0.4093750119209289
Zur Zur Hydroelectric Power Plant Poland - Zur Hydroelectric Power Plant Poland,53.5613,18.354,-0.4805900454521179
Żarnowiec Zarnowiec H1 - Zarnowiec Pumped Storage Hydroelectric Power Plant Poland,54.722272,18.082356,-0.296689361333847
Żydowo ZydowoPS - Zydowo Pumped Storage Hydroelectric Power Plant Poland,54.0216713,16.7385445,-0.08199143409729
 Aguieira - G1 - Aguieira Hydroelectric Power Plant Portugal,40.340285,-8.196778,-0.2547138631343841
Alqueva,38.197508,-7.496394,-0.0962468385696411
Alto lindoso Alto Lindoso - G1 - Alto Lindoso Hydroelectric Power Plant Portugal,41.872,-8.2025,-0.3459262549877167
Alto rabagão Rabagao - Alto Rabagao Hydroelectric Power Plant Portugal,41.737703,-7.853632,-0.3256939351558685
Alvadia,41.4564,-7.8103,-0.6085870265960693
Alvito,38.2788,-7.9093,-0.3477049767971039
Aregos,41.0939,-8.0278,-0.5325205326080322
Baixo Sabor Montante - G1,41.209099,-7.049,-0.5369965434074402
Barroca,40.1115,-7.7297,-0.3252324759960174
Belver,39.4795,-7.9979,-0.2169999480247497
Bemposta,41.3009,-6.4699,-0.0874568969011306
Boavista,41.358,-8.4491,-0.4958642125129699
Bouca Bouca - Bouca Hydroelectric Power Plant Portugal,39.854,-8.2197,-0.5040491223335266
Bouçoais-Sonim,41.7277,-7.1954,-0.5452366471290588
Bragadas,41.5413,-7.7891,-0.4490956664085388
Cabril Cabril - G1 - Cabril Hydroelectric Power Plant Portugal,39.91727,-8.13244,-0.4762727618217468
Caldeirao Caldeirao - Caldeirao Hydroelectric Power Plant Portugal,40.5316,-7.3297,-0.3840119838714599
Calheta,32.74611111,-17.14916667,-0.3398495018482208
Canedo,41.6204,-7.7394,-0.5709455013275146
Canicada Canicada - Canicada Hydroelectric Power Plant Portugal,41.653,-8.231,-0.3798531889915466
Carrapatelo Carrapatelo - G1 - Carrapatelo Hydroelectric Power Plant Portugal,41.0849,-8.1306,-0.2825332581996918
Carregal,40.8072,-8.2438,-0.5350019931793213
Castelo bode Castelo Bode - G1 - Castelo do Bode Hydroelectric Power Plant Portugal,39.5429,-8.3188,-0.2207559049129486
Catapereiro,41.0912,-7.2715,-0.3599892854690552
Cercosa,40.6703,-8.2469,-0.5822010040283203
Corvete,41.3965,-8.1793,-0.5444586873054504
Covas do Barroso,41.6305,-7.7949,-0.5818755626678467
Crestuma Crestuma - G1 - Crestuma-Lever Hydroelectric Power Plant Portugal,41.0716,-8.486,-0.2261657416820526
Desterro,40.3984,-7.6869,-0.5249765515327454
Ermal,41.5781,-8.1528,-0.5716041922569275
Ermida (Ribeiradio),40.7422,-8.3194,-0.099210649728775
Fagilde,40.6292,-7.8255,-0.5586467981338501
Fajã da Nogueira,32.7432,-16.9069,-0.4757056534290313
Feiticeiro (Baixo Sabor - Jusante),41.202,-7.0936,-0.2839090824127197
Foz Tua,41.21583333,-7.42638889,-0.447161465883255
Frades I,41.693192,-8.027951,-0.4889732301235199
Fratel Fratel - G1 - Fratel Hydroelectric Power Plant Portugal,39.5428,-7.8029,-0.3345650434494018
Freigil,41.075,-8.0233,-0.5450034737586975
Guilhofrei,41.5811,-8.1428,-0.5917875170707703
Idanha-a-Nova,39.9447,-7.2011,-0.4267582595348358
Inverno da Calheta,32.7215,-17.1789,-0.2618626356124878
Janeiro de Cima,40.0655,-7.8055,-0.477375864982605
Lindoso,41.8595,-8.2704,-0.5372170209884644
Maranhão,39.0152,-7.9756,-0.2772245705127716
Meimoa,40.2597,-7.1389,-0.0654572769999504
Miranda,41.4886,-6.2656,-0.388765811920166
Montargil,39.0542,-8.1766,-0.2700720131397247
Nunes,41.825,-6.9544,-0.5701708197593689
Odivelas,38.1852,-8.1153,-0.2701942920684814
Ovadas,41.0558,-8.2487,-0.509071409702301
Paradela Paradela - Paradela Hydroelectric Power Plant Portugal,41.7686,-7.9504,-0.3925827741622925
Pedrógão,38.1101,-7.6296,-0.2268453687429428
Pego do Altar,38.418,-8.3919,-0.3145957589149475
Penacova,40.2975,-8.2487,-0.4420328140258789
Penide,41.5489,-8.5372,-0.4158088862895965
Pereira,40.9199,-7.9648,-0.5383987426757812
Picote I / Picote II,41.379,-6.3525,-0.3971027433872223
Pinhel,40.8243,-7.0832,-0.5549074411392212
Pocinho Pocinho - G1 - Pocinho Hydroelectric Power Plant Portugal,41.1343,-7.1141,-0.3030984401702881
Ponte de Jugais,40.3848,-7.705,-0.5246863961219788
Ponte do Bico,41.6062,-8.4271,-0.3632365763187408
Pracana Pracana - Pracana Hydroelectric Power Plant Portugal,39.5649,-7.8123,-0.2613655626773834
Raiva Raiva - Raiva Hydroelectric Power Plant Portugal,40.3095,-8.2488,-0.2724353969097137
Rebordelo,41.7556,-7.1764,-0.5147948265075684
Regua REgua - G1 - Regua Hydroelectric Power Plant Portugal,41.1461,-7.74,-0.191337451338768
Ribadouro,41.0991,-8.0826,-0.393520712852478
Ribeiradio Ermida,40.74277778,-8.31944444,-0.0310041923075914
Sabugueiro I,40.3967,-7.6625,-0.5020702481269836
Sabugueiro II,40.3964,-7.6622,-0.5048430562019348
Salamonde,41.6917,-8.0912,-0.3719213306903839
Salamonde Salamonde II - G3 - Salamonde Hydroelectric Power Plant Portugal,41.689967,-8.092345,-0.5026161074638367
Santa Luzia,40.0897,-7.8579,-0.3009932339191437
Senhora de Monforte,40.79805556,-7.015,-0.4459043443202972
Senhora de Porto,41.56888889,-8.19611111,-0.4274764060974121
Senhora do Salto,41.1274,-8.4324,-0.4131795763969421
Sordo,41.26972222,-7.78861111,-0.4308879971504211
São Pedro do Sul,40.7604,-8.0438,-0.5417659282684326
Talhadas,40.647,-8.3177,-0.5418804883956909
Terragido,41.2872,-7.7495,-0.5573706030845642
Torga,41.7061,-7.1175,-0.5300979614257812
Torrão Torrao - G1 - Torrao Hydroelectric Power Plant Portugal,41.097355,-8.261137,-0.2719540596008301
Touvedo Touvedo - Touvedo Hydroelectric Power Plant Portugal,41.8124,-8.354,-0.4851419925689697
Ucanha,41.054,-7.7462,-0.566595196723938
Valeira Valeira - G1 - Valeira Hydroelectric Power Plant Portugal,41.1605,-7.3742,-0.1597226709127426
Vales,41.4419,-7.4985,-0.5262936949729919
Varosa,41.1208,-7.7761,-0.4473221600055694
Venda Nova,41.6794,-7.9823,-0.2900671362876892
Venda Nova III / Frades II,41.692695,-8.027817,-0.4986469745635986
Vila Cova,40.3797,-7.7283,-0.5104154348373413
Vilar tabuaco Vilar-Tabuaco Hydroelectric Power Plant Portugal - Vilar-Tabuaco Hydroelectric Power Plant Portugal,40.9871,-7.5353,-0.4023770689964294
Vilarinho furnas Vilarinho Furnas - G1 - Vilarinho das Furnas Hydroelectric Power Plant Portugal,41.763285,-8.209765,-0.4858864843845367
ALBESTI,45.216514,24.657876,-0.5194916129112244
Arcesti,44.449583,24.312917,0.32270547747612
Arpasu,45.79375,24.595417,0.2430692315101623
Avrig,45.745417,24.39125,-0.0497275404632091
BACAU,46.541997,26.948323,-0.3555694222450256
BAICULESTI,45.058839,24.688304,-0.4951868653297424
BASCOV,44.89636,24.847892,-0.2481363713741302
BRETEA,45.667992,23.001966,-0.4124355614185333
BUHUSI,46.722069,26.671456,-0.3948028683662414
Babeni,44.920417,24.250417,0.5131856203079224
Beresti,46.187083,27.18375,0.5508641004562378
Budeasa,44.91625,24.82125,0.2937648594379425
CALIMANESTI (Olt),45.240308,24.346887,-0.1066915392875671
CARNESTI  I,45.535967,22.87017,-0.4891318380832672
CARNESTI  II,45.546616,22.879027,-0.4739508926868438
CERBURENI,45.192216,24.661323,-0.5038202404975891
CHE MALAIA,45.35365,24.02453,-0.4010924398899078
CHE MOTRU,45.134775,22.806895,-0.4327329695224762
CHE RAUL ALB,45.156224,22.410357,0.0497241653501987
CINDESTI,45.272651,26.70468,-0.1408903300762176
CLABUCET,45.5661,25.0937,-0.1212697476148605
CLOPOTIVA,45.498403,22.842011,-0.4572048485279083
COSTISA,46.770213,26.61912,-0.3965429067611694
CURTEA DE ARGES,45.144537,24.670473,-0.2326208502054214
Calimanesti,45.074583,24.364583,0.068020574748516
Cerna Principal,45.162083,22.732917,0.1177471801638603
CheLotru_LOTR1_CA - Lotru-Ciunget Hydroelectric Power Plant Romania,45.446999,23.768,-0.1124102994799614
Colibita,47.165417,24.877917,0.0410954728722572
Costeshti Stinka / Stanca,47.84125,27.225417,0.4277386665344238
Cumpanita,45.43642,24.57988,-0.5081170201301575
DOBRESTI,45.309726,25.418143,-0.348155528306961
DRAGOSLAVELE,45.33026,25.163888,-0.4464947283267975
Daesti,45.17875,24.369583,-0.0613381117582321
Dragan remeti Dragan (Remeti) Hydroelectric Power Station Romania - Dragan (Remeti) Hydroelectric Power Station Romania,46.7889,22.7156,-0.1391174495220184
Draganesti,44.177917,24.48375,-0.3009963631629944
Dragasani,44.682917,24.292083,0.3284667134284973
FLORESTI (I and II),46.749503,23.476444,-0.2231723815202713
FUGHIU,47.069443,22.070452,-0.4669109284877777
Frunzaru,44.045417,24.57125,0.487377256155014
GARLENI,46.667197,26.813902,-0.3933216035366058
GILAU (I and II),46.74472,23.37164,-0.3392268419265747
GOLESTI (Calinesti),44.807323,24.99551,-0.1440529227256775
GURA LOTRULUI,45.344738,24.275161,-0.2168684601783752
Galbeni,46.457917,26.952083,0.2602244019508362
Gogosu,44.622793,22.641357,-0.3989747166633606
Govora,45.012083,24.29625,-0.1729415953159332
HPP Portile de Fier I,44.673,22.532,0.065035231411457
HPP Portile de Fier II,44.306999,22.568001,0.1290084719657898
Hateg,45.59125,22.95875,0.1775612831115722
Hpp bradisoru BRAD - Bradisor Hydroelectric Power Station Romania,45.3549,24.1053,-0.0968198627233505
Hpp galceag GALC1,45.5879,23.6279,-0.2755539119243622
Hpp mariselu / Mărișelu ,46.6679,23.059,-0.2507652938365936
Hpp ruieni RUIE1 - Ruieni Hydroelectric Power Station Romania,45.426,22.4757,-0.2781935930252075
Hpp stejaru STEJ1 - Bicaz-Stejaru Hydroelectric Power Station Romania,46.9386,26.1029,0.04556555300951
Hpp tismana TISM - Tismana (Motru) Hydroelectric Power Station Romania,45.0444,22.9472,-0.2603254318237304
Hpp vidraru CORB12 - Vidraru Hydroelectric Power Station Romania,45.3667,24.6307,-0.2736824452877044
IZVOARELE,45.267768,26.024851,-0.2925981879234314
Ionesti,44.857917,24.24625,0.4211147427558899
Ipotesti,44.26625,24.400417,0.2934944331645965
Izbiceni,43.81625,24.69625,0.1462492495775222
LERESTI,45.3942,25.0625,0.020590204745531
LILIECI,46.615654,26.897527,-0.3821130990982055
Lugasu,47.059583,22.30375,-0.4011840224266052
MANICESTI,45.027604,24.704904,-0.4460312128067016
MERISANI,44.956083,24.763985,-0.421229600906372
MIHAILESTI,44.327175,25.946302,-0.4564116299152374
MOROIENI,45.254715,25.41247,-0.4939262568950653
MOVILENI,45.78295,27.341556,-0.0140890926122665
Maneciu,45.332917,25.987917,0.6023911237716675
NOAPTES,45.125023,24.665071,-0.3874562680721283
ORLEA,45.592718,22.973351,-0.4804290533065796
OSTROVU MARE,45.524151,22.859883,-0.4904161691665649
OSTROVU MIC,45.517246,22.854632,-0.2957690060138702
Oiesti,45.23495,24.655669,-0.4822911024093628
PACLISA,45.562186,22.8975,-0.3450157642364502
PANGARATI,46.925769,26.215466,-0.2014880031347274
PETRESTI,45.906206,23.558358,-0.2962653934955597
PITESTI,44.845314,24.904656,-0.1202935576438903
PLOPI,45.63866,23.011972,-0.4531025290489197
Paltinu,45.249583,25.735417,0.4995227456092834
Piatra Neamt,46.932917,26.337917,0.2352472841739654
RAURENI,45.071415,24.361505,-0.2914325594902038
ROZNOV,46.848185,26.508258,-0.3520326018333435
RUCAR,45.40486,25.15259,-0.4636465907096863
Racaciuni,46.337083,27.04625,0.6023390293121338
Racova,46.695417,26.712917,-0.5070669054985046
Ramnicu Valcea,45.120417,24.375417,-0.1145069673657417
Raul Mare (Retezat) Hydroelectric Power Station Romania - Raul Mare (Retezat) Hydroelectric Power Station Romania,45.3391,22.7213,-0.263721764087677
Rusanesti,43.920417,24.625417,0.4824931621551513
SACADAT,47.066488,22.148016,-0.4492932260036468
SASCIORI,45.821684,23.610768,-0.3400583565235138
SCROPOASA,45.341494,25.430563,0.3928595781326294
SIMILEASCA,45.187152,26.764864,-0.3735515773296356
SOMES CALD,46.73178,23.35068,-0.4562984406948089
SUBCETATE,45.615251,23.012205,-0.1917913109064102
SUGAG1 - Sugag (Tau) Hydroelectric Power Station Romania,45.776001,23.653999,-0.5357297658920288
Scoreiu,45.77875,24.512917,0.0826786532998085
Siriu,45.495417,26.250417,0.3305956423282623
Slatina,44.407917,24.354583,0.2445341795682907
Strejesti,44.537083,24.325417,0.4089077711105346
TG.JIU,45.032495,23.263675,-0.1168202757835388
TOTESTI  I,45.571376,22.907179,-0.4774277806282043
TOTESTI  II,45.582495,22.924621,-0.4633229374885559
TURNU,45.277016,24.309554,-0.1436374932527542
Tarnita,46.727083,23.29625,-0.1342560946941375
Tileagd,47.07875,22.207917,-0.1288137435913086
VACARESTI,44.821493,25.488923,-0.2620024085044861
VADURI,46.932513,26.27016,-0.4489490687847137
VALEA IASULUI,45.163978,24.659183,-0.4821723997592926
VALENII DE MUNTE,45.209482,26.050985,-0.3923785090446472
VANATORI,46.871156,26.486143,-0.3861903250217438
VERNESTI,45.224081,26.733625,-0.3692241311073303
Vadeni,45.057917,23.267917,-0.2782168388366699
Valcele,44.982917,24.742083,0.3723213970661163
Valsan,45.413408,24.708014,-0.3933243751525879
Vistea,45.80875,24.749583,-0.3589284121990204
Voila,45.835417,24.860417,0.4002737402915954
ZANESTI,46.815396,26.569482,-0.4592775404453277
Zavideni,44.774583,24.27125,0.366148978471756
Zigoneni,45.082917,24.662917,0.44780233502388
????????? ???,68.9717,28.7803,-0.3456460535526275
Aushegerskaya HPP of the Cascade of Nizhne-Cherekskiye HPPs,43.3525,43.7175,-0.517389178276062
Baksanskaya HPP,43.6551,43.3969,-0.3375071287155151
Belomorskaya HPP,64.5126,34.6901,-0.3846787214279175
Belorechenskaya HPP,44.8922,39.6479,-0.4351128935813904
Boguchanskaya HPP,58.6944,99.1489,-0.1023900359869003
Borisoglebskaya HPP,69.6433,30.1375,-0.2507649660110473
Bratsk HPP,56.2861,101.7842,0.1585084646940231
Byreyskaya HPP,50.27,130.3136,-0.1548722386360168
Cheboksarskaya HPP,56.1373,47.4661,-0.1249544769525528
Chirkey HPP,42.9772,46.8708,-0.2288901358842849
Chiryurt HPP-1,43.1831,46.8342,-0.4796909093856811
Chiryurt HPP-2,43.1897,46.8348,-0.2830000221729278
Egorylykskaya HPP of the Cascade of Kuban HPPs,45.0683,41.5967,-0.4737763702869415
Egorylykskaya HPP-2 of the Cascade of Kuban HPPs,45.1108,41.5506,-0.2193085998296737
Ezminskaya HPP,42.8388,44.6445,-0.2308027893304824
Gelbakh HEPP,43.1541,46.8521,-0.3421891927719116
Gergebilskaya HPP,42.4542,47.0317,-0.2195602804422378
Gizeldonskaya HPP,42.9025,44.4601,-0.4965046942234039
Gotsatlinskaya HPP,42.5298,46.9177,-0.3270241022109985
Gunibskaya HPP,42.4318,46.9879,-0.3033489882946014
HPP-2 Cascade HPP on the Tolmachyov River,52.6019,157.5031,-0.4835062623023987
HPP-2 of the Cascade of the Kuban HPPs,44.3397,42.5067,-0.4457439482212066
HPP-4 of the Cascade of Kuban HPPs,44.6647,42.0286,-0.2585811913013458
Hestefoss Kraftwerk,69.1175,29.2419,-0.1934246867895126
Ikustsk,52.2367,104.3217,0.0306000728160142
Iovskaya HPP,66.6692,31.3894,-0.4383882284164428
Irganayskaya HPP,42.7452,46.8316,-0.1527969092130661
Kaitakoski HPP,68.9386,28.6006,-0.2303658723831176
Kamskaya HPP,58.1146,56.3289,0.0581189095973968
Kashhatau HPP of the Cascade of Nizhne-Cherekskiye HPPs,43.3304,43.6463,-0.2597584128379822
Knyazhegub Hydroelectric Power Plant,66.8638,32.376,-0.2853289842605591
Kolymskaya HPP,62.0583,150.4167,-0.2852474749088287
Kondopoga Hydroelectric Power Station,62.1948,34.2617,-0.3924418985843658
Krasnopolyanskaya HPP,43.6629,40.1744,-0.427353024482727
Krasnoyarsk,55.9367,92.2956,-0.0057227965444326
Krivoporozhskaya HPP,65.0334,33.6675,-0.3980281949043274
Kuban (Kurshavskuyu) Pumped Storage Power Plant Russia,44.2269,42.3436,-0.3706745207309723
Kuban-1 (Kurshavskuyu) Hydroelectric Power Plant Russia,44.2764,42.4722,-0.4173403680324554
Kuban-3 (Barsuchkovsky) Hydroelectric Power Plant Russia,44.6006,42.2319,-0.3744868040084839
Kumskaya HPP,66.3608,31.0914,-0.3598648309707641
Kureyskaya HPP,66.9441,88.3384,-0.1012991890311241
Lesogorsky HPP,61.0585,28.8734,-0.1555120199918747
MHPP Lyaskel,61.7617,31.0025,-0.3117066919803619
Maikop Hydropower Plant,44.592,40.1052,-0.2879765331745147
Mainskaya HPP,52.9704,91.4955,-0.1668922305107116
Mamakanskaya HPP,57.8092,114.0322,0.2784426510334015
Matkozhnenskaya HPP,64.4153,34.469,-0.3754537999629974
Miatlinskaya HPP,43.0672,46.83,-0.3471941351890564
Narva HPP,59.3678,28.2106,-0.2497911602258682
Niva GES-1,67.3812,32.5273,-0.3848753273487091
Niva GES-2,67.2816,32.4598,-0.3969169855117798
Niva GES-3,67.2203,32.4383,-0.1962848454713821
Nizhegorodskaya HPP,56.6506,43.3756,0.0038104050327092
Nizhne-Svirskaya HPP,60.8064,33.7044,0.0007436767336912
Nizhnekamsk hydroelectric power station,55.6997,52.2786,-0.0981094911694526
Nizhneteriberskaya HPP,69.1253,35.1469,-0.294495016336441
Nizhnetulomskaya HPP,68.8217,32.8192,-0.2936848700046539
Novosibirskaya HPP,54.8503,82.9864,0.2153313905000686
Novotroitskaya HPP of the Cascade of the Kuban HPPs,45.3156,41.5311,-0.4423229396343231
Ondsk Hydroelectric Power Station,63.9174,34.1782,-0.4019795954227447
Paleozerskaya HPP,62.4841,33.6737,-0.3781967163085937
Pavlodolskaya HPP,43.7085,44.5176,0.0916095003485679
Pavlovskaya HPP,55.406,56.5556,-0.1889542490243911
Poduzhemskaya HPP,64.9117,34.2617,-0.1663053333759308
Putkinskaya HPP,64.9407,34.5407,-0.3455699384212494
Rajakoski HPP,69.0228,29.0056,-0.3371352553367615
Rybinskaya HPP,58.0821,38.8249,-0.0847708657383918
Saratovskaya HPP,52.0481,47.7622,0.0313850082457065
Sengileevskaya HPP of the Cascade of the Kuban HPPs,45.0175,41.6727,-0.2110575139522552
Serebryanskaya HPP-1,68.8426,35.5683,-0.3256021440029144
Serebryanskaya HPP-2,68.9869,35.6978,-0.1790766417980194
Shirokovskaya HPP,58.8345,57.7925,-0.0977048575878143
Svetogorskaya HPP,61.1044,28.8394,-0.2462758719921112
Svistukhinskaya HPP of the Cascade of Kuban HPPs,44.7417,41.9011,-0.3526663780212402
Syzran HPP,53.1484,48.4297,-0.2445230036973953
The Palocorg hydropower plant,64.2218,34.3363,-0.3019355535507202
The head HPP of the Ardon cascade of Zaramagh hydroelectric power stations,42.7053,43.9744,0.1214742213487625
Tolmachevskaya HPP-1,52.6137,157.5746,-0.2551964223384857
Tolmachevskaya HPP-2,52.6054,157.4958,-0.4725730419158935
Tolmachevskaya HPP-3,52.6286,157.4468,-0.3023734390735626
Tsimlyanskaya HPP,47.6061,42.1122,-0.1034645736217498
Uglich HPP,57.5275,38.2978,-0.3409750461578369
Ust Illminsk (HPP),57.9683,102.6958,0.0749938935041427
Verkhne-Svirskaya HPP,60.9204,34.1905,-0.3813366293907165
Verkhnetulomskaya HPP,68.6067,31.7478,-0.3960351049900055
Verkhoturskaya HPP,58.8532,60.7552,-0.0792335048317909
Verkterteriberskaya HPP,69.0912,35.0418,-0.3681939840316772
Vilyuiskaya HPP (HPP-1  HPP-2),63.0315,112.474,-0.021682996302843
Volkhov HEPP,59.9117,32.3433,-0.4511289596557617
Volzhskaya HPP,48.8244,44.6767,0.0360914394259452
Votkinskaya HPP,56.7919,54.0839,-0.4194160997867584
Vygostrovskaya HPP,64.4892,34.662,-0.3708944916725158
Yumaguzinskaya HPP,53.05,56.442,-0.2189603000879287
Yushkozerskaya HPP,64.83,32.0083,-0.4709114134311676
Zagorskaya PSPP,56.4822,38.1856,-0.2723193168640136
Zaragizhskaya HPP of the Cascade of Nizhne-Cherekskiye HPPs,43.3226,43.6907,0.1119998544454574
Zelenchukskaya HPP-PSPP,43.8983,41.8825,-0.1429600715637207
Zeyskaya HPP,53.7698,127.3054,-0.0968547016382217
Zhigulevskaya HPP,53.4265,49.4794,-0.1458791196346283
Bistrica Hydroelectric Power Plant Serbia - Bistrica Hydroelectric Power Plant Serbia,43.5223,19.742,-0.3891800343990326
HE Bajina Basta G1 - Bajina Basta Hydroelectric Power Plant Serbia,43.964001,19.41,-0.2778595089912414
HE DJERDAP II,44.328999,22.528,-0.5764127969741821
HE Derdap 1 G1 - Djerdap-1 (Iron Gate I) Hydroelectric Power Station Serbia,44.668999,22.527,0.0216487366706132
HE Vrla 1-4,42.707709,22.318567,-0.5665147304534912
Kokin Brod Hydroelectric Power Plant Serbia - Kokin Brod Hydroelectric Power Plant Serbia,43.5189,19.8115,-0.4462760686874389
Medjuvrsje Hydroelectric Power Plant Serbia - Medjuvrsje Hydroelectric Power Plant Serbia,43.909,20.2327,-0.2462141811847686
Ovcar Banja Hydroelectric Power Plant Serbia - Ovcar Banja Hydroelectric Power Plant Serbia,43.8995,20.1803,-0.3337182104587555
Pirot Hydroelectric Power Plant Serbia - Pirot Hydroelectric Power Plant Serbia,43.1579,22.6154,-0.4780240654945373
Potpec Hydroelectric Power Plant Serbia - Potpec Hydroelectric Power Plant Serbia,43.5228,19.5768,-0.1253523528575897
RHE Bajina Basta G1 - Bajina Basta Pumped Storage Hydroelectric Power Plant Serbia,43.865002,19.406,-0.420344203710556
Uvac Hydroelectric Power Plant Serbia - Uvac Hydroelectric Power Plant Serbia,43.4224,19.9295,-0.4821851551532745
Zvornik Hydroelectric Power Plant Serbia - Zvornik Hydroelectric Power Plant Serbia,44.3679,19.1067,0.1388293653726577
Besenova - Bešeňová,49.095383,19.455563,0.4860987663269043
Cunovo Hydroelectric Power Plant Slovakia - Cunovo Hydroelectric Power Plant Slovakia,48.02987,17.2254,0.0578303895890712
Dobšiná I-II,48.80591,20.38578,-0.2902911603450775
Domasa - DOMAŠA,48.9994658,21.6971662,-0.3423256874084472
Dubnica Dubnica nad Vahom Hydroelectric Power Plant Slovakia - Dubnica nad Vahom Hydroelectric Power Plant Slovakia,48.96319,18.1451,-0.3183969855308532
Farmhispania - Kozmálovce,48.26891,18.52822,-0.0772476121783256
Gabčíkovo Gabcikovo - Gabcikovo Hydroelectric Power Plant Slovakia,47.88004,17.53841,0.161719799041748
Horná streda Horna Streda Hydroelectric Power Plant Slovakia - Horna Streda Hydroelectric Power Plant Slovakia,48.66046,17.85503,-0.31505286693573
Hričov Hricov Hydroelectric Power Plant Slovakia - Hricov Hydroelectric Power Plant Slovakia,49.25737,18.68102,-0.0893320962786674
Ilava Ilava Hydroelectric Power Plant Slovakia - Ilava Hydroelectric Power Plant Slovakia,49.00567,18.23494,-0.2917647957801819
Kostolná Kostolna Hydroelectric Power Plant Slovakia - Kostolna Hydroelectric Power Plant Slovakia,48.86096,17.96874,-0.3387387096881866
Krpeľany Kreplany Hydroelectric Power Plant Slovakia - Kreplany Hydroelectric Power Plant Slovakia,49.12796,19.0955,-0.2187985777854919
Kráľová Kralova Hydroelectric Power Plant Slovakia - Kralova Hydroelectric Power Plant Slovakia,48.19048,17.8285,-0.2433958947658538
Ladce,49.04976,18.29794,-0.2857014238834381
Lipovec Lipovec Hydroelectric Power Plant Slovakia - Lipovec Hydroelectric Power Plant Slovakia,49.13197,18.9114,-0.3344435095787048
Liptovská mara Liptovska MaraPS - Liptovska Mara Pumped Storage Hydroelectric Power Plant Slovakia,49.09823,19.48484,-0.3018706440925598
Madunice Madunice Hydroelectric Power Plant Slovakia - Madunice Hydroelectric Power Plant Slovakia,48.48843,17.79408,-0.1524296998977661
Mikšová Miskova Hydroelectric Power Plant Slovakia - Miskova Hydroelectric Power Plant Slovakia,49.19271,18.50829,-0.136144146323204
Nosice Nosice Hydroelectric Power Plant Slovakia - Nosice Hydroelectric Power Plant Slovakia,49.12745,18.36424,-0.1002228558063507
"Nové mesto Nove Mesto n,V, Hydroelectric Power Plant Slovakia - Nove Mesto n,V, Hydroelectric Power Plant Slovakia",48.77245,17.85146,-0.2883639633655548
Orava Orava Hydroelectric Power Plant Slovakia - Orava Hydroelectric Power Plant Slovakia,49.37534,19.55849,-0.3514156639575958
Považská bystrica Povazska Bystrica Hydroelectric Power Plant Slovakia - Povazska Bystrica Hydroelectric Power Plant Slovakia,49.13312,18.45366,-0.1883045881986618
Ružín Ruzin Pumped Storage Hydroelectric Power plant Slovakia - Ruzin Pumped Storage Hydroelectric Power plant Slovakia,48.86048,21.09436,-0.5212087631225586
Sučany Sucany Hydroelectric Power Plant Slovakia - Sucany Hydroelectric Power Plant Slovakia,49.10656,18.99204,-0.3659963607788086
Trenčín Trencin Hydroelectric Power Plant Slovakia - Trencin Hydroelectric Power Plant Slovakia,48.90208,18.05579,-0.3552346229553222
Tvrdošín,49.33669,19.54867,-0.22665536403656
"V, kozmálovce",48.26891,18.52822,-0.0772476121783256
Čierny váh Cierny Vah TG1 - Cierny Vah Pumped Storage Hydroelectric Power Plant Slovakia,49.0091,19.91203,-0.1360550075769424
Žilina,49.21553,18.77683,-0.2500982880592346
Arto blanca HE Blanca 1 - Arto-Blanca Hydroelectric Power Plant Slovenia,45.99027,15.38183,-0.0118760373443365
Avče CHE Avce - Avce Pumped Storage Hydroelectric Power Plant Slovenia,46.08412,13.66757,0.4603447318077087
Boštanj HE Bostanj 1 - Bostanj Hydroelectric Power Plant Slovenia,46.01704,15.28121,-0.0917970240116119
Brežice,45.89888,15.5882,0.0276368353515863
Doblar HE Doblar 4 - Doblar II Hydroelectric Poqwer Plant Slovenia,46.11382,13.68811,-0.4142658114433288
Dravograd HE Dravograd 1 - Dravograd Hydroelectric Poqwer Plant Slovenia,46.58558,15.01881,-0.1902155429124832
Fala HE Fala 1 - Fala Hydroelectric Poqwer Plant Slovenia,46.55874,15.44511,-0.5714625716209412
Formin HE Formin 1 - Formin Hydroelectric Poqwer Plant Slovenia,46.40251,16.03374,-0.2956365346908569
HE Moste 1 - Moste Hydroelectric Power Plant Slovenia,46.417,14.133,-0.5410025119781494
He Plave 1 - Plave I Hydroelectric Poqwer Plant Slovenia,46.05083333,13.59555556,-0.317402720451355
Krško HE Krsko 1 - Krsko Hydroelectric Power Plant Slovenia,45.97461,15.48091,-0.3185421824455261
Mariborski otok HE Mariborski otok 1 - Mariborski Otok Hydroelectric Poqwer Plant Slovenia,46.56804,15.60415,-0.2230520248413086
Mavcice HE Mavcice 1 - Mavcice Hydroelectric Power Plant Slovenia,46.18387,14.40805,-0.0746286362409591
Medvode HE Medvode 1 - Medvode Hydroelectric Poqwer Plant Slovenia,46.14578,14.41438,-0.1111390888690948
Melje Melje Hydroelectric Poqwer Plant Slovenia - Melje Hydroelectric Poqwer Plant Slovenia,46.56087,15.67309,-0.0254199225455522
Mokrice,45.87102,15.67196,-0.0721192508935928
Ožbalt HE Ozbalt 1 - Ozbalt Hydroelectric Poqwer Plant Slovenia,46.57729,15.40599,-0.1558266878128051
Plave HE Plave - Plave II Hydroelectric Poqwer Plant Slovenia,46.05256,13.60608,-0.3108570575714111
Solkan HE Solkan 1 - Solkan Hydroelectric Poqwer Plant Slovenia,45.98441,13.65506,-0.2285187542438507
Vrhovo HE Vrhovo 1 - Vrhovo Hydroelectric Power Plant Slovenia,46.04415,15.22365,-0.046797040849924
Vuhred HE Vuhred 1 - Vuhred Hydroelectric Poqwer Plant Slovenia,46.58659,15.27548,-0.2327093482017517
Vuzenica HE Vuzenica 1 - Vuzenica Hydroelectric Poqwer Plant Slovenia,46.59257,15.15301,-0.1744680702686309
Zlatoličje Zlatolicje Hydroelectric Poqwer Plant Slovenia - Zlatolicje Hydroelectric Poqwer Plant Slovenia,46.44793,15.78693,-0.3068319857120514
ALBARELLOS GRUPO 1,42.4333,-8.1443,-0.5285892486572266
ARTIES 1,41.798,1.9543,-0.3730631470680237
AZUTAN,39.778999,-5.088,-0.2920025587081909
Aguayo,43.095804,-4.000656,-0.4777792394161224
Alange,38.78625,-6.270417,0.1488296687602996
Alarcon Alarcon Hydroelectric Power Plant Spain - Alarcon Hydroelectric Power Plant Spain,39.565,-2.113056,-0.1781816929578781
Aldeadavila,41.209335,-6.686566,-0.4323802292346954
Arbon ARBON 1 - ArbonHydroelectric Power Plant Spain,43.477229,-6.730199,-0.4398029148578644
BARAZAR 1,43.009998,-2.685,-0.535409688949585
BARCENA GR 1,42.57777778,-6.56083333,-0.4604043960571289
BARRIOS DE LUNA 1 (MORA LUNA),42.85138889,-5.86416667,0.2834750115871429
BELESAR 1,42.628502,-7.7122,-0.3749755620956421
BELESII,42.629002,-7.712,-0.2879693806171417
BEMBEZAR,37.903,-5.207,-0.3137591779232025
BIESCAS 21,42.624001,-0.24,-0.4619415998458862
BUENDIA 1,40.398998,-2.784,-0.261169970035553
BURGUILLO 1,40.424999,-4.534,-0.25908163189888
Bolarque 1/2/3,40.362584,-2.819307,-0.3721072971820831
C.H. ARNOYA,42.233093,-8.126675,-0.5509418249130249
C.H. MILLARES II GRUPO 1,39.25,-0.7667,-0.4610714912414551
C.H. RIALB 2.,41.93929,1.19562,-0.3126097321510315
C.H. SAHECHORES,42.6325,-5.2025,-0.4792636632919311
CALDES 2,42.5046,0.8006,-0.3510222434997558
CAMARASA II 1,41.8749,0.8781,-0.3834099769592285
CANELLES,41.958,0.634,-0.5288257002830505
CASTREJON 1,39.852001,-4.474,-0.32110795378685
CASTRELO GRUPO 1,42.2917,-8.1136,-0.3415993154048919
CASTRO II - Castro Hydroelectric Power Plant Spain,41.575401,-6.1872,-0.3090529441833496
CEDILLO 1,39.663898,-7.54,-0.2429358661174774
CENTRAL HIDRAULICA DOMENO,42.6758,-1.2395,-0.4286669492721557
CERNADILLA,42.0208,-6.417,-0.455062597990036
CIJARA 1,39.373001,-5.016,-0.2992189526557922
COFRENTES HYDRO,39.247002,-1.094,-0.3604270815849304
CORNATEL 1,42.471001,-6.813,-0.3304919302463531
CORTES 1,39.242199,-0.8782,-0.5546931624412537
Central Hidroelectrica de Conso,42.166873,-7.175245,-0.4419838488101959
Central de l'embassament de Darnius Boadella,42.34038429,2.83505879,-0.535574197769165
Central de l'embassament de La Baells,42.11826235,1.879835414,-0.5111503005027771
Central de l'embassament de Pasteral I,41.98449599,2.600532576,-0.3673766553401947
Central de l'embassament de Sant Ponç,41.96268329,1.605051744,-0.2023697793483734
Central de l'embassament de Sau,41.96761928,2.414154641,-0.360378623008728
Central de l'embassament de Susqueda,41.98538029,2.571035327,-0.5031905174255371
Chanza,37.5586685,-7.520417,-0.1165112555027008
Contreras,39.545417,-1.502917,0.2687097787857055
DOIRAS 1 - Doiras Hydroelectric Power Plant Spain,43.386002,-6.825,-0.4068336188793182
DUQUE,36.919998,-3.344,-0.3670121729373932
EL PUEYO,42.729062,-0.305922,-0.428302139043808
ENTREPENAS 1,40.493,-2.75,-0.2101596742868423
ERISTE 1,42.5899,0.4927,-0.408429354429245
ESCALES 1,42.3161,0.7463,-0.3937863409519195
EUME 1,43.403999,-8.043,-0.5202264785766602
Ebro,42.974583,-4.04875,0.062309630215168
El Cairat,41.57079803,1.864241398,-0.3958668410778045
Estany gento sallente,42.500623,0.989212,-0.2556109726428985
FLIX 1,41.2331,0.5472,0.2055264711380005
FRIEIRA,42.155998,-8.193,-0.3431993126869201
GRADO I 1,42.164001,0.241,-0.4839717745780945
GUADALMENA 1,38.356998,-2.921,-0.522072434425354
Gabriel galan,40.221274,-6.133104,-0.0888338834047317
García de Sola/PUERTO PENA,39.145417,-5.18625,-0.048263844102621
Gobantes,36.95558,-4.798108,-0.4929291009902954
Guijo granadilla,40.180133,-6.142519,-0.3343414962291717
Guillena GUILLENA GR 1 GENERAC,37.567315,-6.049541,-0.0662318840622901
IZNAJAR 1,37.276001,-4.387,-0.1575519293546676
Ibon de Ip,42.708,-0.496,-0.3865303099155426
Itoiz,42.80375,-1.362083,0.4983608424663543
JM ORIOL 1 - Jose Maria de Oriol (Alcantara) Hydroelectric Power Plant Spain,39.730301,-6.8849,-0.1809138357639312
LA BARCA 1,43.352001,-6.201,-0.4995898902416229
LA SERENA,38.912998,-5.413,0.0014105010777711
LAFORTUNADA CINQUETA 1,42.5741,0.1824,-0.4751088917255401
"LAFORTUNADA-CINCA GR,1",42.570999,0.202,-0.5311514735221863
LANUZA 1,42.709,-0.304,-0.0727965608239173
LAS CONCHAS 1,41.944,-8.035,-0.3710814416408539
LAS ONDINAS 1,42.8427,-6.4701,-0.462809681892395
LAS PICADAS 1,40.333,-4.249,-0.427121490240097
Los Peares,42.465,-7.724,-0.3199194669723511
MEDIANO 1,42.317001,0.2,0.6642262935638428
MENUZA,41.3217,-0.3508,-0.3278061151504516
MEQUINENZA,41.368999,0.274,-0.2841242551803589
MIRANDA 1 (HC),43.33083333,-6.20333333,-0.548592746257782
MONTEFURADO 3,42.39111111,-7.2175,-0.2720077037811279
MORALETS GR 1 GENERAC,42.569,0.757,-0.2914905250072479
Montamara,42.673534,1.235138,-0.4210310578346252
Muela,39.243581,-0.931709,-0.3135935366153717
NUEVO CHORRO,36.914799,-4.771129,-0.2122170180082321
Nansa Falls (Peña de Bejo hdam - Rozadio ror - Celis ror - Herrerías ror),43.133094,-4.3884443,-0.3720070421695709
OLIANA 3,42.12055556,1.30694444,0.2528839707374573
ORELLANA,38.986,-5.538,-0.1882064342498779
PAMPANEIRA 1,36.939999,-3.343,-0.4302592873573303
PEAREII,42.465,-7.724,-0.3199194669723511
PENADRADA 1,42.854,-6.459,-0.5639529824256897
PONT DE REI 1,42.8384,0.739,-0.3702109754085541
PONTENOVO 1,42.3746,-7.2351,-0.4848268628120422
PORTO,42.161999,-6.921,-0.591732382774353
PORTODEMOUROS,42.855,-8.189,-0.3648232221603393
PORTODEMOUROS 1,42.855,-8.189,-0.3648232221603393
PRADA 1,42.311001,-7.041,-0.4796818792819977
PROAZA 1,43.259998,-6.007,-0.5282657146453857
PUENTE BIBEY 4,42.3342,-7.2152,-0.548992395401001
Pintado,37.98416667,-5.95472222,-0.4064865410327911
Portas Las,42.11625,-7.212083,0.1031702980399131
"QUERENO GR, 1",42.417,-6.832,-0.4105252921581268
REGUEIRO (MAO) 1,42.342999,-7.475,-0.5616649389266968
REMOLINA 1,42.917,-5.05,-0.554604709148407
RIBADELAGO 2,41.9781,-6.1404,-0.4492480456829071
Ribarroja Riba-Roja,41.2512192,0.4870597,-0.4417943358421325
Ricobayo RICOBA II1 - Ricobayo Hydroelectric Power Plant Spain,41.5260254,-5.9845018,-0.2038873434066772
"S,EST IIG1",42.414001,-7.6496,-0.3047355115413666
SALAS,41.924,-7.943,-0.2571503520011902
SALIME 1 - Salime Hydroelectric Power Plant Spain,43.237,-6.847,-0.4449933469295501
SALIME 3 - Salime Hydroelectric Power Plant Spain,43.237,-6.847,-0.4449933469295501
SAN AGUSTIN 1,42.15333333,-7.07,-0.5870821475982666
SAN JUAN 1,40.373001,-4.312,-0.2460988014936447
SAN PEDRO 2,42.45222222,-7.71361111,-0.3131146132946014
SANTA MARINA 1,42.668999,-6.512,-0.4992688596248626
SEIRA HYDROELECTRIC PLANT ,42.478026,0.4360963,-0.4464173913002014
SEROS II 1,41.46861111,0.46194444,-0.4603203237056732
SOBRADELO 2,42.4139,-6.9191,-0.3653590977191925
SOBRON 1,42.76722222,-3.10027778,-0.161961168050766
Salt de Freser,42.3642447,2.174705208,-0.4980267584323883
Santiago Jares,42.39305556,-7.08888889,-0.3565820753574371
Saucelle SAUCE II 1 - Saucelle Hydroelectric Power Plant Spain,41.041734,-6.805412,-0.5489389896392822
Silvon SILVON 1 - Silvon Hydroelectric Power Plant Spain,43.387117,-6.825233,-0.5425928831100464
Soutelo,42.1543,-7.1887,-0.5317203998565674
TAMBRE II GRUPO 1,42.8368,-8.8498,-0.4354305565357208
"TANES GR,1 GENERAC,",43.221001,-5.428,-0.3941076099872589
TAVASCAN INFERIOR,42.646,1.26,-0.445844441652298
TERMENS,41.700183,0.735934,-0.4449954032897949
TERRADETS 1,42.0748,0.9162,-0.4183038175106048
TORAN,42.2312,-7.8303,-0.5518999099731445
TRANCO DE BEAS 1,38.174999,-2.796,-0.3346435725688934
Tajo encantada TJE1,36.908265,-4.763865,-0.0858765244483947
Talarn Talarn Hydroelectric Power Plant Spain - Talarn Hydroelectric Power Plant Spain,42.17969,0.91314,-0.2539940774440765
Torrejon,39.835871,-5.989523,-0.2800491750240326
Tregurà,42.34174258,2.296907389,-0.5092247128486633
Urdiceto,42.67719,0.270431,-0.4520468115806579
VELLE GRUPO 2,42.3589,-7.851,-0.1858751773834228
VIELHA 1,42.70888889,0.79722222,-0.3244211077690124
VILLANUA,42.706001,-0.52,-0.4475760161876678
Valdecanas,39.77787,-5.612464,-0.2717871069908142
Valparaiso,41.993,-6.271,-0.3947428166866302
Villalcampo VILLALC 21 - Villalcampo Hydroelectric Power Plant Spain,41.491101,-6.084608,-0.1348156183958053
Villarino VLLRINO 1G - Almendra (Villarino) Hydroelectric Power Plant Spain,41.271328,-6.320278,-0.0289069693535566
ZUJAR,38.917,-5.479,-0.1196217536926269
Abelvattnet,65.545168,14.981899,-0.1121025383472442
Ajaure,65.509167,15.625556,-0.1632484644651413
Akkats Akkats Hydroelectric Power Station Sweden - Akkats Hydroelectric Power Station Sweden,66.6313945,19.819811,-0.1076310947537422
Alfta,61.341075,16.006847,-0.4440619051456451
Anjan,63.6833,12.6333,-0.4134730994701385
Asele,64.102,17.2891,-0.336700975894928
Avestaforsen,60.15,16.1667,-0.4400022327899933
Avesta Storfors,60.15,16.1667,-0.4400022327899933
Balforsens krv,64.655189,18.48563,-0.1822035461664199
Bastusel Bastusel G1 - Bastusel Hydroelectric Power Plant Sweden,65.403606,18.673154,-0.1877008974552154
Batfors,64.832573,20.223732,-0.2431273609399795
Bergeforsen Bergeforsen Hydroelectric Power Station Sweden - Bergeforsen Hydroelectric Power Station Sweden,62.5193565,17.3850875,-0.0381061173975467
Bergvattnet,64.55,15.2333,-0.4184982776641845
Bergvik,61.2667,16.85,-0.4787082374095917
Bjorna,63.5667,18.55,-0.4692418873310089
Bjurfors nedre krv,64.1023,19.5671,-0.2080717235803604
Bjurfors övre krv,64.1023,19.5671,-0.2080717235803604
Blasjön,64.74166667,14.25444444,-0.4890202283859253
Blybergs kraftverk,61.146912,14.146147,-0.2733255326747894
Boden Boden Hydroelectric Power Station Sweden - Boden Hydroelectric Power Station Sweden,65.8078,21.6716,-0.1273911744356155
Brynge,63.25888889,18.33222222,-0.4388508796691894
Bullerforsen,60.508889,15.436944,-0.1758138835430145
Dabbsjö,64.607742,15.465791,-0.1899785697460174
Dejefors,59.60805556,13.47583333,-0.3216067254543304
Dönje,61.389765,16.388557,-0.5569732785224915
Edensforsen,63.68385,17.00645,-0.2652796506881714
Edsele,63.40416667,16.55638889,-0.2818332016468048
Eldforsen,60.43777778,14.22777778,-0.2528106570243835
Flasjön,60.0833333,13.9833333,-0.4266688525676727
Forshaga,59.52611111,13.49916667,-0.0855910554528236
Forshult,59.95583333,13.525,-0.4457844793796539
Forshuvud,60.53527778,15.42222222,-0.1260886788368225
Forsmo Forsmo Hydroelectric Power Plant Sweden - Forsmo Hydroelectric Power Plant Sweden,63.266912,17.204441,-0.532173752784729
Frykfors Fryken,59.54375,13.299583,-0.1368092149496078
Furudal,61.1667,15.1333,-0.2637440860271454
Gaddede,64.5,14.15,-0.2348852306604385
Gallejaur Gallejaur G1 - Gallejour Hydroelectric Power Plant Seweden,65.127297,19.467367,-0.1713408380746841
Gammelänge,63.141944,16.161111,-0.2880392074584961
Gardiken gardikfors,65.476969,15.856519,-0.3173646628856659
Gejman,65.572,15.1816,-0.303282618522644
Gidbole,63.40666667,19.05361111,-0.4126712381839752
Gidea,63.4725,18.9925,-0.4543811380863189
Gideabacka,63.331136,19.126693,-0.4544236361980438
Glava,59.53888889,12.55583333,-0.4712176620960235
Granfors,64.77972222,20.41638889,-0.3504487574100494
Grundfors,64.9654,17.5797,-0.3559335470199585
Grundsjoarna,62.532083,13.092083,-0.2947026789188385
Grytfors,65.295466,19.11352,-0.1739297062158584
Hackren,63.197917,13.50875,-0.2612598240375519
Hallby Gulsele,63.821222,17.145008,0.1767980456352234
Bassalt,56.51083333,13.40027778,-0.4753312468528747
Halvfari,62.43472222,13.45027778,-0.3262241780757904
Hammarforsens,63.112909,16.354573,-0.2529173195362091
Harrsele,64.000342,19.566667,-0.4813181757926941
Harsprånget Harspranget G1 - Harspranget Hydroelectric Power Station Sweden,66.885309,19.818399,-0.255494087934494
Hermansboda,62.5418,15.8434,-0.3457942306995392
Hjalta,63.1837,17.0968,-0.4482126832008362
Hojum Hojum Hydroelectric Power Plant Sweden - Hojum Hydroelectric Power Plant Sweden,58.2802,12.2785165,-0.3200210332870483
Horrmundsvalla,61.31305556,13.16,-0.4505297839641571
Hoting,64.1167,16.1667,-0.4889068305492401
Hylte,57.0025,13.26333333,-0.2076587826013565
Hällforsens,64.58337,18.69227,-0.2554129958152771
Höljes Holjes Hydroelectric Power Station Sweden - Holjes Hydroelectric Power Station Sweden,60.9509665,12.545216,-0.2944447696208954
Hölleforsen,62.950833,16.667778,-0.2171816378831863
Juktans Storjuktan- Dammen,65.292975,17.2233,-0.2656235098838806
Juveln,63.7167,13.15,0.3720917105674743
Järkvissle,62.80183,16.637707,-0.3717789947986603
Järnvägsforsen,62.48861111,15.55444444,-0.430219292640686
Järpströmmen,63.344498,13.460305,-0.0030448730103671
Karsefors,56.501729,13.11362,-0.3521014153957367
Kattstrupeforsen,63.326439,14.579856,-0.3620042502880096
Kilforsen Kilforsen Hydroelectric Power Plant Sweden - Kilforsen Hydroelectric Power Plant Sweden,63.5423,16.7629,-0.3451633751392364
Kinna,57.509323,12.683843,-0.4074784517288208
Klippen,65.88888889,14.98944444,-0.4284570217132568
Korsselbränna,64.467447,15.532646,-0.2674402594566345
Krakerud,59.97972222,13.56361111,-0.4073291420936584
Krangfors,64.75,20.4666667,-0.2272388637065887
Krokströmmen Krokstrommen Hydroelectric Power Plant Sweden - Krokstrommen Hydroelectric Power Plant Sweden,62.04222222,14.89805556,-0.4279354512691498
Kroppstadfors,59.75833333,12.35972222,-0.3947198987007141
Krångede Krangede Hydroelectric Power Plant Sweden - Krangede Hydroelectric Power Plant Sweden,63.14623,16.0706,-0.204818844795227
Kvarnsveden,60.4858035,15.43714285,-0.3370949327945709
Kvistforsen,64.744883,20.863433,-0.4524257779121399
Kymmen,59.974327,12.757321,0.3458244502544403
Laforsen,61.937373,15.521949,-0.3001873195171356
Laholm,56.5121,13.0437,-0.4222160279750824
Landafors,61.25,16.6333333,-0.4815368056297302
Lanforsen,60.53111111,17.41638889,-0.3507277369499206
Langbjörn Langbjorn Hydroelectric Power Plant Sweden - Langbjorn Hydroelectric Power Plant Sweden,63.6366335,16.78694,-0.4416348040103912
Langed,58.924253,12.307601,-0.3918837010860443
Langströmmen,62.106128,14.995905,-0.2856757938861847
Lasele,63.555408,16.840305,-0.3758466839790344
Laxede Laxede Hydroelectric Power Station Sweden - Laxede Hydroelectric Power Station Sweden,66.2682205,20.8259525,-0.490306556224823
Leringsforsen,62.590859,16.40657,-0.4152736961841583
Letsi Letsi G1 - Letsi Hydroelectric Power Plant Sweden,66.503203,20.380167,-0.3324763774871826
Letten,60.712207,12.667535,0.3721093833446502
Ligga Ligga G3 - Ligga Hydroelectric Power Station Sweden,66.80939,19.896293,-0.2591749727725982
Lilla Edet,58.1356,12.1199,0.100455917418003
Lindbyn,60.50638889,14.99416667,-0.4473922252655029
Lottefors,61.4166667,16.4,-0.506007730960846
Lovons Krv,63.829583,15.642083,-0.4545645117759704
Långå,62.46369,13.08091,-0.4101264774799347
Malgomaj,64.8,16.0167,-0.2873695492744446
Matfors,62.35,17.0333,-0.3738850653171539
Messaure Messaure G1 - Messaure Hydroelectric Power Station Sweden,66.691226,20.345341,-0.306657463312149
Midskog Vermunt Hydroelectric Power Plant Austria - Midskog Hydroelectric Power Plant Sweden,63.2411585,15.2339025,-0.3064570426940918
Mockfjärd,60.501506,14.964287,-0.451167345046997
Moforsen Hydroelectric Power Station Sweden - Moforsen Hydroelectric Power Station Sweden,63.36827,16.98765,-0.2464993447065353
Motala,58.560479,15.082435,-0.3849010765552521
Munkfors,59.8386,13.5436,-0.4998297989368438
Nederede,62.4333,16.4833,-0.4919977486133575
Nissaström,56.841854,13.008626,-0.441133588552475
Noppikoski,61.489883,14.709516,-0.4525957107543945
Norrange,61.489482,16.381977,-0.4840000867843628
Nämforsen Namforsen Hydroelectric Power Station Sweden - Namforsen Hydroelectric Power Station Sweden,63.44027778,16.88083333,-0.2378434389829635
Näs Nas Hydroelectric Power Plant Sweden - Nas Hydroelectric Power Plant Sweden,60.1749285,16.476273,-0.3563590943813324
Näverede,63.223555,15.320856,-0.0935561060905456
Olden,63.74985,13.54035,-0.2863382399082184
Olidan Olidan Hydroelectric Power Plant Sweden - Olidan Hydroelectric Power Plant Sweden,58.275,12.2726,-0.2380623519420623
Parki,66.74388889,19.20333333,-0.2258050590753555
Parteboda,62.517539,15.691329,-0.3939891159534454
Pengfors krv,63.921437,19.667553,-0.3552927672863006
Porjus Porjus G11 - Porjus Hydroelectric Power Station Sweden,66.954281,19.796076,-0.3366040885448456
Porsi Porsi G3 - Porsi Hydroelectric Power Plant Sweden,66.428961,20.653796,-0.3166359961032867
Prästforsens krv,60.668611,17.076944,-0.4044469594955444
Ramsele,63.541981,16.45496,-0.3809277415275574
Randi,66.706406,19.516481,-0.1728990375995636
Rebnisjaure rebnis krv,66.499046,17.107241,-0.4482630789279938
Rengard,64.933513,20.046481,-0.362254798412323
Ritsem Ritsem G1 - Ritsem Hydro Power Station Sweden,67.729796,17.48494,-0.2744873762130737
Rottnen,59.7925,13.10166667,-0.4697437584400177
Rusfors,64.717559,18.242239,-0.3188054859638214
Seitevare Seitevare G1 - Seitevare Hydroelectric Power Station Sweden,66.976846,18.573706,-0.1707185059785843
Selsfors,64.74194444,20.63055556,-0.1720993965864181
Sikfors,65.525764,21.183168,-0.2932184934616089
Sillre,62.77138889,16.71027778,-0.4326165914535522
Sils,63.73444444,16.42583333,-0.4144291579723358
Skagern – gullspang,58.986325,14.106716,-0.3840973973274231
Skallböle,62.364099,16.962161,-0.3427556157112121
Skedvi,60.398171,15.808669,-0.3746926784515381
Skoga,60.04472222,13.52805556,-0.4573046863079071
Skogaby,56.530556,13.183333,-0.4405876100063324
Skymnäs,59.94472222,13.53166667,-0.2698466181755066
Soderfors,60.3833,17.2333,-0.4504770934581756
Solleftea,63.167911,17.277051,-0.3296215832233429
Spjutmo,61.083948,14.318083,-0.3383718729019165
Stadsforsen,62.990118,16.65472,-0.2913587391376495
Stalon Stalon G1 - Stalon Hydroelectric Power Station Sweden,64.94388889,15.83111111,-0.388517290353775
Stenkullafors,64.29432,17.246873,-0.2040945142507553
Stensele,65.054381,17.231956,-0.0840469151735305
Storavan bergnäs krv,65.6833333,18.1666667,0.4712326228618622
Storfinfors Storfinnforsen Hydroelectric Power Station Sweden - Storfinnforsen Hydroelectric Power Station Sweden,63.597923,16.1205895,-0.157350555062294
Stornorrfors Stornorrfors G1 - Stornorrfors Hydroelectric Power Station Sweden,63.85198,20.051344,-0.3294156193733215
Stugun,63.1625,15.6245,-0.3672860860824585
Svartafors,58.450011,15.491865,-0.2586098313331604
Svarthalsforsens,63.028896,16.569358,-0.3027572929859161
Sveg Sveg Hydroelectric Power Plant Sweden - Sveg Hydroelectric Power Plant Sweden,62.01812,14.2453105,0.276994377374649
Sädvajaur sädva,66.467003,16.549485,0.4037022292613983
Sällsjö,63.22388889,13.67861111,-0.4276624023914337
Tasan,60.76638889,12.84916667,-0.4139630794525146
Tasjo,64.2167,15.9,0.2055424749851226
Torpshammar,62.472822,16.325252,-0.2963114380836487
Trangfors,59.6333333,16.2,-0.4520346224308014
Traryd,56.584337,13.756098,-0.2379245609045028
Trängslet Trangslet G1 - Trängslet Hydroelectric Power Plant Sweden,61.381645,13.731379,-0.3499201536178589
Tuggen,64.479423,18.878073,-0.0395727157592773
Turinge,62.46055556,14.84527778,-0.4428139626979828
Umluspen,65.095,17.101667,-0.2898966372013092
Untra,60.43888889,17.34,-0.4483092725276947
Vargfors Vargfors Hydroelectric Power Station Sweden - Vargfors Hydroelectric Power Station Sweden,65.0222165,19.682859,0.0333000496029853
Vargön,58.355556,12.374444,0.0647267699241638
Vietas Vietas G1 - Vietas Hydroelectric Power Station Sweden,67.493432,18.353512,-0.1993625462055206
Viforsens,62.311094,17.172947,-0.4601962864398956
Vittjärv Vittjarv Hydroelectric Power Station Sweden - Vittjarv Hydroelectric Power Station Sweden,65.8460275,21.5538235,-0.4251578748226166
Volgsjöfors,64.55,16.75,-0.2523018419742584
Yngeredsfors,57.0531,12.778165,-0.3751014769077301
Älvkarleby Alvkarleby Hydroelectric Power Plant Sweden - Alvkarleby Hydroelectric Power Plant Sweden,60.5636805,17.44205,-0.2632948160171509
Öjeforsen,62.02166667,15.25638889,-0.2490038275718689
Aarau stadt,47.39478173,8.035874583,-0.3231000602245331
Aarberg Aarberg Hydroelectric Power Plant Switzerland - Aarberg Hydroelectric Power Plant Switzerland,47.0378524,7.271927211,-0.0990900620818138
Aarewerk thun,46.7616833,7.616856002,-0.367357850074768
Aboyeu,46.18195706,7.03393846,-0.3468028903007507
Ackersand,46.24000507,7.874575928,-0.3736244142055511
Aegina,46.46817414,8.369523304,-0.304062008857727
Airolo,46.5285,8.6088,-0.2046533226966858
Albignawerk löbbia,46.37495221,9.658900883,-0.1269348710775375
Aletsch,46.35397488,8.042760235,-0.256712794303894
Am löntsch,47.05663848,9.049114634,-0.4535666108131408
Amsteg,46.76675965,8.672923364,-0.3712243735790252
Ardon,46.216721,7.256573,-0.3682139217853546
Arniberg,46.76899448,8.665904129,-0.547139048576355
Arosa litzirüti,46.80004935,9.705911981,-0.3065081536769867
Au schönenberg,47.52398098,9.186791025,-0.2429179251194
Aue dotierzentrale,47.46945285,8.309635082,-0.3261542618274688
Augst,47.53676241,7.709688481,0.0089342100545763
Bannalp/Oberrickenbach,46.88030374,8.421259962,-0.4405800700187683
Bannwil,47.22937261,7.732298272,-0.0440690852701664
Beznau,47.55780513,8.23714123,-0.074849285185337
Beznau-Wehrkraftwerk,47.5525,8.2286,-0.2266620546579361
Biasca,46.33498852,8.982649599,-0.5455319285392761
Birsfelden,47.55986094,7.626364606,0.1055281236767768
Bisisthal,46.94662168,8.827997746,-0.4323268532752991
Bitsch,46.33364617,8.00759904,-0.3657183647155761
Bocki,46.84096379,8.63214556,-0.4830518066883087
Bondo,46.33399639,9.55121329,-0.4331396520137787
Bortel oberstufe,46.29345117,8.088158871,-0.4598767459392547
Bremgarten zufikon,47.34365443,8.345628025,0.0288576539605855
Brigels tavanasa/Mutteins,46.75806217,9.071746229,-0.40243861079216
Broc,46.60985762,7.109306753,-0.4121557176113128
Brummbach linthal,46.92764054,9.002303541,-0.3120645880699157
Brügg,47.1191459,7.258099814,-0.1678595393896103
Buchs altendorf,47.15699679,9.467100771,-0.4916201531887054
Bärenburg,46.59019154,9.421427226,-0.2148923873901367
Bözingen,47.15450871,7.266550789,-0.4779943227767944
Bürglen unterschächen,46.87652924,8.663371668,-0.3663658201694488
Calancasca/Sassello,46.23920795,9.118549621,-0.5544425845146179
Campocologno,46.231495,10.14443839,-0.3641298711299896
Castasegna,46.33609811,9.515437008,-0.4945773482322693
Cavaglia,46.36809688,10.03630585,-0.343540757894516
Centrale di Bavona,46.401001,8.551,-0.4505927860736847
Centrale di Cavergno,46.349998,8.6,-0.5871143937110901
Centrale di RobieiPS,46.464001,8.546,0.0471827276051044
Centrale di Verbano,46.1201,8.7118,-0.3762045502662658
Champsec,46.05712536,7.248063884,-0.4252752363681793
"Chancy pougny dot, passe pois",46.15987119,5.9753486,0.2905373573303222
Chanrion,45.99977203,7.350620833,-0.1164262220263481
Charmey perré,46.61458556,7.161756538,-0.4532826542854309
Chippis rhône,46.28194587,7.547499966,-0.2331476807594299
Châtelard - Barberine,46.058217,6.956967,-0.49081552028656
Croix Croix Hydroelectric Power Plant Switzerland - Croix Hydroelectric Power Plant Switzerland,46.30817449,7.434100899,-0.4574453234672546
Dala,46.31872947,7.623784583,-0.3460709750652313
Dallenwil,46.91166368,8.393608875,-0.4474632740020752
Dernier,46.70209956,6.349937545,-0.4695176780223846
Diablerets,46.35306411,7.154650449,-0.3952969312667846
Dietikon,47.41033996,8.407980194,-0.3193708658218384
Eglisau Eglisau Hydroelectric Power Plant Switzerland - Eglisau Hydroelectric Power Plant Switzerland,47.57491614,8.473322087,-0.123190052807331
Engeweiher,47.69348408,8.630435553,-0.2098333537578582
Engi,46.98504265,9.153197541,-0.3946582376956939
Erlenbach,46.65688216,7.548118912,-0.3919213414192199
Ernen ERNE UNIT 3,46.39116874,8.13015041,-0.3518187999725342
Etzelwerk Altendorf,47.1941129,8.812915171,-0.4040198922157287
Ewz (Sils),46.70408174,9.464068527,-0.3508312106132507
FERRERA KHR,46.533546,9.434086,-0.3130369484424591
Felsenau Felsenau Hydroelectric Power Plant Switzerland - Felsenau Hydroelectric Power Plant Switzerland,46.96844294,7.439421064,-0.3795911371707916
Fieschertal,46.41127389,8.137625667,-0.4415605366230011
Filisur,46.66989197,9.689202636,-0.3499894738197326
Fionnay (Dixence),46.035888,7.30317,-0.4240998923778534
Fionnay mauvoisin,46.03040473,7.30795255,-0.371648907661438
Flumenthal,47.22910691,7.589951686,-0.0829602554440498
Fätschbach,46.91551045,8.987901562,-0.3930003941059112
Gabi Gabi Hydroelectric Power Plant Switzerland - Gabi Hydroelectric Power Plant Switzerland,46.18821153,8.070066985,-0.4759745001792907
Gental Fuhren Hydroelectric Power Plant Switzerland - Fuhren Hydroelectric Power Plant Switzerland,46.72719109,8.333697249,-0.4232774376869201
Giumaglio,46.28241272,8.669718834,-0.5579862594604492
Glattalp,46.91761881,8.845498864,-0.4041595160961151
Gondo Gondo Hydroelectric Power Plant Switzerland - Gondo Hydroelectric Power Plant Switzerland,46.19600922,8.150604223,-0.3331803679466247
Gordola,46.19421678,8.849101117,-0.5229634046554565
Grimsel 1 (Grimselsee),46.5654,8.3278,-0.2872248291969299
Grimsel 1 (Oberaarsee),46.5654,8.3278,-0.2872248291969299
Grimsel 2,46.569724,8.319772,0.792995035648346
Grono,46.242012,9.153520004,-0.4900746941566467
Gurtnellen,46.725769,8.618869,-0.4422502517700195
Göschenen andermatt,46.66736286,8.585314102,-0.3173117339611053
Göschenen göscheneralp,46.66736286,8.585314102,-0.3173117339611053
Gösgen,47.36942514,7.979454655,-0.358973741531372
Hagneck,47.05962457,7.178008446,0.0410935208201408
Handeck 1,46.6167,8.3077,-0.30321004986763
Handeck 2/2a,46.614742,8.303538,-0.3609327673912048
Handeck 3 (Isogyre),46.617,8.3063,-0.1573992669582367
Hauterive,46.76895067,7.127576354,-0.3652817010879516
Heiligkreuz,46.34761436,8.175193586,-0.3017046451568603
Hintersand,46.9218287,8.9996438,-0.312962532043457
Hinterthal (Muota),46.97100515,8.782496692,-0.4135993719100952
Hopflauenen leimboden,46.71511341,8.277516982,-0.3521005809307098
Hopflauenen trift Hopflauenen Hydroelectric Power Plant Switzerland - Hopflauenen Hydroelectric Power Plant Switzerland,46.71511341,8.277516982,-0.3521005809307098
Hüribach,46.97100515,8.782496692,-0.4135993719100952
Ilanz stufe panix pigniu,46.77476376,9.195225579,-0.3081297874450683
Ilanz stufe tavanasa,46.77476376,9.195225579,-0.3081297874450683
Innergsteig,46.37642613,7.277999853,-0.3437449336051941
Innertkirchen 1/2/3,46.70855348,8.226019489,-0.3736277818679809
Innertkirchen 2,46.7086,8.226,-0.3725570142269134
Isenthal bolzbach,46.89920756,8.593407132,-0.2305724173784256
Kallnach,47.02149902,7.22817749,-0.3662695288658142
Kandergrund,46.5427474,7.6594866,-0.3847789764404297
Kappelerhof,47.48455391,8.292831925,-0.346096932888031
Klingnau,47.5945791,8.225727733,0.0267708860337734
Klosters Hydroelectric Power Plant Switzerland - Klosters Hydroelectric Power Plant Switzerland,46.861086,9.895629,-0.3286617696285248
Kubel,47.40190948,9.323640638,-0.4488504827022552
Küblis,46.91397419,9.782029249,-0.3691992163658142
La Batiaz,46.109863,7.061907,-0.3335851430892944
Laufenburg,47.55591338,8.049124537,-0.0306619498878717
Lavey,46.21444422,7.012962705,-0.4253376424312591
Lavin Prà da Plaiv (Lavinuoz),46.76897795,10.11431787,-0.2941326200962066
Le chalet,46.72772632,6.522243024,-0.4947901368141174
Les clées,46.73112688,6.444992521,-0.5386098027229309
Lessoc,46.5060508,7.053267128,-0.1701352745294571
Limmern,46.8489,9.0118,-0.4313690066337585
Linthal,46.877916,8.98358,0.5222683548927307
Lostallo,46.32195766,9.209030788,-0.4528075158596039
Luchsingen,46.96604977,9.035489525,-0.3353288173675537
Luzzone,46.56525608,8.96078316,-0.3816555142402649
Löbbia (Albigna),46.37495221,9.658900883,-0.1269348710775375
Lötschen,46.31972855,7.744274904,-0.4143085479736328
Mapragg - Gigerwald G1,46.948002,9.482,0.0007595947245135
Martigny bourg,46.08830987,7.059069767,-0.3752366602420807
Martina,46.8842,10.4627,-0.3505395352840423
Massaboden,46.33299753,8.011358473,-0.3752003014087677
Miéville,46.14640585,7.028896763,-0.4537549912929535
Molinis lüen,46.82844281,9.606149925,-0.3543763756752014
Montbovon,46.48795246,7.048316905,-0.3283178210258484
Montcherand,46.72720572,6.513486623,-0.4721145629882812
Morobbia,46.16806361,9.016899527,-0.5012187361717224
Mottec,46.15303624,7.619988428,-0.1710531562566757
Murg gödis,47.10844844,9.214736312,-0.5212857127189636
Murg plätz,47.09244923,9.207882246,-0.4550210833549499
Murg säge,47.11350488,9.219385013,-0.0307828672230243
Mutt,46.01146382,7.738553163,-0.387584775686264
Mörel,46.35218065,8.041830887,-0.2656717002391815
Mühleberg Muehleberg Hydroelectric Power Plant Switzerland - Muehleberg Hydroelectric Power Plant Switzerland,46.9691475,7.284493974,0.0965143367648124
Nant drance NANT DE DRANCE - Nant de Drance Pumped Storage Power Plant Switzerland,46.066078,6.901301,-0.3033453524112701
Navisence,46.28131729,7.546331033,-0.1949571371078491
Nendaz,46.1822,7.248,-0.3676454126834869
Neubrigg,46.39618146,8.134244927,-0.3341183662414551
Neuhausen,47.67988066,8.614946567,-0.3625786006450653
Niederenbach,46.9957287,9.087131055,-0.2859490811824798
Niederried Niederried-Radelfingen Hydroelectric Power Plant Switzerland - Niederried-Radelfingen Hydroelectric Power Plant Switzerland,47.00317218,7.241135671,-0.2109154313802719
Niederurnen,47.12358202,9.042165024,-0.5087889432907104
Nuova biaschina,46.36495121,8.928785368,-0.3766816258430481
Oberems (Argessa),46.2815,7.6953,-0.3609908819198608
Obermatt,46.8425235,8.372585756,-0.4562962055206299
Oelberg,46.80170595,7.167340809,-0.3739947378635406
Olivone,46.53967951,8.949111449,-0.5018351674079895
Orsières,46.02109359,7.142307646,-0.4024110734462738
Pallazuit,45.98108849,7.189492432,0.0172412600368261
Palü,46.37249504,10.02897447,-0.2906042039394378
Petite vaux,46.488904,6.40504,-0.4090333878993988
Peuffeyre,46.26598336,7.061717565,-0.5218420624732971
Pintrun,46.815254,9.348688,-0.489668071269989
Piottino,46.43833096,8.83996336,-0.3090294301509857
Plan dessous,46.49920897,6.385808677,-0.4702705442905426
Plessurwerk,46.84043063,9.542505418,-0.3863023817539215
Plons,47.05405739,9.40001024,-0.4536819756031036
Pont de la Tine,46.34778507,7.044325779,-0.4578690528869629
Ponte brolla,46.18559009,8.751208893,-0.3518723249435425
Pradella,46.80481973,10.33134418,-0.2172092944383621
Rathausen,47.0817754,8.314332515,-0.2837571799755096
"Realta, Rothenbrunnen",46.764823,9.417847,-0.3863165974617004
Refrain,47.18769382,6.873117372,-0.4961203634738922
Reichenau,46.83773371,9.447331014,-0.0505312383174896
Rheinau,47.63891024,8.601661178,-0.4464905261993408
Riddes,46.157692,7.209341,-0.3766238987445831
Risi,47.09467832,9.056713556,-0.4523592293262481
Ritom,46.51725677,8.675317564,-0.3570669293403625
Robbia,46.34826422,10.06109217,-0.3639739155769348
Rondchâtel,47.17103262,7.249745764,-0.4364465773105621
Rothenbrunnen,46.7699211,9.419593243,-0.2029630541801452
Rupperswil auenstein,47.41179666,8.11477179,-0.2339237481355667
Ruppoldingen,47.31229156,7.877702174,-0.0894518792629242
Russein,46.72028184,8.898568347,-0.3292172253131866
Ryburg schwörstadt,47.58686194,7.83370777,0.1432151645421981
Rüchlig dotierzentrale,47.39942457,8.051028325,-0.3964640200138092
SEDRUN,46.639999,8.761,-0.3911330103874206
SILS KHR,46.703999,9.466,-0.2857199609279632
Safien platz,46.67782429,9.315873833,-0.2146130353212356
Sahli (Ruosalp),46.91761881,8.845498864,-0.4041595160961151
Sainte anne,46.53512976,7.08799404,-0.4323284327983856
Sambuco peccia,46.41564187,8.61147407,-0.5266153216362
Sarelli,46.97709803,9.538658855,-0.4779770374298095
Schaffhausen,47.69312439,8.63042746,-0.1674164980649948
Schattenhalb,46.719447,8.184582968,-0.4054514765739441
Schiffenen,46.8827252,7.194219036,-0.2818236947059631
Schiffmühle,47.48806753,8.267277979,-0.3170684576034546
Schlappin,46.88504801,9.878557901,-0.4618223011493683
Seekraftwerk zervreila,46.57894959,9.119315564,-0.279744029045105
Sembrancher,46.079152,7.156727248,-0.3434953689575195
Seujet Seujet Hydroelectric Power Plant Switzerland - Seujet Hydroelectric Power Plant Switzerland,46.20311975,6.134471586,-0.2486640065908432
Silliboden,46.30442675,8.004178335,-0.4177269041538238
Simmenfluh,46.67279879,7.622640841,-0.3475418984889984
Soazza,46.3424239,9.212166351,-0.569766104221344
Solis,46.68192209,9.525213,-0.4237889051437378
Spiez,46.69665104,7.664951472,-0.1113080829381942
Spina isola,46.43113436,9.206999104,-0.4102317988872528
Spina valbella,46.43113436,9.206999104,-0.4102317988872528
St léonard St-Leonard Hydroelectric Power Plant Switzerland - St-Leonard Hydroelectric Power Plant Switzerland,46.26058771,7.44474053,-0.4172257781028747
Stalden STALDEN - Stalden Hydroelectric Power Plant Switzerland,46.23022033,7.857193058,-0.4263611435890198
Stalvedro aet,46.51741111,8.677666938,-0.2448717504739761
Stechelberg,46.54472644,7.899907479,-0.4177412688732147
Sublin,46.26509974,7.040192582,-0.5127660036087036
Susasca,46.75519301,10.08403667,-0.2846803367137909
Tannuwald,46.14994099,8.107936687,-0.4241907298564911
Taschinas,46.98284123,9.644863303,-0.461382120847702
Tasnan,46.7776529,10.22572094,-0.335969865322113
Tavanasa kvr,46.75103682,9.046923928,-0.273630142211914
Thusis,46.69014862,9.442884084,-0.3613204658031463
Ticinetto,46.41957428,8.850667019,-0.5010051727294922
Tiefencastel ost,46.66440166,9.562703474,-0.2467210739850998
Tiefencastel west,46.66440166,9.562703474,-0.2467210739850998
Tierfehd (Limmern),46.876269,8.986949,-0.4053658545017242
Tierfehd hintersand,46.87611534,8.987029349,-0.3922179341316223
Tierfehd umwälzwerk,46.87875008,8.985137042,-0.2221134752035141
Tinizong,46.58250649,9.610648358,-0.393023282289505
Tremorgio,46.49021144,8.736704246,-0.4047464728355407
Turtmann,46.29540226,7.685998364,-0.504729151725769
Ulrichen,46.50312594,8.318531648,-0.3218017220497131
Unteraa lungerersee,46.82143519,8.174462349,-0.5155336260795593
Unteraa melchaa,46.87706055,7.998592231,-0.5102151036262512
Usine du chanet,46.95925861,6.828886453,-0.4891718626022339
Verbois Verbois Hydroelectric Power Plant Switzerland - Verbois Hydroelectric Power Plant Switzerland,46.19139413,6.027357341,-0.3836317658424377
Vernayaz cff,46.13320779,7.03598337,-0.4638718664646148
Verzasca tenero,46.18165823,8.853309454,-0.476533979177475
Veytaux,46.4198999,6.9287696,-0.4389009773731231
"Vissoie ""groupe auxiliaire""",46.20993765,7.585969834,-0.2832219898700714
Vouvry,46.33612447,6.881481154,-0.4573572278022766
Waldhalde,47.17916527,8.628475867,-0.4211798310279846
Walibach,46.45215195,8.215139487,-0.374069333076477
Wassen,46.7156914,8.610146972,-0.4008243680000305
Wernisberg,46.99621882,8.651244257,-0.4138169288635254
Wettingen dotieranlage,47.45672815,8.32116358,-0.2132110297679901
Wiesti,46.02437926,7.752570265,-0.2279190421104431
Wildegg brugg,47.46884602,8.169881131,-0.3800788223743438
Wolfenschiessen,46.9032,8.3942,-0.4481083154678345
Wyhlen,47.53873,7.70768,-0.051264964044094
Wynau,47.25625228,7.786083656,-0.0576446577906608
Wägital rempen,47.13837318,8.897577361,-0.3817364871501922
Wägital siebnen,47.17162805,8.900067399,-0.4005630016326904
Zermeiggern ZERMEIGGERN - Zermeiggern Hydroelectric Power Plant Switzerland,46.08236906,7.956505432,-0.2143251895904541
Alt?nkaya Dam,41.3668,35.7244,-0.3343535363674164
Aslanta? Dam,37.27055556,36.27444444,-0.3059985637664795
Atatürk Dam,37.4825,38.3186,-0.1590737849473953
Batman Dam,38.1602,41.2026,-0.1450789719820022
Berke Dam,37.3731,36.4615,-0.2889437079429626
Birecik Dam,37.0542,37.8901,-0.1088016703724861
Borçka Dam,41.3507,41.6834,-0.2168668657541275
Boyabat Dam,41.3391,35.0033,-0.4582168459892273
Deriner Dam,41.1696,41.8697,0.1263172477483749
Devecikona?? Dam,39.8756,28.5754,-0.0770317539572715
Dicle Dam,38.23083889,40.17655278,-0.2328558564186096
Gezende Dam,36.5285,33.1943,-0.2085312306880951
Gökçekaya Dam,40.0332,31.016,-0.0008050536853261
Hasan U?urlu Dam,40.9367,36.6493,-0.3276338875293731
Hirfanl? Dam,39.2731,33.5184,-0.1911711692810058
Il?su Dam,37.5302,41.8529,0.019630679860711
K?l?çkaya Dam,40.242,38.1859,-0.0477026738226413
Karakaya Dam,38.2264,39.1353,-0.1554489880800247
Karkam?? Dam,36.8697,38.0307,-0.1428832560777664
Keban Dam,38.8055,38.7591,-0.0969634801149368
Menzelet Dam,37.6766,36.8505,-0.0796786844730377
Muratl? Dam,41.4683,41.7137,-0.3168251812458038
Obruk Dam,40.7702,34.7913,-0.2700105011463165
Oymapinar Dam,36.9086,31.5316,-0.2862430512905121
Sar?yar Dam,40.04,31.4144,-0.3086909055709839
Sir,37.5009,36.5967,-0.3601503670215606
Çatalan Dam,37.1953117,35.2780132,-0.271375298500061
Özlüce Dam,39.1278,40.0855,-0.2429415732622146
Dneipro HPP 2,47.8675,35.0897,-0.074176974594593
Dniester,48.5136,27.4733,-0.2654946446418762
Dniester (pumped storage),48.5136,27.4733,-0.2654946446418762
Dniprodzerzhynsk,48.5485,34.541,0.06413038074970245
Kakhovka,46.7786,33.3697,0.29985511302948
Kaniv,49.7665,31.4717,-0.0373360775411129
Kiev,50.5883,30.5118,0.07763887941837311
Kiev (pumped storage),50.6113,30.4902,-0.19652453064918518
Kremenchug,49.0748,33.2531,-0.43380069732666016
Tashlyk,47.7968,31.1811,-0.2436988353729248
Abhainn Gleann Nam Fiadh,56.7839,-4.7711,-0.5297335982322693
Achanalt,57.6161,-4.8326,-0.4969729483127594
Aigas,57.4574,-4.5453,-0.3472875952720642
Allt-na-Lairige,56.30722222,-4.86,-0.4585123062133789
Carsfad,55.14352,-4.18933,-0.49934688210487366
Cashlie,56.5475,-4.42944444,-0.5015456676483154
Cassley CASS-1,58.16861111,-4.72916667,-0.4565994143486023
Ceannacroc,57.155998,-4.936,-0.43394720554351807
Cia Aig,56.9537,-5.0076,-0.377777099609375
Clachan CLAC-1,56.27694444,-4.92138889,-0.4320395886898041
Clunie Cascade CLUN-1,56.71694444,-3.7775,-0.46450507640838623
Cruachan,56.394104,-5.114319,-0.45189571380615234
Cuaich,56.699001,-4.408,-0.5383090972900391
Cuileig Hydro Scheme,57.7633,-5.0392,-0.5261029601097107
Culligran,57.42555556,-4.7025,-0.4156618118286133
Dalchonzie,56.3734,-4.0411,-0.482758492231369
Deanie,57.4075,-4.84416667,-0.49181410670280457
Dinorwig,53.118744,-4.113624,-0.30891838669776917
Dolgarrog,53.1912,-3.8426,-0.3177175223827362
Drumjohn,55.24805556,-4.32638889,-0.45634251832962036
Earlstoun,55.11138889,-4.17444444,-0.456554114818573
Elan Valley Hydro Scheme,52.2946,-3.6144,-0.4031393826007843
Errochty ERRO-1,56.707001,-4.02,-0.42681777477264404
Fasnakyle Compensation Set,57.3272,-4.7946,-0.45604199171066284
Fasnakyle FASN-1,57.3272,-4.7946,-0.45604199171066284
